Timestamp,ID,Title,Description,Tags,Price,Zip_Path,Zip_MB,Status
2026-05-06T18:45:49,Poster-Academia-0001,Celestial Gateway Dark Academia Poster | Moonstone Architecture Study Decor | Digital Printable Wall Art 2x3 3x4 4x5 5x7 11x14,"Step through the Celestial Gateway into a realm of quiet contemplation. This premium digital printable wall art evokes the soul of dark academia—moonstone architecture, jade relic tones, and the silent wisdom of ancient study halls. Perfect for your reading nook, home library, or minimalist sanctuary. Please note: This is a DIGITAL DOWNLOAD. No physical item will be shipped. You will receive high-resolution files in ratios 2x3, 3x4, 4x5, 5x7, and 11x14, ready to print at your favorite lab or home printer. Colors may vary slightly depending on monitor and printer settings. Artwork disclosure: This piece was created with the assistance of AI, thoughtfully curated and refined by human hands to embody a premium, poetic aesthetic. Each print is a unique digital relic, designed to inspire focus and serenity. File size: 11.31 MB. Instant download after purchase.","dark academia, moonstone art, study decor, architecture print, celestial poster, digital download, printable wall art, quiet study, zen decor, jade relic, gothic arch, mystical print, premium poster",6.99,C:\AIprojects\openclaw_difi\Output\Digital\Printable_Wall_Art\Poster-Academia-0001_celestial-gateway-dark-academia-poster-12x18-study-decor-moonstone-architecture.zip,11.31,PUBLISHED_ETSY_UI_CONFIRMED
2026-05-06T18:45:54,Poster-Academia-0002,Dark Academia Obsidian Threshold Poster | Vintage Study Decor | Mentor Wisdom | Premium Digital Print | 12x18,"Step across the threshold of quiet contemplation with the Obsidian Threshold Poster—a premium digital printable wall art piece crafted for the dark academia aesthetic. This vintage study decor evokes mentor wisdom, jade relic stillness, and the deep focus of a scholar’s sanctuary. Designed for those who seek beauty in shadow and knowledge in silence. This is a digital download only—no physical item will be shipped. After purchase, you will receive high-resolution files in ratios 2x3, 3x4, 4x5, 5x7, and 11x14, ready to print at home or at your favorite print shop. Frame not included. Please note: This artwork was created with the assistance of AI, thoughtfully curated and refined to honor the dark academia spirit. The final design is a unique blend of human vision and digital artistry. Perfect for your study, library, or any space that craves a touch of the arcane and the poetic.","dark academia, vintage study decor, obsidian art, mentor wisdom, digital print, wall art, quiet study, premium poster, jade relic, 12x18, intellectual decor, poetic print, zen study",6.99,C:\AIprojects\openclaw_difi\Output\Digital\Printable_Wall_Art\Poster-Academia-0002_dark-academia-obsidian-threshold-poster-12x18-vintage-study-decor-mentor-wisdom.zip,12.63,PUBLISHED_ETSY_UI_CONFIRMED
2026-05-06T18:46:00,Poster-Academia-0003,"Dark Academia Serpentine Portal of Alchemical Texts | Digital Print for Study Decor, Mystical Wall Art, 12x18 Poster","Step into a realm where ancient wisdom coils through shadow and stone. The Serpentine Portal of Alchemical Texts invites you to linger in quiet study—a digital print that transforms your space into a sanctuary of thought and mystery. Crafted with reverence for the Dark Academia aesthetic, this piece blends the allure of jade relics, arcane symbols, and weathered parchment into a single, hypnotic composition. This is a DIGITAL DOWNLOAD only—no physical item will be shipped. Upon purchase, you will receive high-resolution files in multiple aspect ratios (2x3, 3x4, 4x5, 5x7, 11x14) for effortless printing at home or through a professional lab. Each file is optimized for vibrant, archival-quality results. Please note: This artwork was created with the assistance of AI, thoughtfully curated and refined by a human artist to evoke a timeless, hand-drawn feel. The final image is a unique fusion of digital imagination and poetic intent. Perfect for your reading nook, home library, or meditation corner—let this portal be a quiet companion to your deepest thoughts.","dark academia print, alchemical art, serpentine portal, study room decor, digital download, poetic wall art, mystical poster, jade relic art, quiet study decor, book lover gift, occult illustration, vintage text art, premium printable",6.99,C:\AIprojects\openclaw_difi\Output\Digital\Printable_Wall_Art\Poster-Academia-0003_dark-academia-serpentine-portal-of-alchemical-texts-12x18-poster-study-decor.zip,11.36,PUBLISHED_ETSY_UI_CONFIRMED
2026-05-06T18:46:05,Poster-Academia-0081,Celestial Armillary Sphere | Dark Academia Scholar Print | Vintage Astronomy Wall Art | 12x18 Digital Download | Quiet Study Decor,"A celestial armillary sphere, rendered in the hushed tones of a forgotten library. This premium digital print channels the soul of dark academia—a quiet relic of jade and ink, perfect for the scholar's study or the seeker of ancient truths. The intricate rings and celestial markings evoke a time when the stars were maps and the cosmos was poetry. This is a digital download—no physical item will be shipped. Upon purchase, you will receive high-resolution files in ratios 2x3, 3x4, 4x5, 5x7, and 11x14, ready to print at your favorite lab or at home. This artwork was created with the assistance of AI, thoughtfully guided by human curation to bring you a piece that feels both timeless and intentional. A quiet companion for your walls, born from the collaboration of imagination and technology.","armillary sphere, dark academia, scholar decor, vintage astronomy, study wall art, digital download, celestial print, antique map style, quiet study, jade relic, zen decor, poetic art, premium print",6.99,C:\AIprojects\openclaw_difi\Output\Digital\Printable_Wall_Art\Poster-Academia-0081_celestial-armillary-sphere-dark-academia-poster-12x18-scholar-study-decor-wall.zip,11.18,PUBLISHED_ETSY_UI_CONFIRMED
2026-05-06T18:46:10,Poster-Academia-0082,Celestial Armillary Codex | Vintage Astronomy Poster | Dark Academia Wall Art | 12x18 Digital Download,"Step into a quiet study where time and stars converge. The Celestial Armillary Codex is a premium digital printable wall art piece, evoking the hushed reverence of a scholar’s library. This vintage astronomy poster features an ornate armillary sphere, celestial diagrams, and weathered parchment tones — perfect for dark academia, Zen minimalism, or jade relic interiors. This is a DIGITAL DOWNLOAD. No physical item will be shipped. After purchase, you will receive high-resolution files in ratios 2x3, 3x4, 4x5, 5x7, and 11x14 (including a 12x18 option), ready to print at home or at your local print shop. This artwork was created with the assistance of AI, thoughtfully curated and refined to honor the timeless beauty of antique scientific illustrations. Download includes: 1 ZIP file (13.73 MB) with 5 ratio options. Colors may vary slightly depending on monitor and printer settings. For best results, print on matte or textured paper.","vintage astronomy, dark academia, celestial poster, armillary sphere, antique map art, study room decor, jade relic print, scientific illustrat, old world map, library wall art, digital download, 12x18 poster, academia aesthetic",6.99,C:\AIprojects\openclaw_difi\Output\Digital\Printable_Wall_Art\Poster-Academia-0082_celestial-armillary-codex-academia-poster-12x18-vintage-astronomy-decor-wall.zip,13.73,PUBLISHED_ETSY_UI_CONFIRMED
2026-05-06T18:46:16,Poster-Academia-0083,Cosmic Lotus Observatory | Steampunk Academia Mentor-Grade Poster | Dark Academia Wall Art | Jade Relic Quiet Study Decor | Digital Download,"Step into a realm where celestial mechanics meet botanical grace. The Cosmic Lotus Observatory is a mentor-grade digital artwork that fuses steampunk precision with the quiet elegance of a jade relic. Designed for the seeker of wisdom, this piece transforms any study, library, or meditation space into a sanctuary of quiet contemplation. This is a DIGITAL DOWNLOAD — no physical item will be shipped. After purchase, you will receive high-resolution files in the following aspect ratios: 2x3, 3x4, 4x5, 5x7, and 11x14. Perfect for printing at home or through a professional lab. Frame not included. Please note: This artwork was created with the assistance of AI, thoughtfully curated and refined to ensure a premium, poetic aesthetic that honors the spirit of academia and the cosmos. © All rights reserved. For personal use only.","digital download, dark academia, steampunk art, lotus observatory, study decor, jade relic, mentor grade, cosmic lotus, 12x18 poster, quiet study, premium print, academia wall, zen decor",12.99,C:\AIprojects\openclaw_difi\Output\Digital\Printable_Wall_Art\Poster-Academia-0083_academia-mentor-grade-cosmic-lotus-observatory-12x18-poster-steampunk-study.zip,10.09,PUBLISHED_ETSY_UI_CONFIRMED
2026-05-06T18:46:22,Poster-Academia-0084,Astrolabe Chalice Relic Dark Academia Poster | Vintage Study Decor | 12x18 Digital Download | Printable Wall Art for Quiet Scholar Spaces,"Step into a hushed world of parchment and candlelight with this premium digital printable wall art—a hauntingly beautiful astrolabe chalice relic rendered in dark academia tones. Designed for the discerning scholar, this 12x18-inch artwork evokes the quiet mystery of an ancient study, where jade relics and celestial instruments whisper forgotten truths. This is a DIGITAL DOWNLOAD. No physical item will be shipped. After purchase, you will receive high-resolution files in multiple aspect ratios (2x3, 3x4, 4x5, 5x7, 11x14) for effortless printing at home or through a professional lab. Please note: This artwork was created with the assistance of AI tools, thoughtfully refined to capture the poetic, timeworn essence of vintage study decor. Each print is a unique digital composition, not a reproduction of an original physical artifact. Frame not included. Colors may vary slightly depending on monitor and printer settings. For best results, print on matte paper or archival-quality stock. Perfect for libraries, home offices, reading nooks, or as a contemplative gift for lovers of dark academia, astronomy, and quiet elegance.","darkacademia, vintageposter, astrolabeart, studydecor, digitaldownload, printablewallart, scholargift, mysticalchalice, jaderelic, quietstudy, antiqueprint, wallartprint, homelibrary",6.99,C:\AIprojects\openclaw_difi\Output\Digital\Printable_Wall_Art\Poster-Academia-0084_astrolabe-chalice-relic-dark-academia-poster-12x18-vintage-study-decor-wall.zip,12.08,PUBLISHED_ETSY_UI_CONFIRMED
2026-05-06T18:46:27,Poster-Academia-0085,Orrery Lighthouse Beacon | Dark Academia Astronomy Print | Vintage Celestial Wall Art | 12x18 Digital Download | Quiet Study Decor,"A celestial beacon for the contemplative soul. This premium digital printable wall art presents an orrery intertwined with a lighthouse—a quiet sentinel of cosmic time. Rendered in vintage sepia and muted jade tones, it evokes the hushed reverence of a scholar's study, where ancient astronomy meets poetic solitude. This is a digital download—no physical item will be shipped. You will receive high-resolution files in the following aspect ratios: 2:3, 3:4, 4:5, 5:7, and 11:14, suitable for printing at sizes from 4x6 to 16x20 inches. Perfect for framing in a home library, reading nook, or minimalist gallery wall. Artwork disclosure: This piece was created with the assistance of AI tools, thoughtfully guided by human curation to achieve its vintage, hand-drawn aesthetic. Each print is a unique digital artifact, blending algorithmic inspiration with artisanal vision. Print at home or at your favorite local print shop. Colors may vary slightly between monitors and printed media. For best results, use matte or textured paper to preserve the antique feel.","dark academia, vintage astronomy, orrery art, lighthouse print, celestial poster, study room decor, antique map style, jade relic, quiet study, digital download, home library art, solar system, poetic wall art",6.99,C:\AIprojects\openclaw_difi\Output\Digital\Printable_Wall_Art\Poster-Academia-0085_orrery-lighthouse-beacon-dark-academia-poster-12x18-vintage-astronomy-wall-art.zip,11.11,PUBLISHED_ETSY_UI_CONFIRMED
2026-05-06T18:46:32,Poster-Academia-0091,Dark Academia Celestial Lotus Poster | Vintage Study Room Wall Art | 12x18 Printable Digital Download | Zen Jade Relic Decor,"Step into a world of quiet contemplation with our Dark Academia Celestial Lotus Poster. This premium digital printable wall art evokes the serene wisdom of a vintage study room, where ancient jade relics meet celestial blooms. Perfect for scholars, dreamers, and seekers of the sublime, this piece transforms any space into a sanctuary of thought and beauty. This is a DIGITAL DOWNLOAD. No physical item will be shipped. You will receive high-resolution files in ratios 2x3, 3x4, 4x5, 5x7, and 11x14, ready to print at home or at your preferred print shop. Artwork Disclosure: This design was created with the assistance of AI, thoughtfully curated and refined to capture the essence of dark academia and Zen aesthetics. Each detail is a blend of human vision and digital artistry, ensuring a unique and evocative piece for your collection.","dark academia, celestial lotus, vintage wall art, study room decor, printable poster, digital download, zen decor, jade relic, quiet study, 12x18 poster, boho wall art, mystical print, home library",6.99,C:\AIprojects\openclaw_difi\Output\Digital\Printable_Wall_Art\Poster-Academia-0091_dark-academia-celestial-lotus-poster-12x18-vintage-study-room-wall-art-decor.zip,9.17,PUBLISHED_ETSY_UI_CONFIRMED
2026-05-06T18:46:36,Poster-Zen-0001,Zen Bonsai Wall Art | Celestial Gate of Jade Mist | Premium Digital Print | Meditation Decor | Dark Academia Poster,"Step through the Celestial Gate of Jade Mist—a serene Zen bonsai composition where ancient roots cradle a luminous portal. This premium digital printable wall art invites stillness, wisdom, and quiet contemplation into your study, meditation nook, or dark academia sanctuary. ✦ DIGITAL DOWNLOAD ONLY – No physical item will be shipped. You will receive high-resolution files in ratios: 2x3, 3x4, 4x5, 5x7, and 11x14 (sizes up to 24x36 inches). Print at home or through a professional lab for a gallery-quality finish. ✦ AI-assisted artwork disclosure: This piece was created with the aid of generative AI, then refined by human artistry to evoke the timeless essence of jade relics and misty Zen gardens. ✦ Perfect for: meditation spaces, home offices, libraries, or as a thoughtful gift for the mindful soul.","zen bonsai art, jade mist print, digital wall decor, meditation poster, dark academia, quiet study decor, 12x18 printable, instant download, bonsai tree art, celestial gate, minimalist zen, relic aesthetic, premium poster",9.99,C:\AIprojects\openclaw_difi\Output\Digital\Printable_Wall_Art\Poster-Zen-0001_zen-bonsai-wall-art-celestial-gate-of-jade-mist-12x18-poster-meditation-decor.zip,11.28,PUBLISHED_ETSY_UI_CONFIRMED
2026-05-06T21:02:34,Poster-Zen-0002,Dark Academia Phoenix Incense Burner Poster | Ritual Zen Study Decor | 12x18 Printable Wall Art,"This is a premium digital printable wall art piece—no physical item will be shipped. You will receive a high-resolution digital download (9.97 MB ZIP file) in five versatile aspect ratios: 2x3, 3x4, 4x5, 5x7, and 11x14, perfect for framing or printing at your preferred size. Immerse your space in the quiet mystique of a dark academia sanctuary. The phoenix, rendered in jade relic tones, rises from an incense burner amidst shadowed ritual and Zen stillness. This artwork evokes the poetry of ancient study rooms, where wisdom and reverie converge. Please note: This artwork was created with the assistance of AI, refined by human curation to ensure a premium, evocative aesthetic. For personal use only—commercial use is not permitted. Download, print, and let the phoenix guard your quiet corner.","dark academia, incense burner art, phoenix poster, zen study decor, printable wall art, ritual decor, jade relic print, quiet study art, digital download, 12x18 poster, mystical wall art, boho academia, meditation room",9.97,C:\AIprojects\openclaw_difi\Output\Digital\Printable_Wall_Art\Poster-Zen-0002_dark-academia-phoenix-incense-burner-12x18-poster-ritual-zen-decor-wall-study.zip,9.97,READY_FOR_ETSY_DRAFT
2026-05-06T21:02:40,Poster-Zen-0004,Zen Celestial Compass Poster | Premium Printable Wall Art | Dark Academia Study Decor | Jade Relic Aesthetic | Calm Library Gift,"This is a premium digital printable wall art listing. No physical item will be shipped. You will receive a high-resolution digital file (11.33 MB) in multiple aspect ratios: 2x3, 3x4, 4x5, 5x7, and 11x14, ready to print at your preferred size. Embrace the quiet elegance of the Zen Celestial Compass—a fusion of dark academia’s scholarly depth and the serene glow of jade relic tones. Designed for the seeker of calm, this piece transforms your study, library, or meditation nook into a sanctuary of focused stillness. The intricate compass motif invites contemplation, while the muted palette whispers of ancient wisdom and modern minimalism. Please note: This artwork was created with the assistance of AI tools, thoughtfully curated to evoke a premium, handcrafted feel. Perfect as a thoughtful gift for the thoughtful soul. © All rights reserved. For personal use only.","celestial compass, zen wall art, dark academia, printable poster, study room decor, jade aesthetic, library gift, calm decor, digital download, 12x18 art, minimalist print, quiet study, relic art",12.99,C:\AIprojects\openclaw_difi\Output\Digital\Printable_Wall_Art\Poster-Zen-0004_zen-celestial-compass-poster-12x18-wall-art-calm-study-decor-library-gift-room.zip,11.33,READY_FOR_ETSY_DRAFT
2026-05-06T21:02:47,Poster-Zen-0005,"Zen Phoenix Rebirth Vessel | Premium Digital Print for Meditation Room Decor, Dark Academia Wall Art, Jade Relic Study Poster","Elevate your sanctuary with the Zen Phoenix Rebirth Vessel—a premium digital printable wall art piece that fuses the timeless grace of the phoenix with the quiet elegance of dark academia and jade relic aesthetics. This 12x18-inch poster is designed to transform meditation rooms, study nooks, or any space seeking a touch of poetic rebirth and serene focus. **Please note:** This is a **digital download**—no physical item will be shipped. You will receive high-resolution files in multiple aspect ratios (2:3, 3:4, 4:5, 5:7, 11:14) for versatile printing at home or through a professional lab. **Artwork Disclosure:** This piece was created with the assistance of AI, thoughtfully guided by human curation to capture the soul of Zen and relic-inspired beauty. Every detail is crafted to evoke a sense of quiet transformation. **What’s included:** - 5 high-resolution JPG files (300 DPI) in ratios: 2x3, 3x4, 4x5, 5x7, 11x14 - Instant download after purchase - Unlimited personal use prints **Ideal for:** - Meditation room decor - Dark academia study walls - Boho or minimalist interiors - Gift for seekers of rebirth and calm Frame not included. Colors may vary slightly due to monitor settings. For best results, print on premium matte or luster paper.","digital download, phoenix art, zen decor, meditation room, dark academia, jade relic, wall art poster, printable art, study decor, rebirth symbol, boho wall art, instant download, home office",6.99,C:\AIprojects\openclaw_difi\Output\Digital\Printable_Wall_Art\Poster-Zen-0005_zen-phoenix-rebirth-vessel-12x18-poster-for-meditation-room-decor-wall-study.zip,12.09,READY_FOR_ETSY_DRAFT
2026-05-06T21:02:54,Poster-Academia-0005,Arcane Archway of Forbidden Chronicles | Dark Academia Study Room Poster | Premium Digital Print | 12x18 & More Ratios,"Step through the arcane archway into a world of forbidden chronicles and quiet contemplation. This premium digital printable wall art captures the essence of dark academia—a moody, jade-toned study scene that whispers of ancient tomes, secret knowledge, and the serene focus of a scholar’s retreat. Perfect for a home library, study nook, or any space that craves intellectual elegance. This is a DIGITAL DOWNLOAD. No physical item will be shipped. You will receive high-resolution files in multiple aspect ratios (2:3, 3:4, 4:5, 5:7, 11:14) for versatile printing up to 12x18 inches. Simply download, print at home or your local print shop, and frame. Artwork Disclosure: This piece was created with the assistance of AI tools, refined by human artistry to ensure a unique, premium aesthetic. Every detail is crafted to evoke the quiet magic of a forgotten library. File size: 14.02 MB compressed ZIP. Colors may vary slightly between monitors and printed output. For best results, use high-quality matte or luster paper.","darkacademia, studyroomdecor, digitaldownload, posterprint, booklovergift, mysticalart, jadetones, quietstudy, wallart, printableposter, homelibrary, intellectualdecor, gothicelegance",9.99,C:\AIprojects\openclaw_difi\Output\Digital\Printable_Wall_Art\Poster-Academia-0005_arcane-archway-of-forbidden-chronicles-dark-academia-12x18-poster-study-room.zip,14.02,READY_FOR_ETSY_DRAFT
2026-05-06T21:03:00,Poster-Academia-0006,Dark Academia Ethereal Torii Gate Poster | Scholarly Ascension Printable Wall Art | Zen Study Room Decor | 2x3 3x4 4x5 5x7 11x14,"Step into a realm where ancient wisdom and quiet contemplation converge. This Dark Academia Ethereal Torii Poster invites you to ascend into scholarly reverie—a gate between the mundane and the sublime, rendered in muted jade and shadow. Perfect for your study, library, or sacred reading nook. This is a digital download—no physical item will be shipped. You will receive high-resolution files in 2x3, 3x4, 4x5, 5x7, and 11x14 ratios, ready to print at home or at your favorite print shop. Colors may vary slightly depending on your monitor and printer settings. This artwork was created with the assistance of AI, thoughtfully refined to capture the poetic stillness of a torii gate at dawn. Each detail is curated for those who seek beauty in the liminal. Please note: This purchase is for personal use only. Commercial use, resale, or redistribution is not permitted. For questions or custom sizes, feel free to message me. Elevate your space with a piece that whispers of ancient paths and endless learning.","dark academia art, torii gate print, study room decor, scholarly wall art, printable poster, zen study decor, ethereal landscape, minimalist print, intellectual gift, jade aesthetic, quiet study decor, digital download art, premium wall print",6.99,C:\AIprojects\openclaw_difi\Output\Digital\Printable_Wall_Art\Poster-Academia-0006_dark-academia-ethereal-torii-poster-12x18-study-room-decor-scholarly-ascension.zip,11.91,READY_FOR_ETSY_DRAFT
2026-05-06T21:03:05,Poster-Academia-0008,Dark Academia Mystic Threshold Infinite Knowledge Poster | Study Decor Printable Wall Art | Jade Relic Quiet Aesthetic,"Step through the mystic threshold where quiet contemplation meets infinite knowledge. This premium digital printable wall art evokes the soul of dark academia—a jade relic of wisdom, a sanctuary for study and reflection. Perfect for the library, home office, or any space that craves poetic stillness. Please note: This is a digital download only—no physical item will be shipped. After purchase, you will receive high-resolution files in ratios 2x3, 3x4, 4x5, 5x7, and 11x14, ready for printing at your preferred size (up to 12x18). This artwork was created with the assistance of AI, thoughtfully refined to capture the essence of quiet study and timeless beauty. Print at home or through a professional service for a gallery-quality finish. Embrace the threshold. Let knowledge unfold.","dark academia, study decor, printable wall art, mystic poster, jade relic, quiet aesthetic, book lover gift, library print, knowledge poster, digital download, minimalist art, home office, academic decor",6.99,C:\AIprojects\openclaw_difi\Output\Digital\Printable_Wall_Art\Poster-Academia-0008_dark-academia-mystic-threshold-infinite-knowledge-poster-12x18-study-decor-wall.zip,13.75,READY_FOR_ETSY_DRAFT
2026-05-06T21:03:11,Poster-Academia-0009,Dark Academia Sanctum Gate of Preserved Wisdom | Printable Study Decor Wall Art | Jade Relic Poster | Quiet Scholar Print,"Step into a realm of quiet contemplation with the Sanctum Gate of Preserved Wisdom. This premium digital printable wall art evokes the hushed reverence of a forgotten library, where jade-toned relics guard the thresholds of ancient knowledge. Perfect for the studious soul, this piece blends dark academia aesthetics with a Zen-like stillness, inviting focus and introspection into your study, reading nook, or home library. This is a digital download — no physical item will be shipped. You will receive high-resolution files in the following aspect ratios: 2x3, 3x4, 4x5, 5x7, and 11x14, ensuring a perfect fit for standard frame sizes. Simply download, print at home or at your preferred print shop, and frame. Please note: This artwork was created with the assistance of AI tools, thoughtfully curated and refined to capture the mood of a timeless, scholarly sanctuary. Each print is a unique digital rendering, not a reproduction of a physical original. © All rights reserved. For personal use only.","dark academia, study decor, printable wall art, jade relic, scholar print, quiet study, digital download, poster, book lover gift, library decor, gothic art, minimalist print, zen study",6.99,C:\AIprojects\openclaw_difi\Output\Digital\Printable_Wall_Art\Poster-Academia-0009_dark-academia-sanctum-gate-of-preserved-wisdom-12x18-poster-study-decor-wall.zip,12.43,READY_FOR_ETSY_DRAFT
2026-05-06T21:03:17,Poster-Academia-0010,Dark Academia Hermetic Portal of Ancient Codices | Digital Print | 12x18 Poster | Quiet Study Decor | Jade Relic Aesthetic | Premium Wall,"Step into a realm where time folds and wisdom whispers from the margins of forgotten tomes. This premium digital printable wall art, 'Dark Academia Hermetic Portal of Ancient Codices,' evokes the quiet reverence of a scholar’s sanctuary—where jade-hued relics and arcane symbols guard the thresholds of hidden knowledge. Designed for the discerning aesthete, this piece transforms any study, library, or reading nook into a portal of contemplative beauty. Please note: This is a digital download only. No physical item will be shipped. You will receive high-resolution files in ratios: 2x3, 3x4, 4x5, 5x7, and 11x14, ready to print at your preferred size (including 12x18). Colors may vary slightly depending on your monitor and printer settings. This artwork was created with the assistance of AI, thoughtfully curated and refined to honor the timeless spirit of dark academia and quiet study. Perfect for those who seek beauty in the arcane and the serene.","dark academia, hermetic portal, ancient codices, digital print, study decor, jade relic, quiet aesthetic, 12x18 poster, premium wall art, bookish decor, occult art, library poster, mystical print",12.99,C:\AIprojects\openclaw_difi\Output\Digital\Printable_Wall_Art\Poster-Academia-0010_dark-academia-hermetic-portal-of-ancient-codices-12x18-poster-study-decor-wall.zip,13.15,READY_FOR_ETSY_DRAFT
2026-05-06T21:03:24,Poster-Academia-0011,Dark Academia Celestial Archway Poster | Timeless Tomes Study Room Decor | Printable Digital Download 2x3 3x4 4x5 5x7 11x14,"Step into a realm of quiet contemplation with this Dark Academia Celestial Archway print. Designed for the discerning scholar and lover of timeless tomes, this digital artwork evokes the hushed reverence of a forgotten library beneath a star-strewn sky. The archway frames a celestial passage, inviting introspection and the pursuit of wisdom. Perfect for a study, reading nook, or home library, this piece blends the elegance of dark academia with the mystique of celestial motifs. This is a digital download only — no physical item will be shipped. After purchase, you will receive high-resolution files in the following aspect ratios: 2x3 (e.g., 4x6, 6x9, 12x18), 3x4 (e.g., 6x8, 9x12, 12x16), 4x5 (e.g., 8x10, 12x15, 16x20), 5x7 (e.g., 5x7, A5, 10x14), and 11x14. Each file is optimized for premium printing on your choice of paper or canvas. Please note that colors may vary slightly depending on your monitor and printer settings. This artwork was created with the assistance of AI tools, thoughtfully curated and refined to bring you a unique, high-quality design. Frame and props shown in mockups are for illustration only and are not included. For personal use only; commercial use is not permitted. Enjoy the quiet beauty of this celestial archway in your sacred space.","dark academia, celestial archway, study room decor, digital download, printable wall art, timeless tomes, book lover gift, quiet study, jade relic, premium poster, instant download, vintage print, home library",6.99,C:\AIprojects\openclaw_difi\Output\Digital\Printable_Wall_Art\Poster-Academia-0011_dark-academia-celestial-archway-poster-12x18-study-room-decor-timeless-tomes.zip,12.37,READY_FOR_ETSY_DRAFT
2026-05-06T21:03:30,Poster-Academia-0013,Dark Academia Alchemist Threshold Transmuted Knowledge Digital Print | Premium Study Decor 12x18,"Step across the threshold of transmuted knowledge with this premium digital wall art, designed for the quiet sanctuary of the studious soul. A dark academia alchemist composition, imbued with the serene energy of a jade relic, invites contemplation and intellectual pursuit. This is a digital download—no physical item will be shipped. Upon purchase, you will receive a high-resolution ZIP file (12.46 MB) containing printable files in the following aspect ratios: 2x3, 3x4, 4x5, 5x7, and 11x14. Perfect for framing or displaying as a study decor centerpiece. This artwork was created with AI assistance, thoughtfully curated and refined to evoke a timeless, poetic aesthetic. Please note that colors may vary slightly depending on your monitor and printer settings. For best results, print on premium matte or luster paper.","dark academia print, alchemist art, study decor, knowledge poster, jade relic, premium wall art, digital download, quiet study, transmuted wisdom, 12x18 poster, printable art, vintage aesthetic, academic decor",6.99,C:\AIprojects\openclaw_difi\Output\Digital\Printable_Wall_Art\Poster-Academia-0013_dark-academia-alchemist-threshold-transmuted-knowledge-12x18-poster-study-decor.zip,12.46,READY_FOR_ETSY_DRAFT
2026-05-06T21:03:35,Poster-Academia-0014,Dark Academia Oracle Portal Prophetic Scriptures 12x18 Poster Study Decor Wall Art Digital Download Premium Print,"Step into the quiet sanctum of the mind with this Dark Academia Oracle Portal poster—a prophetic scripture of ink and shadow, framed for the seeker of hidden knowledge. This premium digital printable wall art evokes the solemn beauty of ancient libraries, jade relics, and the hush of a study lit by candlelight. Perfect for adorning a scholar's nook, a meditation corner, or a space where thoughts turn to the arcane. This is a digital download only—no physical item will be shipped. Upon purchase, you will receive a ZIP file (13.45 MB) containing high-resolution JPEG files in the following aspect ratios: 2x3, 3x4, 4x5, 5x7, and 11x14. Print at home or at your local print shop for a timeless, premium finish. Artwork Disclosure: This piece was created with the assistance of AI, thoughtfully curated and refined to capture the essence of dark academia and prophetic stillness. Each detail is a collaboration between human vision and machine imagination, resulting in a unique artifact for your walls.","dark academia, oracle portal, prophetic art, study decor, 12x18 poster, digital download, wall art print, mystical decor, quiet study, jade relic, premium print, scripture art, zen decor",6.99,C:\AIprojects\openclaw_difi\Output\Digital\Printable_Wall_Art\Poster-Academia-0014_dark-academia-oracle-portal-prophetic-scriptures-12x18-poster-study-decor-wall.zip,13.45,READY_FOR_ETSY_DRAFT
2026-05-06T21:03:42,Poster-Academia-0017,"Magister Torii | Dark Academia Poster Scholarly Study Decor, Digital Download, Premium Printable Wall Art","Step into a world of quiet reverence and intellectual pursuit with the Magister Torii – a premium digital printable wall art piece that fuses the solemn beauty of dark academia with the serene elegance of a jade relic. This artwork evokes the stillness of a scholar’s study, where ancient wisdom meets modern minimalism. This is a DIGITAL DOWNLOAD – no physical item will be shipped. Upon purchase, you will receive high-resolution files in multiple aspect ratios (2:3, 3:4, 4:5, 5:7, 11:14) to fit frames from 12x18 inches to 11x14 inches. The zip file is 11.10 MB. Simply download, print at home or at a professional lab, and frame to transform your space. Please note: This artwork was created with the assistance of AI tools, curated and refined by human artistry to ensure a premium, poetic finish. Colors may vary slightly between screens and printed results. For personal use only; commercial reproduction is prohibited. Perfect for the scholar, the dreamer, or anyone seeking a touch of quiet grandeur in their sanctuary.","dark academia, study decor, digital download, printable wall art, torii print, scholarly gift, quiet study, jade aesthetic, premium poster, zen decor, antique art, minimalist print, intellectual gift",6.99,C:\AIprojects\openclaw_difi\Output\Digital\Printable_Wall_Art\Poster-Academia-0017_dark-academia-poster-12x18-magister-torii-study-decor-scholarly-gift-wall-room.zip,11.10,READY_FOR_ETSY_DRAFT
2026-05-06T21:03:47,Poster-Academia-0019,Dark Academia Archivist Gateway | Vintage Study Room Wall Art | Digital Printable Poster for Quiet Contemplation | Jade Relic Decor,"Step into a world of hushed corridors and leather-bound whispers. The Archivist Gateway invites you to a realm where time slows and knowledge breathes. This premium digital printable wall art captures the essence of dark academia—a vintage study room scene drenched in sepia tones and jade shadows, perfect for the quiet scholar or the dreamer of forgotten libraries. This is a digital download only. No physical item will be shipped. After purchase, you will receive high-resolution files in ratios 2x3, 3x4, 4x5, 5x7, and 11x14—ready to print at home or at your favorite print shop. Colors may vary slightly between screens and printed media. Artwork disclosure: This piece was created with the assistance of AI tools, thoughtfully guided and refined by human artistry to evoke a timeless, hand-illustrated feel. Each detail has been curated to honor the quiet beauty of the dark academia aesthetic. Print at your leisure, frame with reverence, and let the gateway open.","dark academia, vintage poster, study room decor, digital download, printable wall art, archivist art, quiet study decor, jade relic, book lover gift, literary decor, antique style, home office art, scholarly print",8.5,C:\AIprojects\openclaw_difi\Output\Digital\Printable_Wall_Art\Poster-Academia-0019_dark-academia-archivist-gateway-poster-12x18-vintage-study-room-decor-wall-gift.zip,11.08,READY_FOR_ETSY_DRAFT
2026-05-06T21:03:53,Poster-Academia-0020,Dark Academia Mentor Threshold Poster | Intellectual Study Room Wall Art | Premium Digital Printable 2x3 3x4 4x5 5x7 11x14,"Step into the hallowed quiet of a scholar’s sanctuary with this Dark Academia Mentor Threshold poster. A poetic ode to the wisdom of quiet mentorship, this digital printable wall art evokes the stillness of a jade relic—a threshold between thought and knowing. Designed for the discerning eye, it transforms study rooms, libraries, and contemplative corners into realms of intellectual grace. This is a DIGITAL DOWNLOAD. No physical item will be shipped. You will receive high-resolution files in ratios 2x3, 3x4, 4x5, 5x7, and 11x14, optimized for printing at home or through a professional service. Simply download, print, and frame to suit your space. Artwork Disclosure: This piece was created with the assistance of AI tools, thoughtfully curated and refined to embody the quiet elegance of dark academia. Each detail is a collaboration between human vision and digital craft, ensuring a premium, one-of-a-kind aesthetic.","dark academia, intellectual decor, study room art, mentor poster, printable wall art, digital download, quiet study decor, jade relic, poetic print, premium poster, home library, literary art, contemplative",6.99,C:\AIprojects\openclaw_difi\Output\Digital\Printable_Wall_Art\Poster-Academia-0020_dark-academia-mentor-threshold-poster-12x18-intellectual-study-room-decor-wall.zip,11.88,READY_FOR_ETSY_DRAFT
2026-05-06T21:03:59,Poster-Academia-0022,"Dark Academia Temporal Reliquary Bell Jar Poster | Vintage Study Decor, Library Wall Art, Antique Botanical Print, 12x18 Digital Download","Step into a realm of quiet reverence with the Temporal Reliquary Bell Jar—a digital artwork that cradles the soul of a forgotten library. This premium print evokes the hushed poetry of dark academia, where time slows amid gilded spines and jade-toned curiosities. **Please note:** This is a digital download—no physical item will be shipped. You will receive high-resolution files in ratios 2:3, 3:4, 4:5, 5:7, and 11:14, ready to print at home or through your favorite professional lab. **Artwork Disclosure:** This piece was created with the assistance of AI, thoughtfully curated and refined to honor the antique aesthetic. Each detail is a collaboration between human vision and digital craft, offered as a unique artifact for your sanctuary. Print at your leisure, frame with intention, and let this reliquary whisper stories of ink and eternity.","darkacademia, belljarposter, vintagestudy, librarywallart, antiquebotanical, digitaldownload, printablewallart, studydecor, gothicprint, curiocabinet, jaderelic, quietaesthetic, premiumposter",8.5,C:\AIprojects\openclaw_difi\Output\Digital\Printable_Wall_Art\Poster-Academia-0022_dark-academia-temporal-reliquary-bell-jar-12x18-poster-study-decor-wall-library.zip,13.36,READY_FOR_ETSY_DRAFT
2026-05-06T21:04:04,Poster-Academia-0023,Hermetic Knowledge Lantern | Dark Academia Library Poster | Digital Printable Wall Art for Quiet Study & Premium Zen Decor,"Illuminate your sanctuary of thought with the Hermetic Knowledge Lantern—a premium digital printable wall art piece that whispers of ancient libraries, quiet study, and the luminous pursuit of wisdom. Designed for the discerning soul who treasures dark academia aesthetics, this poster blends the warmth of a glowing lantern with the mystique of hermetic knowledge, evoking a timeless, scholarly atmosphere. This is a digital download only—no physical item will be shipped. Upon purchase, you will receive high-resolution files in the following aspect ratios: 2x3, 3x4, 4x5, 5x7, and 11x14, ensuring a perfect fit for frames of your choice. Simply download, print at home or at a professional lab, and frame to transform your space. Please note: This artwork was created with the assistance of AI, thoughtfully curated and refined to embody the premium, poetic spirit of quiet study and Zen-inspired decor.","dark academia, library decor, printable wall art, digital download, study room decor, hermetic art, lantern poster, book lover gift, quiet study decor, premium zen, jade relic, home office art, academic wall art",12.99,C:\AIprojects\openclaw_difi\Output\Digital\Printable_Wall_Art\Poster-Academia-0023_hermetic-knowledge-lantern-dark-academia-poster-12x18-library-decor-wall-study.zip,12.81,READY_FOR_ETSY_DRAFT
2026-05-06T21:04:09,Poster-Academia-0024,Dark Academia Industrial Library Pressure Chamber Poster | Vintage Study Decor | Premium Digital Print for Quiet Reading Nook,"Step into a world of quiet contemplation with this Dark Academia Industrial Library Pressure Chamber poster. Crafted for those who find beauty in weathered leather, brass fixtures, and the scent of old paper, this premium digital print evokes the solemn grandeur of a forgotten archive. The composition balances industrial strength with scholarly stillness—a pressure chamber of thought, preserved in sepia and shadow. This is a digital download only. No physical item will be shipped. After purchase, you will receive high-resolution files in 2x3, 3x4, 4x5, 5x7, and 11x14 ratios, ready to print at home or at your favorite print shop. Please note: This artwork was created with the assistance of AI tools, thoughtfully refined to honor the aesthetic of quiet study and vintage elegance. Perfect for a reading nook, home library, or as a unique gift for the bookish soul.","dark academia, library poster, vintage decor, industrial print, study room art, book lover gift, quiet reading nook, pressure chamber, jade relic, digital download, wall art printable, 12x18 poster, premium zen",6.99,C:\AIprojects\openclaw_difi\Output\Digital\Printable_Wall_Art\Poster-Academia-0024_dark-academia-industrial-library-pressure-chamber-poster-12x18-vintage-decor.zip,14.63,READY_FOR_ETSY_DRAFT
2026-05-06T21:04:15,Poster-Academia-0025,Dark Academia Chrono-Codex Terrarium Print | Vintage Library Study Decor | Premium Digital Wall Art | Jade Relic Poster | Quiet Scholar Gift,"Step into a world of quiet contemplation with the Chrono-Codex Terrarium—a premium digital wall art print that blends the soul of dark academia with the mystique of a jade relic. This 12x18 poster invites you to lose yourself in layered shelves of ancient knowledge, encased in a glass terrarium of time. Perfect for the library, study, or any space that craves intellectual elegance. This is a DIGITAL DOWNLOAD. No physical item will be shipped. After purchase, you will receive high-resolution files in the following aspect ratios: 2x3, 3x4, 4x5, 5x7, and 11x14. Print at home or through a professional lab for a stunning, gallery-quality finish. Artwork Disclosure: This piece was created with the assistance of AI, then thoughtfully curated and refined by hand to ensure a unique, premium aesthetic. Each digital file is crafted to bring a touch of the arcane into your modern sanctuary.","dark academia, vintage library, study decor, digital print, wall art, bookish decor, scholar gift, terrarium art, jade relic, quiet study, poster download, home office, antique aesthetic",6.99,C:\AIprojects\openclaw_difi\Output\Digital\Printable_Wall_Art\Poster-Academia-0025_dark-academia-chrono-codex-terrarium-12x18-poster-library-decor-wall-study-gift.zip,12.33,READY_FOR_ETSY_DRAFT
2026-05-06T21:04:21,Poster-Academia-0026,Dark Academia Apothecary Cylinder Poster | Vintage Study Decor | Printable Library Wall Art | 12x18 | Jade Relic Quiet Study Print,"Step into a world of hushed corridors and ancient wisdom with this Dark Academia Apothecary Cylinder poster. A jade relic of quiet study, this digital printable wall art evokes the scent of old leather, the glow of a reading lamp, and the mystery of forgotten apothecary jars. Perfect for your library, study, or any space that craves vintage elegance. This is a DIGITAL DOWNLOAD — no physical item will be shipped. You will receive high-resolution files in the following aspect ratios: 2x3, 3x4, 4x5, 5x7, and 11x14, ensuring a perfect fit for frames up to 12x18 inches. Simply download, print at home or at your local print shop, and frame. Please note: This artwork was created with the assistance of AI, thoughtfully curated and refined to capture the premium, poetic spirit of quiet study decor.","dark academia, apothecary print, vintage study decor, library wall art, printable poster, jade relic art, quiet study, book lover gift, 12x18 poster, digital download, botanical print, antique aesthetic, home office decor",9.99,C:\AIprojects\openclaw_difi\Output\Digital\Printable_Wall_Art\Poster-Academia-0026_dark-academia-apothecary-cylinder-12x18-poster-vintage-study-decor-wall-library.zip,13.75,READY_FOR_ETSY_DRAFT
2026-05-06T21:04:28,Poster-Academia-0027,Dark Academia Astrolabe Dome Print | Vintage Study Room Decor | Quiet Study Wall Art | Premium Digital Download | 2:3 3:4 4:5 5:7 11:14,"Step into a world of quiet contemplation with this Dark Academia Astrolabe Dome print. A celestial relic rendered in aged parchment tones, it evokes the hushed reverence of a scholar’s library, where time and knowledge intertwine. Perfect for the studious soul who finds beauty in the arcane, this piece transforms any wall into a portal to forgotten wisdom. This is a digital download — no physical item will be shipped. After purchase, you will receive high-resolution files in ratios 2:3, 3:4, 4:5, 5:7, and 11x14, ready to print at home or through a professional service. Colors may vary slightly depending on your monitor and printer settings. Artwork disclosure: This design was created with the assistance of AI, thoughtfully curated and refined by human hands to ensure a premium, poetic aesthetic. It is a unique blend of algorithm and artistry, crafted for those who appreciate the beauty of both tradition and innovation. Print at your leisure, frame with intention, and let this quiet study companion inspire your daily rituals of learning and reflection.","dark academia, astrolabe dome, vintage study, library wall art, digital download, study room decor, quiet study, premium print, jade relic, zen decor, intellectual art, poetic decor, printable art",6.99,C:\AIprojects\openclaw_difi\Output\Digital\Printable_Wall_Art\Poster-Academia-0027_dark-academia-astrolabe-dome-poster-12x18-vintage-study-room-decor-wall-library.zip,15.23,READY_FOR_ETSY_DRAFT
2026-05-06T21:04:34,Poster-Academia-0028,Dark Academia Alchemist Retort Library Poster | Vintage Study Room Wall Art | Quiet Scholar Decor | Printable Digital Download 2x3 3x4 4x5,"Step into a world of quiet scholarship and ancient mystery with this Dark Academia Alchemist Retort Library Poster. A premium digital printable wall art piece, it evokes the hushed reverence of a forgotten library, where glass retorts gleam beside leather-bound tomes. Designed for the discerning soul who finds beauty in candlelit corners and whispered wisdom, this artwork transforms any space into a sanctuary of thought. This is a DIGITAL DOWNLOAD — no physical item will be shipped. Upon purchase, you will receive high-resolution files in ratios 2x3, 3x4, 4x5, 5x7, and 11x14, ready to print at home or through a professional lab. The artwork was created with the assistance of AI, blending traditional aesthetic inspiration with modern digital craftsmanship. Each print is a unique fusion of art and technology, curated for a timeless, poetic feel. Perfect for your study, library, or quiet corner, this piece speaks to lovers of dark academia, vintage science, and introspective decor. Let it be a talisman of your own scholarly journey.","dark academia, alchemist poster, library wall art, study room decor, vintage print, scholar gift, jade relic, quiet aesthetic, printable wall art, digital download, home library, retort illustration, premium zen",6.99,C:\AIprojects\openclaw_difi\Output\Digital\Printable_Wall_Art\Poster-Academia-0028_dark-academia-alchemist-retort-library-poster-12x18-study-decor-wall-gift-room.zip,13.29,READY_FOR_ETSY_DRAFT
2026-05-06T21:04:40,Poster-Academia-0030,Dark Academia Grimoire Preservation Capsule | 12x18 Poster | Quiet Study Decor | Premium Digital Print,"Step into a world of hushed reverence and ancient knowledge with the Dark Academia Grimoire Preservation Capsule. This premium digital printable wall art evokes the quiet mystery of a scholar’s study, where jade-toned relics and forgotten tomes rest in timeless stillness. Designed for those who seek a sanctuary of thought and beauty, this piece transforms any space into a haven of introspection. Please note: This is a digital download only. No physical item will be shipped. You will receive high-resolution files in the following aspect ratios: 2x3, 3x4, 4x5, 5x7, and 11x14, perfect for framing at your preferred size. This artwork was created with the assistance of AI, thoughtfully curated and refined to honor the dark academia aesthetic and your unique space. Print at home or at your favorite local print shop. Colors may vary slightly depending on monitor and printer settings. Ideal for study rooms, libraries, home offices, or as a meaningful gift for the book lover or scholar in your life.","dark academia, grimoire art, study decor, digital print, poster printable, jade relic, quiet decor, wall art, book lover gift, vintage aesthetic, instant download, home office, library decor",6.99,C:\AIprojects\openclaw_difi\Output\Digital\Printable_Wall_Art\Poster-Academia-0030_dark-academia-grimoire-preservation-capsule-12x18-poster-study-decor-wall-gift.zip,13.97,READY_FOR_ETSY_DRAFT
2026-05-06T21:04:46,Poster-Academia-0031,Dark Academia Botanical Codex Poster | Vintage Conservatory Study Decor | Printable Wall Art for Quiet Luxe Library & Jade Relic Aesthetic,"Step into a world of quiet reverence and botanical wonder with this Dark Academia Botanical Codex Conservatory Poster. Inspired by antique herbarium plates and the serene allure of jade relics, this printable wall art transforms any study, library, or reading nook into a sanctuary of thoughtful beauty. Each download includes high-resolution files in ratios 2x3, 3x4, 4x5, 5x7, and 11x14, so you can print at your preferred size with crisp, museum-quality detail. This is a digital download. No physical item will be shipped. You will receive a ZIP file (12.39 MB) containing five JPG files, ready to print at home or through a professional lab. Please note that colors may vary slightly depending on your monitor and printer settings. Artwork disclosure: This piece was created with the assistance of AI, thoughtfully curated and refined to evoke the timeless elegance of a forgotten botanical codex. It is designed for personal enjoyment and gifting. Frame not included. For best results, print on matte paper or fine art cardstock.","darkacademia, botanicalprint, studydecor, vintageposter, printablewallart, libraryart, jadeaesthetic, quietluxe, digitaldownload, herbariumart, codexprint, conservatoryposter, giftforscholar",6.99,C:\AIprojects\openclaw_difi\Output\Digital\Printable_Wall_Art\Poster-Academia-0031_dark-academia-botanical-codex-conservatory-poster-12x18-study-decor-wall-gift.zip,12.39,READY_FOR_ETSY_DRAFT
2026-05-06T21:04:52,Poster-Academia-0032,Dark Academia Observatory Archive Prism | Premium Digital Print for Study Room Decor | 12x18 & More Ratios,"Step into a realm of quiet contemplation with the Dark Academia Observatory Archive Prism—a premium digital printable wall art piece that evokes the hushed reverence of a forgotten library and the celestial geometry of an ancient observatory. This design blends jade relic tones with prismatic light, creating a study room decor that whispers of wisdom, mystery, and timeless elegance. This is a digital download—no physical item will be shipped. After purchase, you will receive high-resolution files in the following aspect ratios: 2x3, 3x4, 4x5, 5x7, and 11x14, ensuring a perfect fit for frames of various sizes. Simply download, print at home or at your preferred print shop, and enjoy. Please note: This artwork was created with the assistance of AI tools, thoughtfully refined to capture the poetic essence of dark academia and Zen-inspired design. Colors may vary slightly depending on your screen and printer settings. Transform your space into a sanctuary of quiet study and introspective beauty.","darkacademia, observatoryprint, studyroomdecor, archiveprism, vintageposter, jaderelic, quietstudy, wallartprint, digitaldownload, poeticdecor, premiumprint, zenstudy, artprint",6.99,C:\AIprojects\openclaw_difi\Output\Digital\Printable_Wall_Art\Poster-Academia-0032_dark-academia-observatory-archive-prism-12x18-poster-study-room-decor-wall-gift.zip,13.89,READY_FOR_ETSY_DRAFT
2026-05-06T21:04:59,Poster-Academia-0033,Dark Academia Philosophical Theorem Reliquary Poster | Quiet Study Decor | Jade Relic Wall Art | 12x18 Digital Download,"This is a premium digital printable wall art piece — a digital download only. No physical item will be shipped. Step into the hushed corridors of quiet study and timeless thought. The Dark Academia Philosophical Theorem Reliquary Poster evokes the solemn beauty of a jade relic, a talisman for the contemplative mind. Designed for the seeker of wisdom, this artwork transforms your study, library, or sacred corner into a sanctuary of intellect and shadow. Inspired by the reverence of ancient texts and the patina of forgotten archives, this piece blends poetic symbolism with academic austerity. The deep jade tones and intricate theorem-like patterns invite introspection, making it an essential companion for late-night reading or morning meditation. Available as a high-resolution digital download in multiple aspect ratios: 2x3, 3x4, 4x5, 5x7, and 11x14. Print at home or through your preferred print service for a gallery-quality finish. Please note: This artwork was created with the assistance of AI, thoughtfully curated and refined to honor the spirit of dark academia and quiet elegance. Each detail is designed to inspire, not to replace, the human journey of learning. Download includes: 5 high-resolution JPG files (300 DPI) in the listed ratios. Colors may vary slightly depending on monitor and printer. For best results, use matte or archival paper.","darkacademia, philosophicalposter, studydecor, jaderelic, quietstudy, wallartprint, digitaldownload, academicart, libraryposter, poeticdecor, premiumprint, homestudy, intellectualart",8.5,C:\AIprojects\openclaw_difi\Output\Digital\Printable_Wall_Art\Poster-Academia-0033_dark-academia-philosophical-theorem-reliquary-poster-12x18-study-decor-wall.zip,13.05,READY_FOR_ETSY_DRAFT
2026-05-06T21:05:05,Poster-Academia-0034,"Dark Academia Nautical Barometer Print | Vintage Study Decor, Library Wall Art, 12x18 Poster, Jade Relic Quiet Study","Step into a world of quiet erudition with this Dark Academia Nautical Archive Barometer print. A fusion of antique maritime cartography and scholarly stillness, this piece evokes the scent of old leather, the weight of a brass compass, and the hush of a candlelit library. The barometer’s intricate dial and aged parchment tones anchor a room in contemplative elegance—perfect for a study, home library, or reading nook. This is a digital download—no physical item will be shipped. You will receive a high-resolution file (12.45 MB) in five aspect ratios: 2x3, 3x4, 4x5, 5x7, and 11x14, ready to print at home or through a professional lab. Simply download, print, and frame. Artwork disclosure: This design was created with the assistance of AI tools, refined by human curation to ensure a premium, poetic aesthetic. Each print is a unique digital artifact, blending algorithmic inspiration with artisanal vision.","darkacademia, nauticaldecor, barometerprint, studyroomart, libraryposter, vintagemap, printablewallart, quietstudy, jaderelic, instantdownload, homelibrary, academicdecor, poeticprint",12.99,C:\AIprojects\openclaw_difi\Output\Digital\Printable_Wall_Art\Poster-Academia-0034_dark-academia-nautical-archive-barometer-12x18-poster-study-decor-wall-library.zip,12.45,READY_FOR_ETSY_DRAFT
2026-05-06T21:05:11,Poster-Academia-0035,"Dark Academia Theological Codex Poster, Sanctuary Study Decor, Quiet Library Wall Art, Premium Digital Print 12x18","Step into a sanctuary of quiet reverence with this premium digital printable wall art, inspired by the hallowed halls of a theological library. This Dark Academia poster, titled 'Theological Codex Sanctuary,' evokes the solemn beauty of ancient manuscripts, jade relics, and the whispered wisdom of forgotten tomes. Designed for the discerning scholar, poet, or dreamer who finds solace in study and silence. This is a DIGITAL DOWNLOAD — no physical item will be shipped. You will receive a high-resolution file (14.65 MB) in the following aspect ratios for versatile framing: 2x3, 3x4, 4x5, 5x7, and 11x14. Perfect for a 12x18 print or custom sizes. Simply download, print at home or your local print shop, and frame to transform your space into a quiet study. Please note: This artwork was created with the assistance of AI, thoughtfully curated and refined to honor the aesthetic of timeless academia and serene introspection. Colors may vary slightly depending on monitor and printer settings. For personal use only; not for resale or commercial reproduction. Embrace the stillness. Let this print be your portal to a world of thought and beauty.","dark academia, theological codex, study decor, library wall art, digital print, quiet study, sanctuary poster, premium printable, bookish decor, intellectual art, gothic wall art, jade relic, zen decor",6.99,C:\AIprojects\openclaw_difi\Output\Digital\Printable_Wall_Art\Poster-Academia-0035_dark-academia-poster-theological-codex-sanctuary-12x18-study-decor-wall-library.zip,14.65,READY_FOR_ETSY_DRAFT
2026-05-06T21:05:17,Poster-Academia-0036,Mechanical Encyclopedia Sphere | Dark Academia Aesthetic Poster | 12x18 Study Room Art | Printable Digital Download,"Step into a world of quiet erudition with the Mechanical Encyclopedia Sphere—a premium digital printable wall art that evokes the soul of a forgotten library, where brass gears and celestial charts whisper secrets of the ancients. This 12x18 poster, crafted in the dark academia aesthetic, blends the precision of mechanical diagrams with the mystery of an antique globe, rendered in soothing jade relic tones. Perfect for a study room, home library, or any space that craves intellectual elegance. This is a digital download—no physical item will be shipped. You will receive a zip file (14.21 MB) containing high-resolution files in the following aspect ratios: 2x3, 3x4, 4x5, 5x7, and 11x14, allowing you to print at various standard sizes. Simply download, print at home or at a professional print shop, and frame to your liking. Please note: This artwork was created with the assistance of AI, thoughtfully curated and refined to ensure a premium, poetic finish that honors the dark academia spirit. Colors may vary slightly depending on your monitor and printer settings. For best results, use high-quality matte or archival paper. © All rights reserved. This purchase is for personal use only; commercial reproduction or resale is prohibited.","darkacademiaposter, mechanicalencycloped, studyroomdecor, digitalprintableart, vintageeducationalpr, antiquesphereart, quietstudydecor, jaderelicaesthetic, 12x18wallart, academicwallprint, zenstudyroom, premiumposterart, intellectualdecor",12.99,C:\AIprojects\openclaw_difi\Output\Digital\Printable_Wall_Art\Poster-Academia-0036_mechanical-encyclopedia-sphere-dark-academia-aesthetic-12x18-poster-study-room.zip,14.21,READY_FOR_ETSY_DRAFT
2026-05-06T21:05:23,Poster-Academia-0037,Cryptographic Vault Cylinder | Dark Academia Secret Knowledge Poster | Printable 12x18 Study Decor,"Step into a world of whispered secrets and ancient codes with this Cryptographic Vault Cylinder poster. A dark academia masterpiece, this premium digital printable wall art evokes the quiet reverence of a scholar’s study, where jade relics and hidden knowledge await discovery. The intricate cylinder design, reminiscent of a cryptographic vault, invites contemplation and mystery—perfect for libraries, home offices, or any space that cherishes the arcane. This is a digital download—no physical item will be shipped. You will receive high-resolution files in ratios 2x3, 3x4, 4x5, 5x7, and 11x14, ready to print at your preferred size (e.g., 12x18 inches). The artwork was created with the assistance of AI, blending human curation with algorithmic imagination to achieve its unique, atmospheric aesthetic. Please note: Colors may vary slightly depending on your monitor and printer settings. For best results, print on premium matte or luster paper. Frame not included. This purchase is for personal use only; commercial use is not permitted.","dark academia, cryptographic art, secret knowledge, study room decor, digital download, printable wall art, vintage poster, mystery decor, library wall art, jade relic, quiet study, premium print, ai artwork",6.99,C:\AIprojects\openclaw_difi\Output\Digital\Printable_Wall_Art\Poster-Academia-0037_cryptographic-vault-cylinder-dark-academia-poster-12x18-secret-knowledge-decor.zip,11.65,READY_FOR_ETSY_DRAFT
