Timestamp,ID,eBay_Item_ID,Printify_Product_ID,Title,Online_URL,Online_Image_URL,Online_Image_Path,Cover_Path,Gallery_U1_Path,Best_U_Label,Best_U_Path,Distance_To_Cover,Best_U_Distance,Result,Note,Error
2026-05-05T21:25:04-04:00,Sticker-Zen-0010,406892414116,69f1b00840c796ee97058144,Floating Island Sanctuary 4pc 6x6 Kiss-Cut Sticker Zen Aesthetic Laptop Journal,https://www.ebay.com/itm/406892414116,https://i.ebayimg.com/thumbs/images/g/lJMAAeSwv5dp8ept/s-l1600.jpg,C:\AIprojects\openclaw_difi\Database\eBay_Online_Cover_Audit\images\Sticker-Zen-0010_online.jpg,C:\AIprojects\openclaw_difi\Output\Sticker\Kiss-Cut\MASTER_Sticker-Zen-0010_Ready_for_Steaming\Cover_Mockup.png,C:\AIprojects\openclaw_difi\Output\Sticker\Kiss-Cut\MASTER_Sticker-Zen-0010_Ready_for_Steaming\Sticker-Zen-0010_U1_Grid.png,U2,C:\AIprojects\openclaw_difi\Output\Sticker\Kiss-Cut\MASTER_Sticker-Zen-0010_Ready_for_Steaming\Sticker-Zen-0010_U2_Grid.png,0,206,LIKELY_COVER,cover closer than U2 by 206,
2026-05-05T21:25:18-04:00,Sticker-Zen-0022,406892414235,69f1b1ab63935da7e8064bab,Mindful Zen Garden Stone Meis seki 4pc 6x6 Vinyl Sticker Laptop Journal Gift,https://www.ebay.com/itm/406892414235,https://i.ebayimg.com/images/g/8w8AAeSwppNp8ep-/s-l1600.webp,C:\AIprojects\openclaw_difi\Database\eBay_Online_Cover_Audit\images\Sticker-Zen-0022_online.jpg,C:\AIprojects\openclaw_difi\Output\Sticker\Kiss-Cut\MASTER_Sticker-Zen-0022_Ready_for_Steaming\Cover_Mockup.png,C:\AIprojects\openclaw_difi\Output\Sticker\Kiss-Cut\MASTER_Sticker-Zen-0022_Ready_for_Steaming\Sticker-Zen-0022_U1_Grid.png,U4,C:\AIprojects\openclaw_difi\Output\Sticker\Kiss-Cut\MASTER_Sticker-Zen-0022_Ready_for_Steaming\Sticker-Zen-0022_U4_Grid.png,213,2,LIKELY_SINGLE_U_MISMATCH,U4 closer by 211,
2026-05-05T21:25:32-04:00,Sticker-Zen-0025,406892327989,69f1cb4ef6b83091a50959f5,Koi Fish in Jade Pond Hisui no Koi Mindful Zen 4pc 6x6 Vinyl Sticker Yoga Luck,https://www.ebay.com/itm/406892327989,https://i.ebayimg.com/images/g/sfMAAeSwmT1p8dsV/s-l960.webp,C:\AIprojects\openclaw_difi\Database\eBay_Online_Cover_Audit\images\Sticker-Zen-0025_online.jpg,C:\AIprojects\openclaw_difi\Output\Sticker\Kiss-Cut\MASTER_Sticker-Zen-0025_Ready_for_Steaming\Cover_Mockup.png,C:\AIprojects\openclaw_difi\Output\Sticker\Kiss-Cut\MASTER_Sticker-Zen-0025_Ready_for_Steaming\Sticker-Zen-0025_U1_Grid.png,U4,C:\AIprojects\openclaw_difi\Output\Sticker\Kiss-Cut\MASTER_Sticker-Zen-0025_Ready_for_Steaming\Sticker-Zen-0025_U4_Grid.png,331,0,LIKELY_SINGLE_U_MISMATCH,U4 closer by 331,
2026-05-05T21:25:41-04:00,Sticker-Zen-0027,406892414741,69f1ce0f11e0745fcb0da03a,Minimal Zen Temple Lantern Zendera no T r 4pc 6x6 Sticker Sheet Serene Mindful,https://www.ebay.com/itm/406892414741,https://i.ebayimg.com/images/g/7FcAAeSwl5xp8eqf/s-l960.webp,C:\AIprojects\openclaw_difi\Database\eBay_Online_Cover_Audit\images\Sticker-Zen-0027_online.jpg,C:\AIprojects\openclaw_difi\Output\Sticker\Kiss-Cut\MASTER_Sticker-Zen-0027_Ready_for_Steaming\Cover_Mockup.png,C:\AIprojects\openclaw_difi\Output\Sticker\Kiss-Cut\MASTER_Sticker-Zen-0027_Ready_for_Steaming\Sticker-Zen-0027_U1_Grid.png,U2,C:\AIprojects\openclaw_difi\Output\Sticker\Kiss-Cut\MASTER_Sticker-Zen-0027_Ready_for_Steaming\Sticker-Zen-0027_U2_Grid.png,254,1,LIKELY_SINGLE_U_MISMATCH,U2 closer by 253,
2026-05-05T21:25:50-04:00,Sticker-Zen-0041,406902593931,69f1db9382fcf925cf08206d,Minimal Zen Kintsugi Gold Dragon 4pc 6x6 Sticker Sheet Serene Mindful Clean,https://www.ebay.com/itm/406902593931,https://i.ebayimg.com/images/g/uesAAeSw8iBp-Bp3/s-l960.webp,C:\AIprojects\openclaw_difi\Database\eBay_Online_Cover_Audit\images\Sticker-Zen-0041_online.jpg,C:\AIprojects\openclaw_difi\Output\Sticker\Kiss-Cut\MASTER_Sticker-Zen-0041_Ready_for_Steaming\Cover_Mockup.png,C:\AIprojects\openclaw_difi\Output\Sticker\Kiss-Cut\MASTER_Sticker-Zen-0041_Ready_for_Steaming\Sticker-Zen-0041_U1_Grid.png,U2,C:\AIprojects\openclaw_difi\Output\Sticker\Kiss-Cut\MASTER_Sticker-Zen-0041_Ready_for_Steaming\Sticker-Zen-0041_U2_Grid.png,336,0,LIKELY_SINGLE_U_MISMATCH,U2 closer by 336,
2026-05-05T21:25:58-04:00,Sticker-Zen-0044,406902622710,69f2396ccaeb1241880b692d,Zen Aesthetic Dragon Coil 4pc 6x6 Kiss-Cut Sticker Laptop Journal Water Bottle,https://www.ebay.com/itm/406902622710,https://i.ebayimg.com/images/g/I~8AAeSw-jZp-B2c/s-l960.webp,C:\AIprojects\openclaw_difi\Database\eBay_Online_Cover_Audit\images\Sticker-Zen-0044_online.jpg,C:\AIprojects\openclaw_difi\Output\Sticker\Kiss-Cut\MASTER_Sticker-Zen-0044_Ready_for_Steaming\Cover_Mockup.png,C:\AIprojects\openclaw_difi\Output\Sticker\Kiss-Cut\MASTER_Sticker-Zen-0044_Ready_for_Steaming\Sticker-Zen-0044_U1_Grid.png,U3,C:\AIprojects\openclaw_difi\Output\Sticker\Kiss-Cut\MASTER_Sticker-Zen-0044_Ready_for_Steaming\Sticker-Zen-0044_U3_Grid.png,296,1,LIKELY_SINGLE_U_MISMATCH,U3 closer by 295,
2026-05-05T21:26:08-04:00,Sticker-Zen-0045,406902640998,69f21a5da7777da1970fd378,Floating Dragon Minimal Zen 4pc 6x6 Kiss-Cut Vinyl Desk Collector Decor Sky Art,https://www.ebay.com/itm/406902640998,https://i.ebayimg.com/images/g/a6QAAeSwSQRp-CBe/s-l960.webp,C:\AIprojects\openclaw_difi\Database\eBay_Online_Cover_Audit\images\Sticker-Zen-0045_online.jpg,C:\AIprojects\openclaw_difi\Output\Sticker\Kiss-Cut\MASTER_Sticker-Zen-0045_Ready_for_Steaming\Cover_Mockup.png,C:\AIprojects\openclaw_difi\Output\Sticker\Kiss-Cut\MASTER_Sticker-Zen-0045_Ready_for_Steaming\Sticker-Zen-0045_U1_Grid.png,U4,C:\AIprojects\openclaw_difi\Output\Sticker\Kiss-Cut\MASTER_Sticker-Zen-0045_Ready_for_Steaming\Sticker-Zen-0045_U4_Grid.png,290,0,LIKELY_SINGLE_U_MISMATCH,U4 closer by 290,
2026-05-05T21:26:16-04:00,Sticker-Zen-0046,406902663232,69f21b07b0d6b88b2805ebe3,Zen Aesthetic Dragon and Pearl 4pc 6x6 Kiss-Cut Sticker Laptop Journal Water,https://www.ebay.com/itm/406902663232,https://i.ebayimg.com/images/g/drMAAeSwVJVp-CJQ/s-l960.webp,C:\AIprojects\openclaw_difi\Database\eBay_Online_Cover_Audit\images\Sticker-Zen-0046_online.jpg,C:\AIprojects\openclaw_difi\Output\Sticker\Kiss-Cut\MASTER_Sticker-Zen-0046_Ready_for_Steaming\Cover_Mockup.png,C:\AIprojects\openclaw_difi\Output\Sticker\Kiss-Cut\MASTER_Sticker-Zen-0046_Ready_for_Steaming\Sticker-Zen-0046_U1_Grid.png,U4,C:\AIprojects\openclaw_difi\Output\Sticker\Kiss-Cut\MASTER_Sticker-Zen-0046_Ready_for_Steaming\Sticker-Zen-0046_U4_Grid.png,274,0,LIKELY_SINGLE_U_MISMATCH,U4 closer by 274,
2026-05-05T21:26:24-04:00,Sticker-Zen-0049,406902713267,69f23a2fa7777da1970fe60d,Sleeping Dragon Minimal Zen 4pc 6x6 Kiss-Cut Vinyl Desk Collector Decor Laptop,https://www.ebay.com/itm/406902713267,https://i.ebayimg.com/images/g/oo8AAeSwiY5p-Cdm/s-l960.webp,C:\AIprojects\openclaw_difi\Database\eBay_Online_Cover_Audit\images\Sticker-Zen-0049_online.jpg,C:\AIprojects\openclaw_difi\Output\Sticker\Kiss-Cut\MASTER_Sticker-Zen-0049_Ready_for_Steaming\Cover_Mockup.png,C:\AIprojects\openclaw_difi\Output\Sticker\Kiss-Cut\MASTER_Sticker-Zen-0049_Ready_for_Steaming\Sticker-Zen-0049_U1_Grid.png,U4,C:\AIprojects\openclaw_difi\Output\Sticker\Kiss-Cut\MASTER_Sticker-Zen-0049_Ready_for_Steaming\Sticker-Zen-0049_U4_Grid.png,321,0,LIKELY_SINGLE_U_MISMATCH,U4 closer by 321,
2026-05-05T21:26:33-04:00,Sticker-Zen-0050,406902886081,69f23a99c326d7da170bfe8d,Translucent Jade Dragon Mindful Zen 4pc 6x6 Vinyl Sticker Yoga Minimalist Gift,https://www.ebay.com/itm/406902886081,https://i.ebayimg.com/images/g/zy0AAeSwx-9p-D2U/s-l960.webp,C:\AIprojects\openclaw_difi\Database\eBay_Online_Cover_Audit\images\Sticker-Zen-0050_online.jpg,C:\AIprojects\openclaw_difi\Output\Sticker\Kiss-Cut\MASTER_Sticker-Zen-0050_Ready_for_Steaming\Cover_Mockup.png,C:\AIprojects\openclaw_difi\Output\Sticker\Kiss-Cut\MASTER_Sticker-Zen-0050_Ready_for_Steaming\Sticker-Zen-0050_U1_Grid.png,U2,C:\AIprojects\openclaw_difi\Output\Sticker\Kiss-Cut\MASTER_Sticker-Zen-0050_Ready_for_Steaming\Sticker-Zen-0050_U2_Grid.png,277,0,LIKELY_SINGLE_U_MISMATCH,U2 closer by 277,
2026-05-05T21:26:42-04:00,Sticker-Zen-0051,406902889638,69f23b5ce64c9f31b70f415b,Kintsugi Gold Dragon Mindful Zen 4pc 6x6 Vinyl Sticker Yoga Minimalist Gift,https://www.ebay.com/itm/406902889638,https://i.ebayimg.com/images/g/BZYAAeSwhANp-D5g/s-l960.webp,C:\AIprojects\openclaw_difi\Database\eBay_Online_Cover_Audit\images\Sticker-Zen-0051_online.jpg,C:\AIprojects\openclaw_difi\Output\Sticker\Kiss-Cut\MASTER_Sticker-Zen-0051_Ready_for_Steaming\Cover_Mockup.png,C:\AIprojects\openclaw_difi\Output\Sticker\Kiss-Cut\MASTER_Sticker-Zen-0051_Ready_for_Steaming\Sticker-Zen-0051_U1_Grid.png,U3,C:\AIprojects\openclaw_difi\Output\Sticker\Kiss-Cut\MASTER_Sticker-Zen-0051_Ready_for_Steaming\Sticker-Zen-0051_U3_Grid.png,306,1,LIKELY_SINGLE_U_MISMATCH,U3 closer by 305,
2026-05-05T21:26:50-04:00,Sticker-Zen-0052,406902896387,69f23c10caeb1241880b6afe,Bioluminescent Dragon 4pc 6x6 Kiss-Cut Sticker Zen Aesthetic Laptop Journal,https://www.ebay.com/itm/406902896387,https://i.ebayimg.com/images/g/RqcAAeSwCctp-D9C/s-l960.webp,C:\AIprojects\openclaw_difi\Database\eBay_Online_Cover_Audit\images\Sticker-Zen-0052_online.jpg,C:\AIprojects\openclaw_difi\Output\Sticker\Kiss-Cut\MASTER_Sticker-Zen-0052_Ready_for_Steaming\Cover_Mockup.png,C:\AIprojects\openclaw_difi\Output\Sticker\Kiss-Cut\MASTER_Sticker-Zen-0052_Ready_for_Steaming\Sticker-Zen-0052_U1_Grid.png,U3,C:\AIprojects\openclaw_difi\Output\Sticker\Kiss-Cut\MASTER_Sticker-Zen-0052_Ready_for_Steaming\Sticker-Zen-0052_U3_Grid.png,259,1,LIKELY_SINGLE_U_MISMATCH,U3 closer by 258,
2026-05-05T21:26:58-04:00,Sticker-Zen-0053,406902900109,69f252f4357398ded80f61c9,Crystalline Dragon Minimal Zen 4pc 6x6 Kiss-Cut Vinyl Desk Collector Decor Gift,https://www.ebay.com/itm/406902900109,https://i.ebayimg.com/images/g/kEQAAeSwntxp-D~3/s-l960.webp,C:\AIprojects\openclaw_difi\Database\eBay_Online_Cover_Audit\images\Sticker-Zen-0053_online.jpg,C:\AIprojects\openclaw_difi\Output\Sticker\Kiss-Cut\MASTER_Sticker-Zen-0053_Ready_for_Steaming\Cover_Mockup.png,C:\AIprojects\openclaw_difi\Output\Sticker\Kiss-Cut\MASTER_Sticker-Zen-0053_Ready_for_Steaming\Sticker-Zen-0053_U1_Grid.png,U2,C:\AIprojects\openclaw_difi\Output\Sticker\Kiss-Cut\MASTER_Sticker-Zen-0053_Ready_for_Steaming\Sticker-Zen-0053_U2_Grid.png,232,2,LIKELY_SINGLE_U_MISMATCH,U2 closer by 230,
2026-05-05T21:27:07-04:00,Sticker-Zen-0054,406903032635,69f253bc357398ded80f6242,Dragon Meditation Minimal Zen 4pc 6x6 Kiss-Cut Vinyl Desk Collector Decor Gift,https://www.ebay.com/itm/406903032635,https://i.ebayimg.com/images/g/Q2AAAeSwI-5p-FfC/s-l960.webp,C:\AIprojects\openclaw_difi\Database\eBay_Online_Cover_Audit\images\Sticker-Zen-0054_online.jpg,C:\AIprojects\openclaw_difi\Output\Sticker\Kiss-Cut\MASTER_Sticker-Zen-0054_Ready_for_Steaming\Cover_Mockup.png,C:\AIprojects\openclaw_difi\Output\Sticker\Kiss-Cut\MASTER_Sticker-Zen-0054_Ready_for_Steaming\Sticker-Zen-0054_U1_Grid.png,U2,C:\AIprojects\openclaw_difi\Output\Sticker\Kiss-Cut\MASTER_Sticker-Zen-0054_Ready_for_Steaming\Sticker-Zen-0054_U2_Grid.png,331,0,LIKELY_SINGLE_U_MISMATCH,U2 closer by 331,
2026-05-05T22:16:48-04:00,Sticker-Academia-0004,406892408950,69f192aa5ea38382140f1d7b,4pc Kiss-Cut Sticker Set Mechanical Raven Familiar Laptop Journal Bottle Dark,https://www.ebay.com/itm/406892408950,https://i.ebayimg.com/thumbs/images/g/93sAAeSwJnVp8el6/s-l1600.jpg,C:\AIprojects\openclaw_difi\Database\eBay_Online_Cover_Audit\images\Sticker-Academia-0004_online.jpg,C:\AIprojects\openclaw_difi\Output\Sticker\Kiss-Cut\MASTER_Sticker-Academia-0004_Ready_for_Steaming\Cover_Mockup.png,C:\AIprojects\openclaw_difi\Output\Sticker\Kiss-Cut\MASTER_Sticker-Academia-0004_Ready_for_Steaming\Sticker-Academia-0004_U1_Grid.png,U1,C:\AIprojects\openclaw_difi\Output\Sticker\Kiss-Cut\MASTER_Sticker-Academia-0004_Ready_for_Steaming\Sticker-Academia-0004_U1_Grid.png,1,170,LIKELY_COVER,cover closer than U1 by 169,
2026-05-05T22:17:00-04:00,Sticker-Academia-0005,406892409123,69f198efea1f992ded0e90e7,4pc Vinyl Sticker Set Forbidden Grimoire Lock Laptop Bottle Journal Dark,https://www.ebay.com/itm/406892409123,https://i.ebayimg.com/images/g/7eUAAeSwJyRp8emL/s-l960.webp,C:\AIprojects\openclaw_difi\Database\eBay_Online_Cover_Audit\images\Sticker-Academia-0005_online.jpg,C:\AIprojects\openclaw_difi\Output\Sticker\Kiss-Cut\MASTER_Sticker-Academia-0005_Ready_for_Steaming\Cover_Mockup.png,C:\AIprojects\openclaw_difi\Output\Sticker\Kiss-Cut\MASTER_Sticker-Academia-0005_Ready_for_Steaming\Sticker-Academia-0005_U1_Grid.png,U4,C:\AIprojects\openclaw_difi\Output\Sticker\Kiss-Cut\MASTER_Sticker-Academia-0005_Ready_for_Steaming\Sticker-Academia-0005_U4_Grid.png,194,0,LIKELY_SINGLE_U_MISMATCH,U4 closer by 194,
2026-05-05T22:17:10-04:00,Sticker-Academia-0006,406892409348,69f19b945494697f0d01b78c,4pc Sticker Set Botanical Terrarium Lantern Vinyl Decals Laptop Bottle Dark,https://www.ebay.com/itm/406892409348,https://i.ebayimg.com/images/g/VH8AAeSwwelp8emX/s-l960.webp,C:\AIprojects\openclaw_difi\Database\eBay_Online_Cover_Audit\images\Sticker-Academia-0006_online.jpg,C:\AIprojects\openclaw_difi\Output\Sticker\Kiss-Cut\MASTER_Sticker-Academia-0006_Ready_for_Steaming\Cover_Mockup.png,C:\AIprojects\openclaw_difi\Output\Sticker\Kiss-Cut\MASTER_Sticker-Academia-0006_Ready_for_Steaming\Sticker-Academia-0006_U1_Grid.png,U3,C:\AIprojects\openclaw_difi\Output\Sticker\Kiss-Cut\MASTER_Sticker-Academia-0006_Ready_for_Steaming\Sticker-Academia-0006_U3_Grid.png,196,0,LIKELY_SINGLE_U_MISMATCH,U3 closer by 196,
2026-05-05T22:17:20-04:00,Sticker-Academia-0007,406892409645,69f1a56756390ef4cd09be1e,4pc Kiss-Cut Sticker Set Astrolabe Navigation Instrument Laptop Journal Bottle,https://www.ebay.com/itm/406892409645,https://i.ebayimg.com/images/g/AjcAAeSwK8Np8eml/s-l960.webp,C:\AIprojects\openclaw_difi\Database\eBay_Online_Cover_Audit\images\Sticker-Academia-0007_online.jpg,C:\AIprojects\openclaw_difi\Output\Sticker\Kiss-Cut\MASTER_Sticker-Academia-0007_Ready_for_Steaming\Cover_Mockup.png,C:\AIprojects\openclaw_difi\Output\Sticker\Kiss-Cut\MASTER_Sticker-Academia-0007_Ready_for_Steaming\Sticker-Academia-0007_U1_Grid.png,U3,C:\AIprojects\openclaw_difi\Output\Sticker\Kiss-Cut\MASTER_Sticker-Academia-0007_Ready_for_Steaming\Sticker-Academia-0007_U3_Grid.png,200,0,LIKELY_SINGLE_U_MISMATCH,U3 closer by 200,
2026-05-05T22:17:29-04:00,Sticker-Academia-0008,406892409836,69f1a630de3c2e09400f9c5f,4pc Vinyl Sticker Set Ritual Incense Censer Gothic Academia Laptop Bottle,https://www.ebay.com/itm/406892409836,https://i.ebayimg.com/images/g/JKYAAeSwhrZp8emz/s-l960.webp,C:\AIprojects\openclaw_difi\Database\eBay_Online_Cover_Audit\images\Sticker-Academia-0008_online.jpg,C:\AIprojects\openclaw_difi\Output\Sticker\Kiss-Cut\MASTER_Sticker-Academia-0008_Ready_for_Steaming\Cover_Mockup.png,C:\AIprojects\openclaw_difi\Output\Sticker\Kiss-Cut\MASTER_Sticker-Academia-0008_Ready_for_Steaming\Sticker-Academia-0008_U1_Grid.png,U2,C:\AIprojects\openclaw_difi\Output\Sticker\Kiss-Cut\MASTER_Sticker-Academia-0008_Ready_for_Steaming\Sticker-Academia-0008_U2_Grid.png,193,0,LIKELY_SINGLE_U_MISMATCH,U2 closer by 193,
2026-05-05T22:17:39-04:00,Sticker-Academia-0009,406892410017,69f1a6acc2501ebbc40ac2e5,4pc Sticker Set Gothic Academia Cathedral Fragment Vinyl Decals Laptop Bottle,https://www.ebay.com/itm/406892410017,https://i.ebayimg.com/images/g/Kv4AAeSwe5lp8enA/s-l960.webp,C:\AIprojects\openclaw_difi\Database\eBay_Online_Cover_Audit\images\Sticker-Academia-0009_online.jpg,C:\AIprojects\openclaw_difi\Output\Sticker\Kiss-Cut\MASTER_Sticker-Academia-0009_Ready_for_Steaming\Cover_Mockup.png,C:\AIprojects\openclaw_difi\Output\Sticker\Kiss-Cut\MASTER_Sticker-Academia-0009_Ready_for_Steaming\Sticker-Academia-0009_U1_Grid.png,U2,C:\AIprojects\openclaw_difi\Output\Sticker\Kiss-Cut\MASTER_Sticker-Academia-0009_Ready_for_Steaming\Sticker-Academia-0009_U2_Grid.png,204,1,LIKELY_SINGLE_U_MISMATCH,U2 closer by 203,
2026-05-05T22:17:48-04:00,Sticker-Academia-0010,406892410190,69f1a724785a37b0240adad9,4pc Kiss-Cut Sticker Set Compass Rose Talisman Laptop Journal Bottle Dark,https://www.ebay.com/itm/406892410190,https://i.ebayimg.com/images/g/xHUAAeSw5Ahp8enM/s-l960.webp,C:\AIprojects\openclaw_difi\Database\eBay_Online_Cover_Audit\images\Sticker-Academia-0010_online.jpg,C:\AIprojects\openclaw_difi\Output\Sticker\Kiss-Cut\MASTER_Sticker-Academia-0010_Ready_for_Steaming\Cover_Mockup.png,C:\AIprojects\openclaw_difi\Output\Sticker\Kiss-Cut\MASTER_Sticker-Academia-0010_Ready_for_Steaming\Sticker-Academia-0010_U1_Grid.png,U3,C:\AIprojects\openclaw_difi\Output\Sticker\Kiss-Cut\MASTER_Sticker-Academia-0010_Ready_for_Steaming\Sticker-Academia-0010_U3_Grid.png,250,0,LIKELY_SINGLE_U_MISMATCH,U3 closer by 250,
2026-05-05T22:17:57-04:00,Sticker-Academia-0011,406892410307,69f1a7b0cfb25d6b6f0f10f7,4pc Vinyl Sticker Set Apothecary Poison Vial Laptop Bottle Journal Dark,https://www.ebay.com/itm/406892410307,https://i.ebayimg.com/images/g/NGcAAeSwzN5p8enZ/s-l960.webp,C:\AIprojects\openclaw_difi\Database\eBay_Online_Cover_Audit\images\Sticker-Academia-0011_online.jpg,C:\AIprojects\openclaw_difi\Output\Sticker\Kiss-Cut\MASTER_Sticker-Academia-0011_Ready_for_Steaming\Cover_Mockup.png,C:\AIprojects\openclaw_difi\Output\Sticker\Kiss-Cut\MASTER_Sticker-Academia-0011_Ready_for_Steaming\Sticker-Academia-0011_U1_Grid.png,U1,C:\AIprojects\openclaw_difi\Output\Sticker\Kiss-Cut\MASTER_Sticker-Academia-0011_Ready_for_Steaming\Sticker-Academia-0011_U1_Grid.png,204,1,LIKELY_SINGLE_U_MISMATCH,U1 closer by 203,
2026-05-05T22:18:06-04:00,Sticker-Academia-0014,406892410440,69f1a833592cc603cd0a91fd,4pc Vinyl Sticker Set Microscope Observation Device Laptop Bottle Journal Dark,https://www.ebay.com/itm/406892410440,https://i.ebayimg.com/images/g/xSwAAeSw5Ahp8enk/s-l960.webp,C:\AIprojects\openclaw_difi\Database\eBay_Online_Cover_Audit\images\Sticker-Academia-0014_online.jpg,C:\AIprojects\openclaw_difi\Output\Sticker\Kiss-Cut\MASTER_Sticker-Academia-0014_Ready_for_Steaming\Cover_Mockup.png,C:\AIprojects\openclaw_difi\Output\Sticker\Kiss-Cut\MASTER_Sticker-Academia-0014_Ready_for_Steaming\Sticker-Academia-0014_U1_Grid.png,U1,C:\AIprojects\openclaw_difi\Output\Sticker\Kiss-Cut\MASTER_Sticker-Academia-0014_Ready_for_Steaming\Sticker-Academia-0014_U1_Grid.png,231,0,LIKELY_SINGLE_U_MISMATCH,U1 closer by 231,
2026-05-05T22:18:15-04:00,Sticker-Academia-0015,406892411034,69f1a8b40bc0bf405305ef2b,4pc Sticker Set Skeleton Key Portal Vinyl Decals Laptop Bottle Dark Academia,https://www.ebay.com/itm/406892411034,https://i.ebayimg.com/images/g/GE4AAeSw-jZp8enx/s-l960.webp,C:\AIprojects\openclaw_difi\Database\eBay_Online_Cover_Audit\images\Sticker-Academia-0015_online.jpg,C:\AIprojects\openclaw_difi\Output\Sticker\Kiss-Cut\MASTER_Sticker-Academia-0015_Ready_for_Steaming\Cover_Mockup.png,C:\AIprojects\openclaw_difi\Output\Sticker\Kiss-Cut\MASTER_Sticker-Academia-0015_Ready_for_Steaming\Sticker-Academia-0015_U1_Grid.png,U3,C:\AIprojects\openclaw_difi\Output\Sticker\Kiss-Cut\MASTER_Sticker-Academia-0015_Ready_for_Steaming\Sticker-Academia-0015_U3_Grid.png,155,0,LIKELY_SINGLE_U_MISMATCH,U3 closer by 155,
2026-05-05T22:18:25-04:00,Sticker-Academia-0016,406892411436,69f1a92ade3c2e09400f9e44,4pc Kiss-Cut Sticker Set Gothic Academia Prism Light Refractor Laptop Journal,https://www.ebay.com/itm/406892411436,https://i.ebayimg.com/images/g/4x8AAeSw9fpp8en-/s-l960.webp,C:\AIprojects\openclaw_difi\Database\eBay_Online_Cover_Audit\images\Sticker-Academia-0016_online.jpg,C:\AIprojects\openclaw_difi\Output\Sticker\Kiss-Cut\MASTER_Sticker-Academia-0016_Ready_for_Steaming\Cover_Mockup.png,C:\AIprojects\openclaw_difi\Output\Sticker\Kiss-Cut\MASTER_Sticker-Academia-0016_Ready_for_Steaming\Sticker-Academia-0016_U1_Grid.png,U3,C:\AIprojects\openclaw_difi\Output\Sticker\Kiss-Cut\MASTER_Sticker-Academia-0016_Ready_for_Steaming\Sticker-Academia-0016_U3_Grid.png,192,0,LIKELY_SINGLE_U_MISMATCH,U3 closer by 192,
2026-05-05T22:18:35-04:00,Sticker-Zen-0001,406892411931,69f1a99c785a37b0240adc94,4pc Sticker Set Mindful Zen Koi Pond Vinyl Decals Laptop Bottle Zen Aesthetic,https://www.ebay.com/itm/406892411931,https://i.ebayimg.com/images/g/rc0AAeSwzmBp8eoL/s-l960.webp,C:\AIprojects\openclaw_difi\Database\eBay_Online_Cover_Audit\images\Sticker-Zen-0001_online.jpg,C:\AIprojects\openclaw_difi\Output\Sticker\Kiss-Cut\MASTER_Sticker-Zen-0001_Ready_for_Steaming\Cover_Mockup.png,C:\AIprojects\openclaw_difi\Output\Sticker\Kiss-Cut\MASTER_Sticker-Zen-0001_Ready_for_Steaming\Sticker-Zen-0001_U1_Grid.png,U1,C:\AIprojects\openclaw_difi\Output\Sticker\Kiss-Cut\MASTER_Sticker-Zen-0001_Ready_for_Steaming\Sticker-Zen-0001_U1_Grid.png,195,0,LIKELY_SINGLE_U_MISMATCH,U1 closer by 195,
2026-05-05T22:18:44-04:00,Sticker-Zen-0002,406892412365,69f1ab9a63935da7e8064504,4pc Kiss-Cut Sticker Set Bonsai Tree of Serenity Laptop Journal Bottle Zen,https://www.ebay.com/itm/406892412365,https://i.ebayimg.com/images/g/LY0AAeSw171p8eoY/s-l960.webp,C:\AIprojects\openclaw_difi\Database\eBay_Online_Cover_Audit\images\Sticker-Zen-0002_online.jpg,C:\AIprojects\openclaw_difi\Output\Sticker\Kiss-Cut\MASTER_Sticker-Zen-0002_Ready_for_Steaming\Cover_Mockup.png,C:\AIprojects\openclaw_difi\Output\Sticker\Kiss-Cut\MASTER_Sticker-Zen-0002_Ready_for_Steaming\Sticker-Zen-0002_U1_Grid.png,U1,C:\AIprojects\openclaw_difi\Output\Sticker\Kiss-Cut\MASTER_Sticker-Zen-0002_Ready_for_Steaming\Sticker-Zen-0002_U1_Grid.png,228,0,LIKELY_SINGLE_U_MISMATCH,U1 closer by 228,
2026-05-05T22:18:56-04:00,Sticker-Zen-0003,406892412612,69f1ac1804ea1d3ba9005c58,4pc Vinyl Sticker Set Lotus Mandala Mindful Zen Laptop Bottle Journal Zen,https://www.ebay.com/itm/406892412612,https://i.ebayimg.com/images/g/85sAAeSwajBp8eok/s-l960.webp,C:\AIprojects\openclaw_difi\Database\eBay_Online_Cover_Audit\images\Sticker-Zen-0003_online.jpg,C:\AIprojects\openclaw_difi\Output\Sticker\Kiss-Cut\MASTER_Sticker-Zen-0003_Ready_for_Steaming\Cover_Mockup.png,C:\AIprojects\openclaw_difi\Output\Sticker\Kiss-Cut\MASTER_Sticker-Zen-0003_Ready_for_Steaming\Sticker-Zen-0003_U1_Grid.png,U1,C:\AIprojects\openclaw_difi\Output\Sticker\Kiss-Cut\MASTER_Sticker-Zen-0003_Ready_for_Steaming\Sticker-Zen-0003_U1_Grid.png,216,1,LIKELY_SINGLE_U_MISMATCH,U1 closer by 215,
2026-05-05T22:19:07-04:00,Sticker-Zen-0004,406892412789,69f1ac9740c796ee97057c83,4pc Sticker Set Stone Guardian Lion Mindful Zen Vinyl Decals Laptop Bottle Zen,https://www.ebay.com/itm/406892412789,https://i.ebayimg.com/images/g/yOYAAeSw9cNp8eow/s-l960.webp,C:\AIprojects\openclaw_difi\Database\eBay_Online_Cover_Audit\images\Sticker-Zen-0004_online.jpg,C:\AIprojects\openclaw_difi\Output\Sticker\Kiss-Cut\MASTER_Sticker-Zen-0004_Ready_for_Steaming\Cover_Mockup.png,C:\AIprojects\openclaw_difi\Output\Sticker\Kiss-Cut\MASTER_Sticker-Zen-0004_Ready_for_Steaming\Sticker-Zen-0004_U1_Grid.png,U2,C:\AIprojects\openclaw_difi\Output\Sticker\Kiss-Cut\MASTER_Sticker-Zen-0004_Ready_for_Steaming\Sticker-Zen-0004_U2_Grid.png,195,0,LIKELY_SINGLE_U_MISMATCH,U2 closer by 195,
2026-05-05T22:19:20-04:00,Sticker-Zen-0005,406892413076,69f1ad18c59fe705400bacbf,4pc Kiss-Cut Sticker Set Bamboo Forest Laptop Journal Bottle Zen Aesthetic,https://www.ebay.com/itm/406892413076,https://i.ebayimg.com/images/g/1OEAAeSwrHRp8eo~/s-l960.webp,C:\AIprojects\openclaw_difi\Database\eBay_Online_Cover_Audit\images\Sticker-Zen-0005_online.jpg,C:\AIprojects\openclaw_difi\Output\Sticker\Kiss-Cut\MASTER_Sticker-Zen-0005_Ready_for_Steaming\Cover_Mockup.png,C:\AIprojects\openclaw_difi\Output\Sticker\Kiss-Cut\MASTER_Sticker-Zen-0005_Ready_for_Steaming\Sticker-Zen-0005_U1_Grid.png,U1,C:\AIprojects\openclaw_difi\Output\Sticker\Kiss-Cut\MASTER_Sticker-Zen-0005_Ready_for_Steaming\Sticker-Zen-0005_U1_Grid.png,334,0,LIKELY_SINGLE_U_MISMATCH,U1 closer by 334,
2026-05-05T22:19:29-04:00,Sticker-Zen-0007,406892413333,69f1ad9bbb6f6dd6270dc5df,4pc Sticker Set Cherry Blossom Branch Vinyl Decals Laptop Bottle Zen Aesthetic,https://www.ebay.com/itm/406892413333,https://i.ebayimg.com/images/g/i6UAAeSwBeNp8epL/s-l960.webp,C:\AIprojects\openclaw_difi\Database\eBay_Online_Cover_Audit\images\Sticker-Zen-0007_online.jpg,C:\AIprojects\openclaw_difi\Output\Sticker\Kiss-Cut\MASTER_Sticker-Zen-0007_Ready_for_Steaming\Cover_Mockup.png,C:\AIprojects\openclaw_difi\Output\Sticker\Kiss-Cut\MASTER_Sticker-Zen-0007_Ready_for_Steaming\Sticker-Zen-0007_U1_Grid.png,U1,C:\AIprojects\openclaw_difi\Output\Sticker\Kiss-Cut\MASTER_Sticker-Zen-0007_Ready_for_Steaming\Sticker-Zen-0007_U1_Grid.png,212,0,LIKELY_SINGLE_U_MISMATCH,U1 closer by 212,
2026-05-05T22:19:38-04:00,Sticker-Zen-0008,406892413714,69f1aef4bb6f6dd6270dc7d5,4pc Kiss-Cut Sticker Set Circle Ens Laptop Journal Bottle Zen Aesthetic Decal,https://www.ebay.com/itm/406892413714,https://i.ebayimg.com/images/g/VBkAAeSwcE5p8epY/s-l960.webp,C:\AIprojects\openclaw_difi\Database\eBay_Online_Cover_Audit\images\Sticker-Zen-0008_online.jpg,C:\AIprojects\openclaw_difi\Output\Sticker\Kiss-Cut\MASTER_Sticker-Zen-0008_Ready_for_Steaming\Cover_Mockup.png,C:\AIprojects\openclaw_difi\Output\Sticker\Kiss-Cut\MASTER_Sticker-Zen-0008_Ready_for_Steaming\Sticker-Zen-0008_U1_Grid.png,U2,C:\AIprojects\openclaw_difi\Output\Sticker\Kiss-Cut\MASTER_Sticker-Zen-0008_Ready_for_Steaming\Sticker-Zen-0008_U2_Grid.png,193,0,LIKELY_SINGLE_U_MISMATCH,U2 closer by 193,
2026-05-05T22:19:50-04:00,Sticker-Zen-0009,406892413966,69f1af85bb6f6dd6270dc848,Zen Aesthetic Praying Mantis on Rock 4pc 6x6 Kiss-Cut Sticker Laptop Journal,https://www.ebay.com/itm/406892413966,https://i.ebayimg.com/images/g/KdgAAeSwzJ1p8epl/s-l960.webp,C:\AIprojects\openclaw_difi\Database\eBay_Online_Cover_Audit\images\Sticker-Zen-0009_online.jpg,C:\AIprojects\openclaw_difi\Output\Sticker\Kiss-Cut\MASTER_Sticker-Zen-0009_Ready_for_Steaming\Cover_Mockup.png,C:\AIprojects\openclaw_difi\Output\Sticker\Kiss-Cut\MASTER_Sticker-Zen-0009_Ready_for_Steaming\Sticker-Zen-0009_U1_Grid.png,U4,C:\AIprojects\openclaw_difi\Output\Sticker\Kiss-Cut\MASTER_Sticker-Zen-0009_Ready_for_Steaming\Sticker-Zen-0009_U4_Grid.png,231,0,LIKELY_SINGLE_U_MISMATCH,U4 closer by 231,
2026-05-05T22:20:01-04:00,Sticker-Zen-0010,406892414116,69f1b00840c796ee97058144,Floating Island Sanctuary 4pc 6x6 Kiss-Cut Sticker Zen Aesthetic Laptop Journal,https://www.ebay.com/itm/406892414116,https://i.ebayimg.com/thumbs/images/g/lJMAAeSwv5dp8ept/s-l1600.jpg,C:\AIprojects\openclaw_difi\Database\eBay_Online_Cover_Audit\images\Sticker-Zen-0010_online.jpg,C:\AIprojects\openclaw_difi\Output\Sticker\Kiss-Cut\MASTER_Sticker-Zen-0010_Ready_for_Steaming\Cover_Mockup.png,C:\AIprojects\openclaw_difi\Output\Sticker\Kiss-Cut\MASTER_Sticker-Zen-0010_Ready_for_Steaming\Sticker-Zen-0010_U1_Grid.png,U2,C:\AIprojects\openclaw_difi\Output\Sticker\Kiss-Cut\MASTER_Sticker-Zen-0010_Ready_for_Steaming\Sticker-Zen-0010_U2_Grid.png,0,206,LIKELY_COVER,cover closer than U2 by 206,
2026-05-05T22:20:09-04:00,Sticker-Zen-0022,406892414235,69f1b1ab63935da7e8064bab,Mindful Zen Garden Stone Meis seki 4pc 6x6 Vinyl Sticker Laptop Journal Gift,https://www.ebay.com/itm/406892414235,https://i.ebayimg.com/images/g/8w8AAeSwppNp8ep-/s-l960.webp,C:\AIprojects\openclaw_difi\Database\eBay_Online_Cover_Audit\images\Sticker-Zen-0022_online.jpg,C:\AIprojects\openclaw_difi\Output\Sticker\Kiss-Cut\MASTER_Sticker-Zen-0022_Ready_for_Steaming\Cover_Mockup.png,C:\AIprojects\openclaw_difi\Output\Sticker\Kiss-Cut\MASTER_Sticker-Zen-0022_Ready_for_Steaming\Sticker-Zen-0022_U1_Grid.png,U4,C:\AIprojects\openclaw_difi\Output\Sticker\Kiss-Cut\MASTER_Sticker-Zen-0022_Ready_for_Steaming\Sticker-Zen-0022_U4_Grid.png,213,0,LIKELY_SINGLE_U_MISMATCH,U4 closer by 213,
2026-05-05T22:20:19-04:00,Sticker-Zen-0024,406892414471,69f1b2c4d3e196c79b0fdaec,Mindful Zen Enso Circle with Crystals 4pc 6x6 Vinyl Sticker Laptop Journal Gift,https://www.ebay.com/itm/406892414471,https://i.ebayimg.com/images/g/pP0AAeSw5D5p8eqL/s-l960.webp,C:\AIprojects\openclaw_difi\Database\eBay_Online_Cover_Audit\images\Sticker-Zen-0024_online.jpg,C:\AIprojects\openclaw_difi\Output\Sticker\Kiss-Cut\MASTER_Sticker-Zen-0024_Ready_for_Steaming\Cover_Mockup.png,C:\AIprojects\openclaw_difi\Output\Sticker\Kiss-Cut\MASTER_Sticker-Zen-0024_Ready_for_Steaming\Sticker-Zen-0024_U1_Grid.png,U2,C:\AIprojects\openclaw_difi\Output\Sticker\Kiss-Cut\MASTER_Sticker-Zen-0024_Ready_for_Steaming\Sticker-Zen-0024_U2_Grid.png,239,1,LIKELY_SINGLE_U_MISMATCH,U2 closer by 238,
2026-05-05T22:20:28-04:00,Sticker-Zen-0025,406892327989,69f1cb4ef6b83091a50959f5,Koi Fish in Jade Pond Hisui no Koi Mindful Zen 4pc 6x6 Vinyl Sticker Yoga Luck,https://www.ebay.com/itm/406892327989,https://i.ebayimg.com/images/g/sfMAAeSwmT1p8dsV/s-l960.webp,C:\AIprojects\openclaw_difi\Database\eBay_Online_Cover_Audit\images\Sticker-Zen-0025_online.jpg,C:\AIprojects\openclaw_difi\Output\Sticker\Kiss-Cut\MASTER_Sticker-Zen-0025_Ready_for_Steaming\Cover_Mockup.png,C:\AIprojects\openclaw_difi\Output\Sticker\Kiss-Cut\MASTER_Sticker-Zen-0025_Ready_for_Steaming\Sticker-Zen-0025_U1_Grid.png,U4,C:\AIprojects\openclaw_difi\Output\Sticker\Kiss-Cut\MASTER_Sticker-Zen-0025_Ready_for_Steaming\Sticker-Zen-0025_U4_Grid.png,331,0,LIKELY_SINGLE_U_MISMATCH,U4 closer by 331,
2026-05-05T22:20:38-04:00,Sticker-Zen-0027,406892414741,69f1ce0f11e0745fcb0da03a,Minimal Zen Temple Lantern Zendera no T r 4pc 6x6 Sticker Sheet Serene Mindful,https://www.ebay.com/itm/406892414741,https://i.ebayimg.com/images/g/7FcAAeSwl5xp8eqf/s-l960.webp,C:\AIprojects\openclaw_difi\Database\eBay_Online_Cover_Audit\images\Sticker-Zen-0027_online.jpg,C:\AIprojects\openclaw_difi\Output\Sticker\Kiss-Cut\MASTER_Sticker-Zen-0027_Ready_for_Steaming\Cover_Mockup.png,C:\AIprojects\openclaw_difi\Output\Sticker\Kiss-Cut\MASTER_Sticker-Zen-0027_Ready_for_Steaming\Sticker-Zen-0027_U1_Grid.png,U2,C:\AIprojects\openclaw_difi\Output\Sticker\Kiss-Cut\MASTER_Sticker-Zen-0027_Ready_for_Steaming\Sticker-Zen-0027_U2_Grid.png,254,1,LIKELY_SINGLE_U_MISMATCH,U2 closer by 253,
2026-05-05T22:20:47-04:00,Sticker-Zen-0041,406902593931,69f1db9382fcf925cf08206d,Minimal Zen Kintsugi Gold Dragon 4pc 6x6 Sticker Sheet Serene Mindful Clean,https://www.ebay.com/itm/406902593931,https://i.ebayimg.com/images/g/uesAAeSw8iBp-Bp3/s-l960.webp,C:\AIprojects\openclaw_difi\Database\eBay_Online_Cover_Audit\images\Sticker-Zen-0041_online.jpg,C:\AIprojects\openclaw_difi\Output\Sticker\Kiss-Cut\MASTER_Sticker-Zen-0041_Ready_for_Steaming\Cover_Mockup.png,C:\AIprojects\openclaw_difi\Output\Sticker\Kiss-Cut\MASTER_Sticker-Zen-0041_Ready_for_Steaming\Sticker-Zen-0041_U1_Grid.png,U2,C:\AIprojects\openclaw_difi\Output\Sticker\Kiss-Cut\MASTER_Sticker-Zen-0041_Ready_for_Steaming\Sticker-Zen-0041_U2_Grid.png,336,0,LIKELY_SINGLE_U_MISMATCH,U2 closer by 336,
2026-05-05T22:20:56-04:00,Sticker-Zen-0042,406902614234,69f2192ae64c9f31b70f2dbd,Bioluminescent Crystal Dragon Minimal Zen 4pc 6x6 Kiss-Cut Vinyl Desk Collector,https://www.ebay.com/itm/406902614234,https://i.ebayimg.com/images/g/OjwAAeSwwtlp-BwB/s-l960.webp,C:\AIprojects\openclaw_difi\Database\eBay_Online_Cover_Audit\images\Sticker-Zen-0042_online.jpg,C:\AIprojects\openclaw_difi\Output\Sticker\Kiss-Cut\MASTER_Sticker-Zen-0042_Ready_for_Steaming\Cover_Mockup.png,C:\AIprojects\openclaw_difi\Output\Sticker\Kiss-Cut\MASTER_Sticker-Zen-0042_Ready_for_Steaming\Sticker-Zen-0042_U1_Grid.png,U1,C:\AIprojects\openclaw_difi\Output\Sticker\Kiss-Cut\MASTER_Sticker-Zen-0042_Ready_for_Steaming\Sticker-Zen-0042_U1_Grid.png,333,0,LIKELY_SINGLE_U_MISMATCH,U1 closer by 333,
2026-05-05T22:21:05-04:00,Sticker-Zen-0044,406902622710,69f2396ccaeb1241880b692d,Zen Aesthetic Dragon Coil 4pc 6x6 Kiss-Cut Sticker Laptop Journal Water Bottle,https://www.ebay.com/itm/406902622710,https://i.ebayimg.com/images/g/I~8AAeSw-jZp-B2c/s-l960.webp,C:\AIprojects\openclaw_difi\Database\eBay_Online_Cover_Audit\images\Sticker-Zen-0044_online.jpg,C:\AIprojects\openclaw_difi\Output\Sticker\Kiss-Cut\MASTER_Sticker-Zen-0044_Ready_for_Steaming\Cover_Mockup.png,C:\AIprojects\openclaw_difi\Output\Sticker\Kiss-Cut\MASTER_Sticker-Zen-0044_Ready_for_Steaming\Sticker-Zen-0044_U1_Grid.png,U3,C:\AIprojects\openclaw_difi\Output\Sticker\Kiss-Cut\MASTER_Sticker-Zen-0044_Ready_for_Steaming\Sticker-Zen-0044_U3_Grid.png,296,1,LIKELY_SINGLE_U_MISMATCH,U3 closer by 295,
2026-05-05T22:21:15-04:00,Sticker-Zen-0045,406902640998,69f21a5da7777da1970fd378,Floating Dragon Minimal Zen 4pc 6x6 Kiss-Cut Vinyl Desk Collector Decor Sky Art,https://www.ebay.com/itm/406902640998,https://i.ebayimg.com/images/g/a6QAAeSwSQRp-CBe/s-l960.webp,C:\AIprojects\openclaw_difi\Database\eBay_Online_Cover_Audit\images\Sticker-Zen-0045_online.jpg,C:\AIprojects\openclaw_difi\Output\Sticker\Kiss-Cut\MASTER_Sticker-Zen-0045_Ready_for_Steaming\Cover_Mockup.png,C:\AIprojects\openclaw_difi\Output\Sticker\Kiss-Cut\MASTER_Sticker-Zen-0045_Ready_for_Steaming\Sticker-Zen-0045_U1_Grid.png,U4,C:\AIprojects\openclaw_difi\Output\Sticker\Kiss-Cut\MASTER_Sticker-Zen-0045_Ready_for_Steaming\Sticker-Zen-0045_U4_Grid.png,290,0,LIKELY_SINGLE_U_MISMATCH,U4 closer by 290,
2026-05-05T22:21:24-04:00,Sticker-Zen-0046,406902663232,69f21b07b0d6b88b2805ebe3,Zen Aesthetic Dragon and Pearl 4pc 6x6 Kiss-Cut Sticker Laptop Journal Water,https://www.ebay.com/itm/406902663232,https://i.ebayimg.com/images/g/drMAAeSwVJVp-CJQ/s-l960.webp,C:\AIprojects\openclaw_difi\Database\eBay_Online_Cover_Audit\images\Sticker-Zen-0046_online.jpg,C:\AIprojects\openclaw_difi\Output\Sticker\Kiss-Cut\MASTER_Sticker-Zen-0046_Ready_for_Steaming\Cover_Mockup.png,C:\AIprojects\openclaw_difi\Output\Sticker\Kiss-Cut\MASTER_Sticker-Zen-0046_Ready_for_Steaming\Sticker-Zen-0046_U1_Grid.png,U4,C:\AIprojects\openclaw_difi\Output\Sticker\Kiss-Cut\MASTER_Sticker-Zen-0046_Ready_for_Steaming\Sticker-Zen-0046_U4_Grid.png,274,0,LIKELY_SINGLE_U_MISMATCH,U4 closer by 274,
2026-05-05T22:21:33-04:00,Sticker-Zen-0049,406902713267,69f23a2fa7777da1970fe60d,Sleeping Dragon Minimal Zen 4pc 6x6 Kiss-Cut Vinyl Desk Collector Decor Laptop,https://www.ebay.com/itm/406902713267,https://i.ebayimg.com/images/g/oo8AAeSwiY5p-Cdm/s-l960.webp,C:\AIprojects\openclaw_difi\Database\eBay_Online_Cover_Audit\images\Sticker-Zen-0049_online.jpg,C:\AIprojects\openclaw_difi\Output\Sticker\Kiss-Cut\MASTER_Sticker-Zen-0049_Ready_for_Steaming\Cover_Mockup.png,C:\AIprojects\openclaw_difi\Output\Sticker\Kiss-Cut\MASTER_Sticker-Zen-0049_Ready_for_Steaming\Sticker-Zen-0049_U1_Grid.png,U4,C:\AIprojects\openclaw_difi\Output\Sticker\Kiss-Cut\MASTER_Sticker-Zen-0049_Ready_for_Steaming\Sticker-Zen-0049_U4_Grid.png,321,0,LIKELY_SINGLE_U_MISMATCH,U4 closer by 321,
2026-05-05T22:21:43-04:00,Sticker-Zen-0050,406902886081,69f23a99c326d7da170bfe8d,Translucent Jade Dragon Mindful Zen 4pc 6x6 Vinyl Sticker Yoga Minimalist Gift,https://www.ebay.com/itm/406902886081,https://i.ebayimg.com/images/g/zy0AAeSwx-9p-D2U/s-l960.webp,C:\AIprojects\openclaw_difi\Database\eBay_Online_Cover_Audit\images\Sticker-Zen-0050_online.jpg,C:\AIprojects\openclaw_difi\Output\Sticker\Kiss-Cut\MASTER_Sticker-Zen-0050_Ready_for_Steaming\Cover_Mockup.png,C:\AIprojects\openclaw_difi\Output\Sticker\Kiss-Cut\MASTER_Sticker-Zen-0050_Ready_for_Steaming\Sticker-Zen-0050_U1_Grid.png,U2,C:\AIprojects\openclaw_difi\Output\Sticker\Kiss-Cut\MASTER_Sticker-Zen-0050_Ready_for_Steaming\Sticker-Zen-0050_U2_Grid.png,277,0,LIKELY_SINGLE_U_MISMATCH,U2 closer by 277,
2026-05-05T22:21:52-04:00,Sticker-Zen-0051,406902889638,69f23b5ce64c9f31b70f415b,Kintsugi Gold Dragon Mindful Zen 4pc 6x6 Vinyl Sticker Yoga Minimalist Gift,https://www.ebay.com/itm/406902889638,https://i.ebayimg.com/images/g/BZYAAeSwhANp-D5g/s-l960.webp,C:\AIprojects\openclaw_difi\Database\eBay_Online_Cover_Audit\images\Sticker-Zen-0051_online.jpg,C:\AIprojects\openclaw_difi\Output\Sticker\Kiss-Cut\MASTER_Sticker-Zen-0051_Ready_for_Steaming\Cover_Mockup.png,C:\AIprojects\openclaw_difi\Output\Sticker\Kiss-Cut\MASTER_Sticker-Zen-0051_Ready_for_Steaming\Sticker-Zen-0051_U1_Grid.png,U3,C:\AIprojects\openclaw_difi\Output\Sticker\Kiss-Cut\MASTER_Sticker-Zen-0051_Ready_for_Steaming\Sticker-Zen-0051_U3_Grid.png,306,1,LIKELY_SINGLE_U_MISMATCH,U3 closer by 305,
2026-05-05T22:22:02-04:00,Sticker-Zen-0052,406902896387,69f23c10caeb1241880b6afe,Bioluminescent Dragon 4pc 6x6 Kiss-Cut Sticker Zen Aesthetic Laptop Journal,https://www.ebay.com/itm/406902896387,https://i.ebayimg.com/images/g/RqcAAeSwCctp-D9C/s-l960.webp,C:\AIprojects\openclaw_difi\Database\eBay_Online_Cover_Audit\images\Sticker-Zen-0052_online.jpg,C:\AIprojects\openclaw_difi\Output\Sticker\Kiss-Cut\MASTER_Sticker-Zen-0052_Ready_for_Steaming\Cover_Mockup.png,C:\AIprojects\openclaw_difi\Output\Sticker\Kiss-Cut\MASTER_Sticker-Zen-0052_Ready_for_Steaming\Sticker-Zen-0052_U1_Grid.png,U3,C:\AIprojects\openclaw_difi\Output\Sticker\Kiss-Cut\MASTER_Sticker-Zen-0052_Ready_for_Steaming\Sticker-Zen-0052_U3_Grid.png,259,1,LIKELY_SINGLE_U_MISMATCH,U3 closer by 258,
2026-05-05T22:22:11-04:00,Sticker-Zen-0053,406902900109,69f252f4357398ded80f61c9,Crystalline Dragon Minimal Zen 4pc 6x6 Kiss-Cut Vinyl Desk Collector Decor Gift,https://www.ebay.com/itm/406902900109,https://i.ebayimg.com/images/g/kEQAAeSwntxp-D~3/s-l960.webp,C:\AIprojects\openclaw_difi\Database\eBay_Online_Cover_Audit\images\Sticker-Zen-0053_online.jpg,C:\AIprojects\openclaw_difi\Output\Sticker\Kiss-Cut\MASTER_Sticker-Zen-0053_Ready_for_Steaming\Cover_Mockup.png,C:\AIprojects\openclaw_difi\Output\Sticker\Kiss-Cut\MASTER_Sticker-Zen-0053_Ready_for_Steaming\Sticker-Zen-0053_U1_Grid.png,U2,C:\AIprojects\openclaw_difi\Output\Sticker\Kiss-Cut\MASTER_Sticker-Zen-0053_Ready_for_Steaming\Sticker-Zen-0053_U2_Grid.png,232,2,LIKELY_SINGLE_U_MISMATCH,U2 closer by 230,
2026-05-05T22:22:21-04:00,Sticker-Zen-0054,406903032635,69f253bc357398ded80f6242,Dragon Meditation Minimal Zen 4pc 6x6 Kiss-Cut Vinyl Desk Collector Decor Gift,https://www.ebay.com/itm/406903032635,https://i.ebayimg.com/images/g/Q2AAAeSwI-5p-FfC/s-l960.webp,C:\AIprojects\openclaw_difi\Database\eBay_Online_Cover_Audit\images\Sticker-Zen-0054_online.jpg,C:\AIprojects\openclaw_difi\Output\Sticker\Kiss-Cut\MASTER_Sticker-Zen-0054_Ready_for_Steaming\Cover_Mockup.png,C:\AIprojects\openclaw_difi\Output\Sticker\Kiss-Cut\MASTER_Sticker-Zen-0054_Ready_for_Steaming\Sticker-Zen-0054_U1_Grid.png,U2,C:\AIprojects\openclaw_difi\Output\Sticker\Kiss-Cut\MASTER_Sticker-Zen-0054_Ready_for_Steaming\Sticker-Zen-0054_U2_Grid.png,331,0,LIKELY_SINGLE_U_MISMATCH,U2 closer by 331,
2026-05-05T22:22:30-04:00,Sticker-Zen-0055,406903037933,69f2547229c1d0349a00e796,Mindful Zen Azure Dragon Warrior 4pc 6x6 Vinyl Sticker Laptop Journal Gift Desk,https://www.ebay.com/itm/406903037933,https://i.ebayimg.com/images/g/0EwAAeSwRxtp-Fis/s-l960.webp,C:\AIprojects\openclaw_difi\Database\eBay_Online_Cover_Audit\images\Sticker-Zen-0055_online.jpg,C:\AIprojects\openclaw_difi\Output\Sticker\Kiss-Cut\MASTER_Sticker-Zen-0055_Ready_for_Steaming\Cover_Mockup.png,C:\AIprojects\openclaw_difi\Output\Sticker\Kiss-Cut\MASTER_Sticker-Zen-0055_Ready_for_Steaming\Sticker-Zen-0055_U1_Grid.png,U1,C:\AIprojects\openclaw_difi\Output\Sticker\Kiss-Cut\MASTER_Sticker-Zen-0055_Ready_for_Steaming\Sticker-Zen-0055_U1_Grid.png,291,0,LIKELY_SINGLE_U_MISMATCH,U1 closer by 291,
2026-05-05T22:22:39-04:00,Sticker-Zen-0056,406903041315,69f25526ad218fe47f0cc0d3,Dragon Cherry Blossom 4pc 6x6 Kiss-Cut Sticker Zen Aesthetic Laptop Journal,https://www.ebay.com/itm/406903041315,https://i.ebayimg.com/images/g/42AAAeSwp2Jp-Fmk/s-l960.webp,C:\AIprojects\openclaw_difi\Database\eBay_Online_Cover_Audit\images\Sticker-Zen-0056_online.jpg,C:\AIprojects\openclaw_difi\Output\Sticker\Kiss-Cut\MASTER_Sticker-Zen-0056_Ready_for_Steaming\Cover_Mockup.png,C:\AIprojects\openclaw_difi\Output\Sticker\Kiss-Cut\MASTER_Sticker-Zen-0056_Ready_for_Steaming\Sticker-Zen-0056_U1_Grid.png,U1,C:\AIprojects\openclaw_difi\Output\Sticker\Kiss-Cut\MASTER_Sticker-Zen-0056_Ready_for_Steaming\Sticker-Zen-0056_U1_Grid.png,260,2,LIKELY_SINGLE_U_MISMATCH,U1 closer by 258,
2026-05-05T22:22:48-04:00,Sticker-Zen-0057,406903044643,69f255dae64c9f31b70f4ea6,Moonlit Dragon 4pc 6x6 Kiss-Cut Sticker Zen Aesthetic Laptop Journal Desk Decor,https://www.ebay.com/itm/406903044643,https://i.ebayimg.com/images/g/M08AAeSwrclp-Fp5/s-l960.webp,C:\AIprojects\openclaw_difi\Database\eBay_Online_Cover_Audit\images\Sticker-Zen-0057_online.jpg,C:\AIprojects\openclaw_difi\Output\Sticker\Kiss-Cut\MASTER_Sticker-Zen-0057_Ready_for_Steaming\Cover_Mockup.png,C:\AIprojects\openclaw_difi\Output\Sticker\Kiss-Cut\MASTER_Sticker-Zen-0057_Ready_for_Steaming\Sticker-Zen-0057_U1_Grid.png,U2,C:\AIprojects\openclaw_difi\Output\Sticker\Kiss-Cut\MASTER_Sticker-Zen-0057_Ready_for_Steaming\Sticker-Zen-0057_U2_Grid.png,288,1,LIKELY_SINGLE_U_MISMATCH,U2 closer by 287,
2026-05-05T22:22:59-04:00,Sticker-Zen-0058,406903049411,69f259bc5f78c14a7b0a4760,Minimal Zen Dragon Calligraphy 4pc 6x6 Sticker Sheet Serene Mindful Clean Decor,https://www.ebay.com/itm/406903049411,https://i.ebayimg.com/images/g/dw0AAeSw2Cpp-Ftn/s-l960.webp,C:\AIprojects\openclaw_difi\Database\eBay_Online_Cover_Audit\images\Sticker-Zen-0058_online.jpg,C:\AIprojects\openclaw_difi\Output\Sticker\Kiss-Cut\MASTER_Sticker-Zen-0058_Ready_for_Steaming\Cover_Mockup.png,C:\AIprojects\openclaw_difi\Output\Sticker\Kiss-Cut\MASTER_Sticker-Zen-0058_Ready_for_Steaming\Sticker-Zen-0058_U1_Grid.png,U1,C:\AIprojects\openclaw_difi\Output\Sticker\Kiss-Cut\MASTER_Sticker-Zen-0058_Ready_for_Steaming\Sticker-Zen-0058_U1_Grid.png,250,0,LIKELY_SINGLE_U_MISMATCH,U1 closer by 250,
2026-05-05T22:23:09-04:00,Sticker-Zen-0060,406903249053,69f25a86a7777da1970ff5f3,Minimal Zen Translucent Jade Dragon 4pc 6x6 Sticker Sheet Serene Mindful Clean,https://www.ebay.com/itm/406903249053,https://i.ebayimg.com/images/g/FpcAAeSwZoxp-Hhr/s-l960.webp,C:\AIprojects\openclaw_difi\Database\eBay_Online_Cover_Audit\images\Sticker-Zen-0060_online.jpg,C:\AIprojects\openclaw_difi\Output\Sticker\Kiss-Cut\MASTER_Sticker-Zen-0060_Ready_for_Steaming\Cover_Mockup.png,C:\AIprojects\openclaw_difi\Output\Sticker\Kiss-Cut\MASTER_Sticker-Zen-0060_Ready_for_Steaming\Sticker-Zen-0060_U1_Grid.png,U1,C:\AIprojects\openclaw_difi\Output\Sticker\Kiss-Cut\MASTER_Sticker-Zen-0060_Ready_for_Steaming\Sticker-Zen-0060_U1_Grid.png,262,0,LIKELY_SINGLE_U_MISMATCH,U1 closer by 262,
2026-05-05T22:23:20-04:00,Sticker-Zen-0061,406903249987,69f25b3ce64c9f31b70f50ed,Minimal Zen Kintsugi Gold Dragon 4pc 6x6 Sticker Sheet Serene Mindful Calm Gift,https://www.ebay.com/itm/406903249987,https://i.ebayimg.com/images/g/jPMAAeSwPw9p-HiX/s-l960.webp,C:\AIprojects\openclaw_difi\Database\eBay_Online_Cover_Audit\images\Sticker-Zen-0061_online.jpg,C:\AIprojects\openclaw_difi\Output\Sticker\Kiss-Cut\MASTER_Sticker-Zen-0061_Ready_for_Steaming\Cover_Mockup.png,C:\AIprojects\openclaw_difi\Output\Sticker\Kiss-Cut\MASTER_Sticker-Zen-0061_Ready_for_Steaming\Sticker-Zen-0061_U1_Grid.png,U2,C:\AIprojects\openclaw_difi\Output\Sticker\Kiss-Cut\MASTER_Sticker-Zen-0061_Ready_for_Steaming\Sticker-Zen-0061_U2_Grid.png,288,0,LIKELY_SINGLE_U_MISMATCH,U2 closer by 288,
2026-05-05T22:23:32-04:00,Sticker-Zen-0062,406903250891,69f25bee9b469f716d0e7056,Zen Aesthetic Bioluminescent Dragon 4pc 6x6 Kiss-Cut Sticker Laptop Journal,https://www.ebay.com/itm/406903250891,https://i.ebayimg.com/images/g/V34AAeSwDeVp-HjF/s-l960.webp,C:\AIprojects\openclaw_difi\Database\eBay_Online_Cover_Audit\images\Sticker-Zen-0062_online.jpg,C:\AIprojects\openclaw_difi\Output\Sticker\Kiss-Cut\MASTER_Sticker-Zen-0062_Ready_for_Steaming\Cover_Mockup.png,C:\AIprojects\openclaw_difi\Output\Sticker\Kiss-Cut\MASTER_Sticker-Zen-0062_Ready_for_Steaming\Sticker-Zen-0062_U1_Grid.png,U2,C:\AIprojects\openclaw_difi\Output\Sticker\Kiss-Cut\MASTER_Sticker-Zen-0062_Ready_for_Steaming\Sticker-Zen-0062_U2_Grid.png,255,0,LIKELY_SINGLE_U_MISMATCH,U2 closer by 255,
2026-05-05T22:23:41-04:00,Sticker-Zen-0063,406903252007,69f25ca39577aaffd5066a80,Crystalline Dragon Core 4pc 6x6 Kiss-Cut Sticker Zen Aesthetic Laptop Journal,https://www.ebay.com/itm/406903252007,https://i.ebayimg.com/images/g/UQYAAeSwUbhp-Hjy/s-l960.webp,C:\AIprojects\openclaw_difi\Database\eBay_Online_Cover_Audit\images\Sticker-Zen-0063_online.jpg,C:\AIprojects\openclaw_difi\Output\Sticker\Kiss-Cut\MASTER_Sticker-Zen-0063_Ready_for_Steaming\Cover_Mockup.png,C:\AIprojects\openclaw_difi\Output\Sticker\Kiss-Cut\MASTER_Sticker-Zen-0063_Ready_for_Steaming\Sticker-Zen-0063_U1_Grid.png,U2,C:\AIprojects\openclaw_difi\Output\Sticker\Kiss-Cut\MASTER_Sticker-Zen-0063_Ready_for_Steaming\Sticker-Zen-0063_U2_Grid.png,295,0,LIKELY_SINGLE_U_MISMATCH,U2 closer by 295,
2026-05-05T22:23:52-04:00,Sticker-Zen-0066,406903252739,69f25d56c326d7da170c0f79,Golden Vein Circuitry Dragon 4pc 6x6 Kiss-Cut Sticker Zen Aesthetic Laptop Gift,https://www.ebay.com/itm/406903252739,https://i.ebayimg.com/images/g/ryQAAeSw8oNp-Hkg/s-l960.webp,C:\AIprojects\openclaw_difi\Database\eBay_Online_Cover_Audit\images\Sticker-Zen-0066_online.jpg,C:\AIprojects\openclaw_difi\Output\Sticker\Kiss-Cut\MASTER_Sticker-Zen-0066_Ready_for_Steaming\Cover_Mockup.png,C:\AIprojects\openclaw_difi\Output\Sticker\Kiss-Cut\MASTER_Sticker-Zen-0066_Ready_for_Steaming\Sticker-Zen-0066_U1_Grid.png,U1,C:\AIprojects\openclaw_difi\Output\Sticker\Kiss-Cut\MASTER_Sticker-Zen-0066_Ready_for_Steaming\Sticker-Zen-0066_U1_Grid.png,309,0,LIKELY_SINGLE_U_MISMATCH,U1 closer by 309,
2026-05-05T22:24:03-04:00,Sticker-Zen-0069,406903753067,69f26062cd8d04605103d10b,Minimal Zen Dragon Guardian 4pc 6x6 Sticker Sheet Serene Mindful Clean Decor,https://www.ebay.com/itm/406903753067,https://i.ebayimg.com/images/g/mXEAAeSw73lp-LHE/s-l960.webp,C:\AIprojects\openclaw_difi\Database\eBay_Online_Cover_Audit\images\Sticker-Zen-0069_online.jpg,C:\AIprojects\openclaw_difi\Output\Sticker\Kiss-Cut\MASTER_Sticker-Zen-0069_Ready_for_Steaming\Cover_Mockup.png,C:\AIprojects\openclaw_difi\Output\Sticker\Kiss-Cut\MASTER_Sticker-Zen-0069_Ready_for_Steaming\Sticker-Zen-0069_U1_Grid.png,U4,C:\AIprojects\openclaw_difi\Output\Sticker\Kiss-Cut\MASTER_Sticker-Zen-0069_Ready_for_Steaming\Sticker-Zen-0069_U4_Grid.png,301,0,LIKELY_SINGLE_U_MISMATCH,U4 closer by 301,
2026-05-05T22:24:13-04:00,Sticker-Zen-0070,406903757240,69f261185f78c14a7b0a4b29,Minimal Zen Jade Phoenix Ascension 4pc 6x6 Sticker Sheet Serene Mindful Clean,https://www.ebay.com/itm/406903757240,https://i.ebayimg.com/images/g/kO8AAeSwmmlp-LKH/s-l960.webp,C:\AIprojects\openclaw_difi\Database\eBay_Online_Cover_Audit\images\Sticker-Zen-0070_online.jpg,C:\AIprojects\openclaw_difi\Output\Sticker\Kiss-Cut\MASTER_Sticker-Zen-0070_Ready_for_Steaming\Cover_Mockup.png,C:\AIprojects\openclaw_difi\Output\Sticker\Kiss-Cut\MASTER_Sticker-Zen-0070_Ready_for_Steaming\Sticker-Zen-0070_U1_Grid.png,U2,C:\AIprojects\openclaw_difi\Output\Sticker\Kiss-Cut\MASTER_Sticker-Zen-0070_Ready_for_Steaming\Sticker-Zen-0070_U2_Grid.png,207,0,LIKELY_SINGLE_U_MISMATCH,U2 closer by 207,
2026-05-05T22:24:24-04:00,Sticker-Zen-0071,406903762328,69f261cd5269e3325904b816,Zen Aesthetic Lotus Lantern Vessel 4pc 6x6 Kiss-Cut Sticker Laptop Journal Gift,https://www.ebay.com/itm/406903762328,https://i.ebayimg.com/images/g/S-8AAeSwAKZp-LNt/s-l960.webp,C:\AIprojects\openclaw_difi\Database\eBay_Online_Cover_Audit\images\Sticker-Zen-0071_online.jpg,C:\AIprojects\openclaw_difi\Output\Sticker\Kiss-Cut\MASTER_Sticker-Zen-0071_Ready_for_Steaming\Cover_Mockup.png,C:\AIprojects\openclaw_difi\Output\Sticker\Kiss-Cut\MASTER_Sticker-Zen-0071_Ready_for_Steaming\Sticker-Zen-0071_U1_Grid.png,U1,C:\AIprojects\openclaw_difi\Output\Sticker\Kiss-Cut\MASTER_Sticker-Zen-0071_Ready_for_Steaming\Sticker-Zen-0071_U1_Grid.png,215,1,LIKELY_SINGLE_U_MISMATCH,U1 closer by 214,
2026-05-05T22:30:54-04:00,Poster-Academia-0001,406902584620,69f28800cd8d04605103e53a,Celestial Gateway Dark Academia Poster 12x18 Study Decor Moonstone Architecture,https://www.ebay.com/itm/406902584620,https://i.ebayimg.com/images/g/cY4AAeSwNIpp-BmA/s-l960.webp,C:\AIprojects\openclaw_difi\Database\eBay_Online_Cover_Audit\images\Poster-Academia-0001_online.jpg,C:\AIprojects\openclaw_difi\Output\Poster\Premium-Matte-Vertical\MASTER_Poster-Academia-0001_Ready_for_Steaming\Cover_Mockup.png,C:\AIprojects\openclaw_difi\Output\Poster\Premium-Matte-Vertical\MASTER_Poster-Academia-0001_Ready_for_Steaming\Gallery_U1.png,U1,C:\AIprojects\openclaw_difi\Output\Poster\Premium-Matte-Vertical\MASTER_Poster-Academia-0001_Ready_for_Steaming\Gallery_U1.png,134,1,LIKELY_SINGLE_U_MISMATCH,U1 closer by 133,
2026-05-05T22:31:14-04:00,Poster-Academia-0002,406902600741,69f2906f7f1017d51b0d5f76,Dark Academia Obsidian Threshold Poster 12x18 Vintage Study Decor Mentor Wisdom,https://www.ebay.com/itm/406902600741,https://i.ebayimg.com/images/g/XlwAAeSwhYVp-BsC/s-l960.webp,C:\AIprojects\openclaw_difi\Database\eBay_Online_Cover_Audit\images\Poster-Academia-0002_online.jpg,C:\AIprojects\openclaw_difi\Output\Poster\Premium-Matte-Vertical\MASTER_Poster-Academia-0002_Ready_for_Steaming\Cover_Mockup.png,C:\AIprojects\openclaw_difi\Output\Poster\Premium-Matte-Vertical\MASTER_Poster-Academia-0002_Ready_for_Steaming\Gallery_U1.png,U1,C:\AIprojects\openclaw_difi\Output\Poster\Premium-Matte-Vertical\MASTER_Poster-Academia-0002_Ready_for_Steaming\Gallery_U1.png,0,0,AMBIGUOUS,close distances cover=0 U1=0,
2026-05-05T22:31:26-04:00,Poster-Academia-0003,406902616799,69f29152357398ded80f8178,Dark Academia Serpentine Portal of Alchemical Texts 12x18 Poster Study Decor,https://www.ebay.com/itm/406902616799,https://i.ebayimg.com/images/g/RTsAAeSwa5xp-ByX/s-l960.webp,C:\AIprojects\openclaw_difi\Database\eBay_Online_Cover_Audit\images\Poster-Academia-0003_online.jpg,C:\AIprojects\openclaw_difi\Output\Poster\Premium-Matte-Vertical\MASTER_Poster-Academia-0003_Ready_for_Steaming\Cover_Mockup.png,C:\AIprojects\openclaw_difi\Output\Poster\Premium-Matte-Vertical\MASTER_Poster-Academia-0003_Ready_for_Steaming\Gallery_U1.png,U1,C:\AIprojects\openclaw_difi\Output\Poster\Premium-Matte-Vertical\MASTER_Poster-Academia-0003_Ready_for_Steaming\Gallery_U1.png,268,239,LIKELY_SINGLE_U_MISMATCH,U1 closer by 29,
2026-05-05T22:31:40-04:00,Acrylic-Academia-0001,406902588642,69f298dc9577aaffd50689b0,Astrolabe Compass Ritual Disc Dark Academia 5x7 Acrylic Art Study Decor Shelf,https://www.ebay.com/itm/406902588642,https://i.ebayimg.com/images/g/9zAAAeSwY5xp-BoV/s-l960.webp,C:\AIprojects\openclaw_difi\Database\eBay_Online_Cover_Audit\images\Acrylic-Academia-0001_online.jpg,C:\AIprojects\openclaw_difi\Output\Acrylic\Photo-Block\MASTER_Acrylic-Academia-0001_Ready_for_Steaming\Cover_Mockup.png,C:\AIprojects\openclaw_difi\Output\Acrylic\Photo-Block\MASTER_Acrylic-Academia-0001_Ready_for_Steaming\Gallery_U1.png,U1,C:\AIprojects\openclaw_difi\Output\Acrylic\Photo-Block\MASTER_Acrylic-Academia-0001_Ready_for_Steaming\Gallery_U1.png,268,268,AMBIGUOUS,close distances cover=268 U1=268,
2026-05-05T22:31:57-04:00,Acrylic-Grimdark-0081,406902606976,69f299c1a3119247600cbe18,Plague Doctor Raven Skull Grimdark Alchemy 5x7 Acrylic Art Block Collectible,https://www.ebay.com/itm/406902606976,https://i.ebayimg.com/images/g/YIMAAeSw1Clp-Bt3/s-l960.webp,C:\AIprojects\openclaw_difi\Database\eBay_Online_Cover_Audit\images\Acrylic-Grimdark-0081_online.jpg,C:\AIprojects\openclaw_difi\Output\Acrylic\Photo-Block\MASTER_Acrylic-Grimdark-0081_Ready_for_Steaming\Cover_Mockup.png,C:\AIprojects\openclaw_difi\Output\Acrylic\Photo-Block\MASTER_Acrylic-Grimdark-0081_Ready_for_Steaming\Gallery_U1.png,U1,C:\AIprojects\openclaw_difi\Output\Acrylic\Photo-Block\MASTER_Acrylic-Grimdark-0081_Ready_for_Steaming\Gallery_U1.png,274,224,LIKELY_SINGLE_U_MISMATCH,U1 closer by 50,
2026-05-05T22:32:10-04:00,Acrylic-Zen-0001,406902620519,69f29a72c411a56f6902930d,Zen Mechanical Crane 5x7 Acrylic Block Desk Art Calm Decor Origami Sculpture,https://www.ebay.com/itm/406902620519,https://i.ebayimg.com/images/g/SEMAAeSwnflp-B0-/s-l960.webp,C:\AIprojects\openclaw_difi\Database\eBay_Online_Cover_Audit\images\Acrylic-Zen-0001_online.jpg,C:\AIprojects\openclaw_difi\Output\Acrylic\Photo-Block\MASTER_Acrylic-Zen-0001_Ready_for_Steaming\Cover_Mockup.png,C:\AIprojects\openclaw_difi\Output\Acrylic\Photo-Block\MASTER_Acrylic-Zen-0001_Ready_for_Steaming\Gallery_U1.png,U1,C:\AIprojects\openclaw_difi\Output\Acrylic\Photo-Block\MASTER_Acrylic-Zen-0001_Ready_for_Steaming\Gallery_U1.png,237,7,LIKELY_SINGLE_U_MISMATCH,U1 closer by 230,
2026-05-05T22:32:21-04:00,Poster-Academia-0081,406902627420,69f29fe09577aaffd5068e03,Celestial Armillary Sphere Dark Academia Poster 12x18 Scholar Study Decor Wall,https://www.ebay.com/itm/406902627420,https://i.ebayimg.com/images/g/ILAAAeSwSoFp-B6P/s-l960.webp,C:\AIprojects\openclaw_difi\Database\eBay_Online_Cover_Audit\images\Poster-Academia-0081_online.jpg,C:\AIprojects\openclaw_difi\Output\Poster\Premium-Matte-Vertical\MASTER_Poster-Academia-0081_Ready_for_Steaming\Cover_Mockup.png,C:\AIprojects\openclaw_difi\Output\Poster\Premium-Matte-Vertical\MASTER_Poster-Academia-0081_Ready_for_Steaming\Gallery_U1.png,U1,C:\AIprojects\openclaw_difi\Output\Poster\Premium-Matte-Vertical\MASTER_Poster-Academia-0081_Ready_for_Steaming\Gallery_U1.png,215,215,AMBIGUOUS,close distances cover=215 U1=215,
2026-05-05T22:32:38-04:00,Poster-Academia-0082,406902648209,69f2a0cacaeb1241880b9e8d,Celestial Armillary Codex Academia Poster 12x18 Vintage Astronomy Decor Wall,https://www.ebay.com/itm/406902648209,https://i.ebayimg.com/images/g/hWIAAeSwuqdp-CDh/s-l960.webp,C:\AIprojects\openclaw_difi\Database\eBay_Online_Cover_Audit\images\Poster-Academia-0082_online.jpg,C:\AIprojects\openclaw_difi\Output\Poster\Premium-Matte-Vertical\MASTER_Poster-Academia-0082_Ready_for_Steaming\Cover_Mockup.png,C:\AIprojects\openclaw_difi\Output\Poster\Premium-Matte-Vertical\MASTER_Poster-Academia-0082_Ready_for_Steaming\Gallery_U1.png,U1,C:\AIprojects\openclaw_difi\Output\Poster\Premium-Matte-Vertical\MASTER_Poster-Academia-0082_Ready_for_Steaming\Gallery_U1.png,189,189,AMBIGUOUS,close distances cover=189 U1=189,
2026-05-05T22:32:49-04:00,Poster-Academia-0083,406902669660,69f2a1b8a7777da197101a96,Academia Mentor-Grade Cosmic Lotus Observatory 12x18 Poster Steampunk Study,https://www.ebay.com/itm/406902669660,https://i.ebayimg.com/images/g/Sc8AAeSwtK1p-CNd/s-l960.webp,C:\AIprojects\openclaw_difi\Database\eBay_Online_Cover_Audit\images\Poster-Academia-0083_online.jpg,C:\AIprojects\openclaw_difi\Output\Poster\Premium-Matte-Vertical\MASTER_Poster-Academia-0083_Ready_for_Steaming\Cover_Mockup.png,C:\AIprojects\openclaw_difi\Output\Poster\Premium-Matte-Vertical\MASTER_Poster-Academia-0083_Ready_for_Steaming\Gallery_U1.png,U1,C:\AIprojects\openclaw_difi\Output\Poster\Premium-Matte-Vertical\MASTER_Poster-Academia-0083_Ready_for_Steaming\Gallery_U1.png,151,151,AMBIGUOUS,close distances cover=151 U1=151,
2026-05-05T22:33:02-04:00,Poster-Academia-0084,406902691983,69f2a2aacaeb1241880b9f6b,Astrolabe Chalice Relic Dark Academia Poster 12x18 Vintage Study Decor Wall,https://www.ebay.com/itm/406902691983,https://i.ebayimg.com/images/g/ubEAAeSwzN5p-CVb/s-l960.webp,C:\AIprojects\openclaw_difi\Database\eBay_Online_Cover_Audit\images\Poster-Academia-0084_online.jpg,C:\AIprojects\openclaw_difi\Output\Poster\Premium-Matte-Vertical\MASTER_Poster-Academia-0084_Ready_for_Steaming\Cover_Mockup.png,C:\AIprojects\openclaw_difi\Output\Poster\Premium-Matte-Vertical\MASTER_Poster-Academia-0084_Ready_for_Steaming\Gallery_U1.png,U1,C:\AIprojects\openclaw_difi\Output\Poster\Premium-Matte-Vertical\MASTER_Poster-Academia-0084_Ready_for_Steaming\Gallery_U1.png,122,122,AMBIGUOUS,close distances cover=122 U1=122,
2026-05-05T22:33:14-04:00,Acrylic-Grimdark-0082,406902633400,69f2a7d0e64c9f31b70f79cf,Grimdark Alchemical Terrarium Withered Mandrake Root Chamber 5x7 Acrylic Block,https://www.ebay.com/itm/406902633400,https://i.ebayimg.com/images/g/HZAAAeSwQW9p-B-D/s-l960.webp,C:\AIprojects\openclaw_difi\Database\eBay_Online_Cover_Audit\images\Acrylic-Grimdark-0082_online.jpg,C:\AIprojects\openclaw_difi\Output\Acrylic\Photo-Block\MASTER_Acrylic-Grimdark-0082_Ready_for_Steaming\Cover_Mockup.png,C:\AIprojects\openclaw_difi\Output\Acrylic\Photo-Block\MASTER_Acrylic-Grimdark-0082_Ready_for_Steaming\Gallery_U1.png,U1,C:\AIprojects\openclaw_difi\Output\Acrylic\Photo-Block\MASTER_Acrylic-Grimdark-0082_Ready_for_Steaming\Gallery_U1.png,361,361,AMBIGUOUS,close distances cover=361 U1=361,
2026-05-05T22:33:27-04:00,Acrylic-Zen-0002,406902657898,69f2a8a5357398ded80f8faf,Zen Aesthetic Ritual Bell Shrine 5x7 Acrylic Block for Meditation Desk Shelf,https://www.ebay.com/itm/406902657898,https://i.ebayimg.com/images/g/iK0AAeSwRohp-CHI/s-l960.webp,C:\AIprojects\openclaw_difi\Database\eBay_Online_Cover_Audit\images\Acrylic-Zen-0002_online.jpg,C:\AIprojects\openclaw_difi\Output\Acrylic\Photo-Block\MASTER_Acrylic-Zen-0002_Ready_for_Steaming\Cover_Mockup.png,C:\AIprojects\openclaw_difi\Output\Acrylic\Photo-Block\MASTER_Acrylic-Zen-0002_Ready_for_Steaming\Gallery_U1.png,U1,C:\AIprojects\openclaw_difi\Output\Acrylic\Photo-Block\MASTER_Acrylic-Zen-0002_Ready_for_Steaming\Gallery_U1.png,173,173,AMBIGUOUS,close distances cover=173 U1=173,
2026-05-05T22:33:41-04:00,Acrylic-Zen-0003,406902673249,69f2a9b45f78c14a7b0a7290,Zen Pagoda Fragment Relic 5x7 Acrylic Print Floating Tower Decor Jade Framework,https://www.ebay.com/itm/406902673249,https://i.ebayimg.com/images/g/acYAAeSwAU9p-CPh/s-l960.webp,C:\AIprojects\openclaw_difi\Database\eBay_Online_Cover_Audit\images\Acrylic-Zen-0003_online.jpg,C:\AIprojects\openclaw_difi\Output\Acrylic\Photo-Block\MASTER_Acrylic-Zen-0003_Ready_for_Steaming\Cover_Mockup.png,C:\AIprojects\openclaw_difi\Output\Acrylic\Photo-Block\MASTER_Acrylic-Zen-0003_Ready_for_Steaming\Gallery_U1.png,U1,C:\AIprojects\openclaw_difi\Output\Acrylic\Photo-Block\MASTER_Acrylic-Zen-0003_Ready_for_Steaming\Gallery_U1.png,234,234,AMBIGUOUS,close distances cover=234 U1=234,
2026-05-05T22:33:55-04:00,Poster-Academia-0085,406902882943,69f2b132cd8d04605103fdaa,Orrery Lighthouse Beacon Dark Academia Poster 12x18 Vintage Astronomy Wall Art,https://www.ebay.com/itm/406902882943,https://i.ebayimg.com/images/g/vfsAAeSwwplp-Dzp/s-l960.webp,C:\AIprojects\openclaw_difi\Database\eBay_Online_Cover_Audit\images\Poster-Academia-0085_online.jpg,C:\AIprojects\openclaw_difi\Output\Poster\Premium-Matte-Vertical\MASTER_Poster-Academia-0085_Ready_for_Steaming\Cover_Mockup.png,C:\AIprojects\openclaw_difi\Output\Poster\Premium-Matte-Vertical\MASTER_Poster-Academia-0085_Ready_for_Steaming\Gallery_U1.png,U1,C:\AIprojects\openclaw_difi\Output\Poster\Premium-Matte-Vertical\MASTER_Poster-Academia-0085_Ready_for_Steaming\Gallery_U1.png,167,167,AMBIGUOUS,close distances cover=167 U1=167,
2026-05-05T22:34:09-04:00,Poster-Academia-0091,406902887127,69f2b7ada7777da1971028d7,Dark Academia Celestial Lotus Poster 12x18 Vintage Study Room Wall Art Decor,https://www.ebay.com/itm/406902887127,https://i.ebayimg.com/images/g/ZpEAAeSwm5Bp-D3b/s-l960.webp,C:\AIprojects\openclaw_difi\Database\eBay_Online_Cover_Audit\images\Poster-Academia-0091_online.jpg,C:\AIprojects\openclaw_difi\Output\Poster\Premium-Matte-Vertical\MASTER_Poster-Academia-0091_Ready_for_Steaming\Cover_Mockup.png,C:\AIprojects\openclaw_difi\Output\Poster\Premium-Matte-Vertical\MASTER_Poster-Academia-0091_Ready_for_Steaming\Gallery_U1.png,U1,C:\AIprojects\openclaw_difi\Output\Poster\Premium-Matte-Vertical\MASTER_Poster-Academia-0091_Ready_for_Steaming\Gallery_U1.png,169,169,AMBIGUOUS,close distances cover=169 U1=169,
2026-05-05T22:34:21-04:00,Acrylic-Academia-0003,406902703464,69f2b9c3caeb1241880bae85,Celestial Orrery Tree Bonsai Dark Academia 5x7 Acrylic Block Mentor-Grade Study,https://www.ebay.com/itm/406902703464,https://i.ebayimg.com/images/g/mcIAAeSwEeNp-CZx/s-l960.webp,C:\AIprojects\openclaw_difi\Database\eBay_Online_Cover_Audit\images\Acrylic-Academia-0003_online.jpg,C:\AIprojects\openclaw_difi\Output\Acrylic\Photo-Block\MASTER_Acrylic-Academia-0003_Ready_for_Steaming\Cover_Mockup.png,C:\AIprojects\openclaw_difi\Output\Acrylic\Photo-Block\MASTER_Acrylic-Academia-0003_Ready_for_Steaming\Gallery_U1.png,U1,C:\AIprojects\openclaw_difi\Output\Acrylic\Photo-Block\MASTER_Acrylic-Academia-0003_Ready_for_Steaming\Gallery_U1.png,169,169,AMBIGUOUS,close distances cover=169 U1=169,
2026-05-05T22:34:34-04:00,Acrylic-Grimdark-0083,406902885214,69f2bac6343d8ca093077dd8,Grimdark Ritual Censer Thurible 5x7 Acrylic Block Dark Academia Mentor-Grade,https://www.ebay.com/itm/406902885214,https://i.ebayimg.com/images/g/U18AAeSwI-lp-D1b/s-l960.webp,C:\AIprojects\openclaw_difi\Database\eBay_Online_Cover_Audit\images\Acrylic-Grimdark-0083_online.jpg,C:\AIprojects\openclaw_difi\Output\Acrylic\Photo-Block\MASTER_Acrylic-Grimdark-0083_Ready_for_Steaming\Cover_Mockup.png,C:\AIprojects\openclaw_difi\Output\Acrylic\Photo-Block\MASTER_Acrylic-Grimdark-0083_Ready_for_Steaming\Gallery_U1.png,U1,C:\AIprojects\openclaw_difi\Output\Acrylic\Photo-Block\MASTER_Acrylic-Grimdark-0083_Ready_for_Steaming\Gallery_U1.png,213,213,AMBIGUOUS,close distances cover=213 U1=213,
2026-05-05T22:34:50-04:00,Acrylic-Zen-0004,406902888077,69f2bbbc343d8ca093077e9a,Zen Cyberpunk Koi Automaton 5x7 Acrylic Block - Meditative Desk Sculpture Shelf,https://www.ebay.com/itm/406902888077,https://i.ebayimg.com/images/g/uiUAAeSwpHRp-D4i/s-l960.webp,C:\AIprojects\openclaw_difi\Database\eBay_Online_Cover_Audit\images\Acrylic-Zen-0004_online.jpg,C:\AIprojects\openclaw_difi\Output\Acrylic\Photo-Block\MASTER_Acrylic-Zen-0004_Ready_for_Steaming\Cover_Mockup.png,C:\AIprojects\openclaw_difi\Output\Acrylic\Photo-Block\MASTER_Acrylic-Zen-0004_Ready_for_Steaming\Gallery_U1.png,U1,C:\AIprojects\openclaw_difi\Output\Acrylic\Photo-Block\MASTER_Acrylic-Zen-0004_Ready_for_Steaming\Gallery_U1.png,251,251,AMBIGUOUS,close distances cover=251 U1=251,
2026-05-05T22:35:00-04:00,Acrylic-Zen-0005,406902893289,69f2c22e9b469f716d0ea954,Zen Incense Vessel Constellation 5x7 Acrylic Block for Meditation Desk Shelf,https://www.ebay.com/itm/406902893289,https://i.ebayimg.com/images/g/SoMAAeSwm6Zp-D7i/s-l960.webp,C:\AIprojects\openclaw_difi\Database\eBay_Online_Cover_Audit\images\Acrylic-Zen-0005_online.jpg,C:\AIprojects\openclaw_difi\Output\Acrylic\Photo-Block\MASTER_Acrylic-Zen-0005_Ready_for_Steaming\Cover_Mockup.png,C:\AIprojects\openclaw_difi\Output\Acrylic\Photo-Block\MASTER_Acrylic-Zen-0005_Ready_for_Steaming\Gallery_U1.png,U1,C:\AIprojects\openclaw_difi\Output\Acrylic\Photo-Block\MASTER_Acrylic-Zen-0005_Ready_for_Steaming\Gallery_U1.png,255,255,AMBIGUOUS,close distances cover=255 U1=255,
2026-05-05T22:35:13-04:00,Poster-Zen-0001,406902890971,69f2dc76cd8d046051041f06,Zen Bonsai Wall Art Celestial Gate of Jade Mist 12x18 Poster Meditation Decor,https://www.ebay.com/itm/406902890971,https://i.ebayimg.com/images/g/L~0AAeSwrHRp-D6l/s-l960.webp,C:\AIprojects\openclaw_difi\Database\eBay_Online_Cover_Audit\images\Poster-Zen-0001_online.jpg,C:\AIprojects\openclaw_difi\Output\Poster\Premium-Matte-Vertical\MASTER_Poster-Zen-0001_Ready_for_Steaming\Cover_Mockup.png,C:\AIprojects\openclaw_difi\Output\Poster\Premium-Matte-Vertical\MASTER_Poster-Zen-0001_Ready_for_Steaming\Gallery_U1.png,U1,C:\AIprojects\openclaw_difi\Output\Poster\Premium-Matte-Vertical\MASTER_Poster-Zen-0001_Ready_for_Steaming\Gallery_U1.png,1,1,AMBIGUOUS,close distances cover=1 U1=1,
2026-05-05T22:35:29-04:00,Poster-Zen-0002,406902897663,69f2cf675f78c14a7b0a894c,Dark Academia Phoenix Incense Burner 12x18 Poster Ritual Zen Decor Wall Study,https://www.ebay.com/itm/406902897663,https://i.ebayimg.com/images/g/GXgAAeSw7T5p-D-F/s-l960.webp,C:\AIprojects\openclaw_difi\Database\eBay_Online_Cover_Audit\images\Poster-Zen-0002_online.jpg,C:\AIprojects\openclaw_difi\Output\Poster\Premium-Matte-Vertical\MASTER_Poster-Zen-0002_Ready_for_Steaming\Cover_Mockup.png,C:\AIprojects\openclaw_difi\Output\Poster\Premium-Matte-Vertical\MASTER_Poster-Zen-0002_Ready_for_Steaming\Gallery_U1.png,U1,C:\AIprojects\openclaw_difi\Output\Poster\Premium-Matte-Vertical\MASTER_Poster-Zen-0002_Ready_for_Steaming\Gallery_U1.png,271,271,AMBIGUOUS,close distances cover=271 U1=271,
2026-05-05T22:35:43-04:00,Acrylic-Zen-0006,406902898909,69f2d2a1c326d7da170c51b4,Zen Mentor-Grade Jade Phoenix Incense Altar 5x7 Acrylic Block for Meditation,https://www.ebay.com/itm/406902898909,https://i.ebayimg.com/images/g/S20AAeSwwtlp-D-0/s-l960.webp,C:\AIprojects\openclaw_difi\Database\eBay_Online_Cover_Audit\images\Acrylic-Zen-0006_online.jpg,C:\AIprojects\openclaw_difi\Output\Acrylic\Photo-Block\MASTER_Acrylic-Zen-0006_Ready_for_Steaming\Cover_Mockup.png,C:\AIprojects\openclaw_difi\Output\Acrylic\Photo-Block\MASTER_Acrylic-Zen-0006_Ready_for_Steaming\Gallery_U1.png,U1,C:\AIprojects\openclaw_difi\Output\Acrylic\Photo-Block\MASTER_Acrylic-Zen-0006_Ready_for_Steaming\Gallery_U1.png,208,208,AMBIGUOUS,close distances cover=208 U1=208,
2026-05-05T22:35:57-04:00,Acrylic-Zen-0007,406903028253,69f2d3ab5f78c14a7b0a8b87,Zen Aesthetic Sacred Lotus Meditation Bell 5x7 Acrylic Block for Altar Decor,https://www.ebay.com/itm/406903028253,https://i.ebayimg.com/images/g/O9oAAeSwvSpp-Fda/s-l960.webp,C:\AIprojects\openclaw_difi\Database\eBay_Online_Cover_Audit\images\Acrylic-Zen-0007_online.jpg,C:\AIprojects\openclaw_difi\Output\Acrylic\Photo-Block\MASTER_Acrylic-Zen-0007_Ready_for_Steaming\Cover_Mockup.png,C:\AIprojects\openclaw_difi\Output\Acrylic\Photo-Block\MASTER_Acrylic-Zen-0007_Ready_for_Steaming\Gallery_U1.png,U1,C:\AIprojects\openclaw_difi\Output\Acrylic\Photo-Block\MASTER_Acrylic-Zen-0007_Ready_for_Steaming\Gallery_U1.png,165,165,AMBIGUOUS,close distances cover=165 U1=165,
2026-05-05T22:36:11-04:00,Acrylic-Zen-0008,406903036452,69f2d49b81039eb9ab0b583c,Zen Celestial Bonsai Moon Garden 5x7 Acrylic Block for Serene Desk Decor Shelf,https://www.ebay.com/itm/406903036452,https://i.ebayimg.com/images/g/VXkAAeSwCbZp-Fhv/s-l960.webp,C:\AIprojects\openclaw_difi\Database\eBay_Online_Cover_Audit\images\Acrylic-Zen-0008_online.jpg,C:\AIprojects\openclaw_difi\Output\Acrylic\Photo-Block\MASTER_Acrylic-Zen-0008_Ready_for_Steaming\Cover_Mockup.png,C:\AIprojects\openclaw_difi\Output\Acrylic\Photo-Block\MASTER_Acrylic-Zen-0008_Ready_for_Steaming\Gallery_U1.png,U1,C:\AIprojects\openclaw_difi\Output\Acrylic\Photo-Block\MASTER_Acrylic-Zen-0008_Ready_for_Steaming\Gallery_U1.png,275,275,AMBIGUOUS,close distances cover=275 U1=275,
2026-05-05T22:36:31-04:00,Poster-Zen-0004,406903026999,69f2dddb9577aaffd506bc32,Zen Celestial Compass Poster 12x18 Wall Art Calm Study Decor Library Gift Room,https://www.ebay.com/itm/406903026999,https://i.ebayimg.com/images/g/QyMAAeSwJy5p-FcD/s-l960.webp,C:\AIprojects\openclaw_difi\Database\eBay_Online_Cover_Audit\images\Poster-Zen-0004_online.jpg,C:\AIprojects\openclaw_difi\Output\Poster\Premium-Matte-Vertical\MASTER_Poster-Zen-0004_Ready_for_Steaming\Cover_Mockup.png,C:\AIprojects\openclaw_difi\Output\Poster\Premium-Matte-Vertical\MASTER_Poster-Zen-0004_Ready_for_Steaming\Gallery_U1.png,U1,C:\AIprojects\openclaw_difi\Output\Poster\Premium-Matte-Vertical\MASTER_Poster-Zen-0004_Ready_for_Steaming\Gallery_U1.png,271,271,AMBIGUOUS,close distances cover=271 U1=271,
2026-05-05T22:36:46-04:00,Poster-Zen-0005,406903033377,69f2db1a3c6616b960034a37,Zen Phoenix Rebirth Vessel 12x18 Poster for Meditation Room Decor Wall Study,https://www.ebay.com/itm/406903033377,https://i.ebayimg.com/images/g/X3YAAeSwNw1p-Ff~/s-l960.webp,C:\AIprojects\openclaw_difi\Database\eBay_Online_Cover_Audit\images\Poster-Zen-0005_online.jpg,C:\AIprojects\openclaw_difi\Output\Poster\Premium-Matte-Vertical\MASTER_Poster-Zen-0005_Ready_for_Steaming\Cover_Mockup.png,C:\AIprojects\openclaw_difi\Output\Poster\Premium-Matte-Vertical\MASTER_Poster-Zen-0005_Ready_for_Steaming\Gallery_U1.png,U1,C:\AIprojects\openclaw_difi\Output\Poster\Premium-Matte-Vertical\MASTER_Poster-Zen-0005_Ready_for_Steaming\Gallery_U1.png,303,303,AMBIGUOUS,close distances cover=303 U1=303,
2026-05-05T22:37:03-04:00,Acrylic-Academia-0005,406903039716,69f80ad2d3b9dc73b1051dbd,Alchemical Star Flask Vessel 5x7 Acrylic Block Dark Academia Desk Decor Shelf,https://www.ebay.com/itm/406903039716,https://i.ebayimg.com/thumbs/images/g/djoAAeSw0Ulp-Fku/s-l1600.jpg,C:\AIprojects\openclaw_difi\Database\eBay_Online_Cover_Audit\images\Acrylic-Academia-0005_online.jpg,C:\AIprojects\openclaw_difi\Output\Acrylic\Photo-Block\MASTER_Acrylic-Academia-0005_Ready_for_Steaming\Cover_Mockup.png,C:\AIprojects\openclaw_difi\Output\Acrylic\Photo-Block\MASTER_Acrylic-Academia-0005_Ready_for_Steaming\Gallery_U1.png,U1,C:\AIprojects\openclaw_difi\Output\Acrylic\Photo-Block\MASTER_Acrylic-Academia-0005_Ready_for_Steaming\Gallery_U1.png,355,355,AMBIGUOUS,close distances cover=355 U1=355,
2026-05-05T22:37:17-04:00,Acrylic-Grimdark-0085,406903043482,69f2e4c77e3402ea470630eb,Alchemist Divination Compass Grimdark 5x7 Acrylic Display Mentor-Grade Occult,https://www.ebay.com/itm/406903043482,https://i.ebayimg.com/thumbs/images/g/Zz8AAeSwamJp-Fov/s-l1600.jpg,C:\AIprojects\openclaw_difi\Database\eBay_Online_Cover_Audit\images\Acrylic-Grimdark-0085_online.jpg,C:\AIprojects\openclaw_difi\Output\Acrylic\Photo-Block\MASTER_Acrylic-Grimdark-0085_Ready_for_Steaming\Cover_Mockup.png,C:\AIprojects\openclaw_difi\Output\Acrylic\Photo-Block\MASTER_Acrylic-Grimdark-0085_Ready_for_Steaming\Gallery_U1.png,U1,C:\AIprojects\openclaw_difi\Output\Acrylic\Photo-Block\MASTER_Acrylic-Grimdark-0085_Ready_for_Steaming\Gallery_U1.png,446,446,AMBIGUOUS,close distances cover=446 U1=446,
2026-05-05T22:37:31-04:00,Acrylic-Zen-0009,406903047385,69f80f8a83a8608fd80ec283,"Zen Bamboo Flute 5x7 Acrylic Block, Whispering Shakuhachi Meditation Art Gift",https://www.ebay.com/itm/406903047385,https://i.ebayimg.com/thumbs/images/g/fiEAAeSwVNVp-Fr9/s-l1600.jpg,C:\AIprojects\openclaw_difi\Database\eBay_Online_Cover_Audit\images\Acrylic-Zen-0009_online.jpg,C:\AIprojects\openclaw_difi\Output\Acrylic\Photo-Block\MASTER_Acrylic-Zen-0009_Ready_for_Steaming\Cover_Mockup.png,C:\AIprojects\openclaw_difi\Output\Acrylic\Photo-Block\MASTER_Acrylic-Zen-0009_Ready_for_Steaming\Gallery_U1.png,U1,C:\AIprojects\openclaw_difi\Output\Acrylic\Photo-Block\MASTER_Acrylic-Zen-0009_Ready_for_Steaming\Gallery_U1.png,286,286,AMBIGUOUS,close distances cover=286 U1=286,
2026-05-05T22:37:44-04:00,Acrylic-Zen-0010,406903213858,69f810485da263f75f049bf8,Zen Lotus Seed Pod Vessel 5x7 Acrylic Block for Mindful Desk Decor Shelf Study,https://www.ebay.com/itm/406903213858,https://i.ebayimg.com/thumbs/images/g/MjsAAeSwO~1p-HEY/s-l1600.jpg,C:\AIprojects\openclaw_difi\Database\eBay_Online_Cover_Audit\images\Acrylic-Zen-0010_online.jpg,C:\AIprojects\openclaw_difi\Output\Acrylic\Photo-Block\MASTER_Acrylic-Zen-0010_Ready_for_Steaming\Cover_Mockup.png,C:\AIprojects\openclaw_difi\Output\Acrylic\Photo-Block\MASTER_Acrylic-Zen-0010_Ready_for_Steaming\Gallery_U1.png,U1,C:\AIprojects\openclaw_difi\Output\Acrylic\Photo-Block\MASTER_Acrylic-Zen-0010_Ready_for_Steaming\Gallery_U1.png,109,109,AMBIGUOUS,close distances cover=109 U1=109,
2026-05-05T22:37:55-04:00,Acrylic-Grimdark-0001,406903249745,69f82b8aa1a4c45aad055063,Gothic Lantern Soul Cage 5x7 Acrylic Block Grimdark Study Decor Crimson Flame,https://www.ebay.com/itm/406903249745,https://i.ebayimg.com/thumbs/images/g/9tgAAeSwnflp-HiH/s-l1600.jpg,C:\AIprojects\openclaw_difi\Database\eBay_Online_Cover_Audit\images\Acrylic-Grimdark-0001_online.jpg,C:\AIprojects\openclaw_difi\Output\Acrylic\Photo-Block\MASTER_Acrylic-Grimdark-0001_Ready_for_Steaming\Cover_Mockup.png,C:\AIprojects\openclaw_difi\Output\Acrylic\Photo-Block\MASTER_Acrylic-Grimdark-0001_Ready_for_Steaming\Gallery_U1.png,U1,C:\AIprojects\openclaw_difi\Output\Acrylic\Photo-Block\MASTER_Acrylic-Grimdark-0001_Ready_for_Steaming\Gallery_U1.png,357,357,AMBIGUOUS,close distances cover=357 U1=357,
2026-05-05T22:38:09-04:00,Acrylic-Grimdark-0004,406903250705,69f82c8609f3b7302401cacf,Grimdark Gothic Lantern 5x7 Acrylic Block Shadowbound Sentinel Beacon Dark Gift,https://www.ebay.com/itm/406903250705,https://i.ebayimg.com/thumbs/images/g/k6EAAeSw9yVp-Hiz/s-l1600.jpg,C:\AIprojects\openclaw_difi\Database\eBay_Online_Cover_Audit\images\Acrylic-Grimdark-0004_online.jpg,C:\AIprojects\openclaw_difi\Output\Acrylic\Photo-Block\MASTER_Acrylic-Grimdark-0004_Ready_for_Steaming\Cover_Mockup.png,C:\AIprojects\openclaw_difi\Output\Acrylic\Photo-Block\MASTER_Acrylic-Grimdark-0004_Ready_for_Steaming\Gallery_U1.png,U1,C:\AIprojects\openclaw_difi\Output\Acrylic\Photo-Block\MASTER_Acrylic-Grimdark-0004_Ready_for_Steaming\Gallery_U1.png,407,407,AMBIGUOUS,close distances cover=407 U1=407,
2026-05-05T22:38:29-04:00,Acrylic-Grimdark-0005,406903251829,69f8388b25819cdf3d0538bc,Gothic Necromancer Soul Reliquary 5x7 Acrylic Grimdark Artifact Decor Shelf,https://www.ebay.com/itm/406903251829,https://i.ebayimg.com/thumbs/images/g/nswAAeSwuqdp-Hjj/s-l1600.jpg,C:\AIprojects\openclaw_difi\Database\eBay_Online_Cover_Audit\images\Acrylic-Grimdark-0005_online.jpg,C:\AIprojects\openclaw_difi\Output\Acrylic\Photo-Block\MASTER_Acrylic-Grimdark-0005_Ready_for_Steaming\Cover_Mockup.png,C:\AIprojects\openclaw_difi\Output\Acrylic\Photo-Block\MASTER_Acrylic-Grimdark-0005_Ready_for_Steaming\Gallery_U1.png,U1,C:\AIprojects\openclaw_difi\Output\Acrylic\Photo-Block\MASTER_Acrylic-Grimdark-0005_Ready_for_Steaming\Gallery_U1.png,350,350,AMBIGUOUS,close distances cover=350 U1=350,
2026-05-05T22:38:46-04:00,Acrylic-Grimdark-0006,406903252506,69f83957ffbc831dea082e1a,Gothic Grimdark Voidwalker Eternal Lamp 5x7 Acrylic Block Dark Decor Shelf Gift,https://www.ebay.com/itm/406903252506,https://i.ebayimg.com/thumbs/images/g/mCcAAeSw5spp-HkN/s-l1600.jpg,C:\AIprojects\openclaw_difi\Database\eBay_Online_Cover_Audit\images\Acrylic-Grimdark-0006_online.jpg,C:\AIprojects\openclaw_difi\Output\Acrylic\Photo-Block\MASTER_Acrylic-Grimdark-0006_Ready_for_Steaming\Cover_Mockup.png,C:\AIprojects\openclaw_difi\Output\Acrylic\Photo-Block\MASTER_Acrylic-Grimdark-0006_Ready_for_Steaming\Gallery_U1.png,U1,C:\AIprojects\openclaw_difi\Output\Acrylic\Photo-Block\MASTER_Acrylic-Grimdark-0006_Ready_for_Steaming\Gallery_U1.png,379,379,AMBIGUOUS,close distances cover=379 U1=379,
2026-05-05T22:39:02-04:00,Acrylic-Grimdark-0007,406903731967,69f839eaf9374ed4f105a092,Gothic Banshee Lantern Grimdark Art 5x7 Acrylic Premium Collectible Decor Shelf,https://www.ebay.com/itm/406903731967,https://i.ebayimg.com/thumbs/images/g/ArAAAeSwX9xp-K~A/s-l1600.jpg,C:\AIprojects\openclaw_difi\Database\eBay_Online_Cover_Audit\images\Acrylic-Grimdark-0007_online.jpg,C:\AIprojects\openclaw_difi\Output\Acrylic\Photo-Block\MASTER_Acrylic-Grimdark-0007_Ready_for_Steaming\Cover_Mockup.png,C:\AIprojects\openclaw_difi\Output\Acrylic\Photo-Block\MASTER_Acrylic-Grimdark-0007_Ready_for_Steaming\Gallery_U1.png,U1,C:\AIprojects\openclaw_difi\Output\Acrylic\Photo-Block\MASTER_Acrylic-Grimdark-0007_Ready_for_Steaming\Gallery_U1.png,388,388,AMBIGUOUS,close distances cover=388 U1=388,
2026-05-05T22:39:16-04:00,Acrylic-Grimdark-0008,406903746215,69f83a955da263f75f04c06a,Gothic Grimdark Revenant Lantern 5x7 Acrylic Art Premium Decor Sapphire Glass,https://www.ebay.com/itm/406903746215,https://i.ebayimg.com/thumbs/images/g/qEwAAeSwhkpp-LC~/s-l1600.jpg,C:\AIprojects\openclaw_difi\Database\eBay_Online_Cover_Audit\images\Acrylic-Grimdark-0008_online.jpg,C:\AIprojects\openclaw_difi\Output\Acrylic\Photo-Block\MASTER_Acrylic-Grimdark-0008_Ready_for_Steaming\Cover_Mockup.png,C:\AIprojects\openclaw_difi\Output\Acrylic\Photo-Block\MASTER_Acrylic-Grimdark-0008_Ready_for_Steaming\Gallery_U1.png,U1,C:\AIprojects\openclaw_difi\Output\Acrylic\Photo-Block\MASTER_Acrylic-Grimdark-0008_Ready_for_Steaming\Gallery_U1.png,379,379,AMBIGUOUS,close distances cover=379 U1=379,
2026-05-05T22:39:28-04:00,Acrylic-Grimdark-0009,406903749989,69f83b5cf9374ed4f105a180,Gothic Grimdark Lich Phylactery Lantern 5x7 Acrylic Print Dark Fantasy Home,https://www.ebay.com/itm/406903749989,https://i.ebayimg.com/thumbs/images/g/QQkAAeSwwtlp-LFj/s-l1600.jpg,C:\AIprojects\openclaw_difi\Database\eBay_Online_Cover_Audit\images\Acrylic-Grimdark-0009_online.jpg,C:\AIprojects\openclaw_difi\Output\Acrylic\Photo-Block\MASTER_Acrylic-Grimdark-0009_Ready_for_Steaming\Cover_Mockup.png,C:\AIprojects\openclaw_difi\Output\Acrylic\Photo-Block\MASTER_Acrylic-Grimdark-0009_Ready_for_Steaming\Gallery_U1.png,U1,C:\AIprojects\openclaw_difi\Output\Acrylic\Photo-Block\MASTER_Acrylic-Grimdark-0009_Ready_for_Steaming\Gallery_U1.png,488,488,AMBIGUOUS,close distances cover=488 U1=488,
2026-05-05T22:39:44-04:00,Acrylic-Grimdark-0010,406903756190,69f83c14ffbc831dea082fa3,Gothic Wraith Warden Cursed Beacon 5x7 Acrylic Block Dark Fantasy Decor Shelf,https://www.ebay.com/itm/406903756190,https://i.ebayimg.com/thumbs/images/g/6DwAAeSwrWdp-LI~/s-l1600.jpg,C:\AIprojects\openclaw_difi\Database\eBay_Online_Cover_Audit\images\Acrylic-Grimdark-0010_online.jpg,C:\AIprojects\openclaw_difi\Output\Acrylic\Photo-Block\MASTER_Acrylic-Grimdark-0010_Ready_for_Steaming\Cover_Mockup.png,C:\AIprojects\openclaw_difi\Output\Acrylic\Photo-Block\MASTER_Acrylic-Grimdark-0010_Ready_for_Steaming\Gallery_U1.png,U1,C:\AIprojects\openclaw_difi\Output\Acrylic\Photo-Block\MASTER_Acrylic-Grimdark-0010_Ready_for_Steaming\Gallery_U1.png,402,402,AMBIGUOUS,close distances cover=402 U1=402,
2026-05-05T22:39:55-04:00,Poster-Academia-0005,406903038850,69f847b45da263f75f04cdbd,Arcane Archway of Forbidden Chronicles Dark Academia 12x18 Poster Study Room,https://www.ebay.com/itm/406903038850,https://i.ebayimg.com/thumbs/images/g/VOsAAeSwkJNp-Fji/s-l1600.jpg,C:\AIprojects\openclaw_difi\Database\eBay_Online_Cover_Audit\images\Poster-Academia-0005_online.jpg,C:\AIprojects\openclaw_difi\Output\Poster\Premium-Matte-Vertical\MASTER_Poster-Academia-0005_Ready_for_Steaming\Cover_Mockup.png,C:\AIprojects\openclaw_difi\Output\Poster\Premium-Matte-Vertical\MASTER_Poster-Academia-0005_Ready_for_Steaming\Gallery_U1.png,U1,C:\AIprojects\openclaw_difi\Output\Poster\Premium-Matte-Vertical\MASTER_Poster-Academia-0005_Ready_for_Steaming\Gallery_U1.png,402,402,AMBIGUOUS,close distances cover=402 U1=402,
2026-05-05T22:40:06-04:00,Poster-Academia-0006,406903042690,69f84864feed9979d10cd5ba,Dark Academia Ethereal Torii Poster 12x18 Study Room Decor Scholarly Ascension,https://www.ebay.com/itm/406903042690,https://i.ebayimg.com/images/g/sHYAAeSwrURp-FoF/s-l960.webp,C:\AIprojects\openclaw_difi\Database\eBay_Online_Cover_Audit\images\Poster-Academia-0006_online.jpg,C:\AIprojects\openclaw_difi\Output\Poster\Premium-Matte-Vertical\MASTER_Poster-Academia-0006_Ready_for_Steaming\Cover_Mockup.png,C:\AIprojects\openclaw_difi\Output\Poster\Premium-Matte-Vertical\MASTER_Poster-Academia-0006_Ready_for_Steaming\Gallery_U1.png,U1,C:\AIprojects\openclaw_difi\Output\Poster\Premium-Matte-Vertical\MASTER_Poster-Academia-0006_Ready_for_Steaming\Gallery_U1.png,0,0,AMBIGUOUS,close distances cover=0 U1=0,
2026-05-05T22:40:21-04:00,Poster-Academia-0008,406903046097,69f84b3d5da263f75f04d1f7,Dark Academia Mystic Threshold Infinite Knowledge Poster 12x18 Study Decor Wall,https://www.ebay.com/itm/406903046097,https://i.ebayimg.com/thumbs/images/g/awoAAeSwcSpp-Fq-/s-l1600.jpg,C:\AIprojects\openclaw_difi\Database\eBay_Online_Cover_Audit\images\Poster-Academia-0008_online.jpg,C:\AIprojects\openclaw_difi\Output\Poster\Premium-Matte-Vertical\MASTER_Poster-Academia-0008_Ready_for_Steaming\Cover_Mockup.png,C:\AIprojects\openclaw_difi\Output\Poster\Premium-Matte-Vertical\MASTER_Poster-Academia-0008_Ready_for_Steaming\Gallery_U1.png,U1,C:\AIprojects\openclaw_difi\Output\Poster\Premium-Matte-Vertical\MASTER_Poster-Academia-0008_Ready_for_Steaming\Gallery_U1.png,373,373,AMBIGUOUS,close distances cover=373 U1=373,
2026-05-05T22:40:38-04:00,Poster-Academia-0009,406903209258,69f8547125819cdf3d05522b,Dark Academia Sanctum Gate of Preserved Wisdom 12x18 Poster Study Decor Wall,https://www.ebay.com/itm/406903209258,https://i.ebayimg.com/thumbs/images/g/OTcAAeSw5Ahp-HC5/s-l1600.jpg,C:\AIprojects\openclaw_difi\Database\eBay_Online_Cover_Audit\images\Poster-Academia-0009_online.jpg,C:\AIprojects\openclaw_difi\Output\Poster\Premium-Matte-Vertical\MASTER_Poster-Academia-0009_Ready_for_Steaming\Cover_Mockup.png,C:\AIprojects\openclaw_difi\Output\Poster\Premium-Matte-Vertical\MASTER_Poster-Academia-0009_Ready_for_Steaming\Gallery_U1.png,U1,C:\AIprojects\openclaw_difi\Output\Poster\Premium-Matte-Vertical\MASTER_Poster-Academia-0009_Ready_for_Steaming\Gallery_U1.png,330,330,AMBIGUOUS,close distances cover=330 U1=330,
2026-05-05T22:40:53-04:00,Poster-Academia-0010,406903249496,69f854ed09f3b7302401ed2e,Dark Academia Hermetic Portal of Ancient Codices 12x18 Poster Study Decor Wall,https://www.ebay.com/itm/406903249496,https://i.ebayimg.com/thumbs/images/g/dIUAAeSw2rlp-Hh3/s-l1600.jpg,C:\AIprojects\openclaw_difi\Database\eBay_Online_Cover_Audit\images\Poster-Academia-0010_online.jpg,C:\AIprojects\openclaw_difi\Output\Poster\Premium-Matte-Vertical\MASTER_Poster-Academia-0010_Ready_for_Steaming\Cover_Mockup.png,C:\AIprojects\openclaw_difi\Output\Poster\Premium-Matte-Vertical\MASTER_Poster-Academia-0010_Ready_for_Steaming\Gallery_U1.png,U1,C:\AIprojects\openclaw_difi\Output\Poster\Premium-Matte-Vertical\MASTER_Poster-Academia-0010_Ready_for_Steaming\Gallery_U1.png,286,286,AMBIGUOUS,close distances cover=286 U1=286,
2026-05-05T22:41:04-04:00,Poster-Academia-0011,406903250376,69f850b425819cdf3d054e10,Dark Academia Celestial Archway Poster 12x18 Study Room Decor Timeless Tomes,https://www.ebay.com/itm/406903250376,https://i.ebayimg.com/thumbs/images/g/qScAAeSwGYJp-Hii/s-l1600.jpg,C:\AIprojects\openclaw_difi\Database\eBay_Online_Cover_Audit\images\Poster-Academia-0011_online.jpg,C:\AIprojects\openclaw_difi\Output\Poster\Premium-Matte-Vertical\MASTER_Poster-Academia-0011_Ready_for_Steaming\Cover_Mockup.png,C:\AIprojects\openclaw_difi\Output\Poster\Premium-Matte-Vertical\MASTER_Poster-Academia-0011_Ready_for_Steaming\Gallery_U1.png,U1,C:\AIprojects\openclaw_difi\Output\Poster\Premium-Matte-Vertical\MASTER_Poster-Academia-0011_Ready_for_Steaming\Gallery_U1.png,390,390,AMBIGUOUS,close distances cover=390 U1=390,
2026-05-05T22:41:16-04:00,Poster-Academia-0013,406903251282,69f855abffbc831dea0847c8,Dark Academia Alchemist Threshold Transmuted Knowledge 12x18 Poster Study Decor,https://www.ebay.com/itm/406903251282,https://i.ebayimg.com/thumbs/images/g/75cAAeSwfLxp-HjQ/s-l1600.jpg,C:\AIprojects\openclaw_difi\Database\eBay_Online_Cover_Audit\images\Poster-Academia-0013_online.jpg,C:\AIprojects\openclaw_difi\Output\Poster\Premium-Matte-Vertical\MASTER_Poster-Academia-0013_Ready_for_Steaming\Cover_Mockup.png,C:\AIprojects\openclaw_difi\Output\Poster\Premium-Matte-Vertical\MASTER_Poster-Academia-0013_Ready_for_Steaming\Gallery_U1.png,U1,C:\AIprojects\openclaw_difi\Output\Poster\Premium-Matte-Vertical\MASTER_Poster-Academia-0013_Ready_for_Steaming\Gallery_U1.png,317,317,AMBIGUOUS,close distances cover=317 U1=317,
2026-05-05T22:41:29-04:00,Poster-Academia-0014,406903252244,69f8530b5da263f75f04d837,Dark Academia Oracle Portal Prophetic Scriptures 12x18 Poster Study Decor Wall,https://www.ebay.com/itm/406903252244,https://i.ebayimg.com/thumbs/images/g/2-YAAeSwX9xp-Hj9/s-l1600.jpg,C:\AIprojects\openclaw_difi\Database\eBay_Online_Cover_Audit\images\Poster-Academia-0014_online.jpg,C:\AIprojects\openclaw_difi\Output\Poster\Premium-Matte-Vertical\MASTER_Poster-Academia-0014_Ready_for_Steaming\Cover_Mockup.png,C:\AIprojects\openclaw_difi\Output\Poster\Premium-Matte-Vertical\MASTER_Poster-Academia-0014_Ready_for_Steaming\Gallery_U1.png,U1,C:\AIprojects\openclaw_difi\Output\Poster\Premium-Matte-Vertical\MASTER_Poster-Academia-0014_Ready_for_Steaming\Gallery_U1.png,394,394,AMBIGUOUS,close distances cover=394 U1=394,
2026-05-05T22:41:40-04:00,Acrylic-Grimdark-0011,406903760725,69f863f9f9374ed4f105c588,Grimdark Deathspeaker Oracle Lamp 5x7 Acrylic Gothic Collectible Art Shelf Gift,https://www.ebay.com/itm/406903760725,https://i.ebayimg.com/thumbs/images/g/EK4AAeSwF7Vp-LMg/s-l1600.jpg,C:\AIprojects\openclaw_difi\Database\eBay_Online_Cover_Audit\images\Acrylic-Grimdark-0011_online.jpg,C:\AIprojects\openclaw_difi\Output\Acrylic\Photo-Block\MASTER_Acrylic-Grimdark-0011_Ready_for_Steaming\Cover_Mockup.png,C:\AIprojects\openclaw_difi\Output\Acrylic\Photo-Block\MASTER_Acrylic-Grimdark-0011_Ready_for_Steaming\Gallery_U1.png,U1,C:\AIprojects\openclaw_difi\Output\Acrylic\Photo-Block\MASTER_Acrylic-Grimdark-0011_Ready_for_Steaming\Gallery_U1.png,468,468,AMBIGUOUS,close distances cover=468 U1=468,
2026-05-05T22:41:50-04:00,Poster-Academia-0017,406903730229,69f89a94c1f268dee601cb9d,Dark Academia Poster 12x18 Magister Torii Study Decor Scholarly Gift Wall Room,https://www.ebay.com/itm/406903730229,https://i.ebayimg.com/thumbs/images/g/ifUAAeSwcM9p-K9d/s-l1600.jpg,C:\AIprojects\openclaw_difi\Database\eBay_Online_Cover_Audit\images\Poster-Academia-0017_online.jpg,C:\AIprojects\openclaw_difi\Output\Poster\Premium-Matte-Vertical\MASTER_Poster-Academia-0017_Ready_for_Steaming\Cover_Mockup.png,C:\AIprojects\openclaw_difi\Output\Poster\Premium-Matte-Vertical\MASTER_Poster-Academia-0017_Ready_for_Steaming\Gallery_U1.png,U1,C:\AIprojects\openclaw_difi\Output\Poster\Premium-Matte-Vertical\MASTER_Poster-Academia-0017_Ready_for_Steaming\Gallery_U1.png,319,319,AMBIGUOUS,close distances cover=319 U1=319,
2026-05-05T22:42:02-04:00,Poster-Academia-0019,406903744471,69f89b9ca70f06579a00a708,Dark Academia Archivist Gateway Poster 12x18 Vintage Study Room Decor Wall Gift,https://www.ebay.com/itm/406903744471,https://i.ebayimg.com/thumbs/images/g/C0kAAeSwqZVp-LCM/s-l1600.jpg,C:\AIprojects\openclaw_difi\Database\eBay_Online_Cover_Audit\images\Poster-Academia-0019_online.jpg,C:\AIprojects\openclaw_difi\Output\Poster\Premium-Matte-Vertical\MASTER_Poster-Academia-0019_Ready_for_Steaming\Cover_Mockup.png,C:\AIprojects\openclaw_difi\Output\Poster\Premium-Matte-Vertical\MASTER_Poster-Academia-0019_Ready_for_Steaming\Gallery_U1.png,U1,C:\AIprojects\openclaw_difi\Output\Poster\Premium-Matte-Vertical\MASTER_Poster-Academia-0019_Ready_for_Steaming\Gallery_U1.png,273,273,AMBIGUOUS,close distances cover=273 U1=273,
2026-05-05T22:42:15-04:00,Poster-Academia-0020,406903748661,69f89c6f09f3b730240221b8,Dark Academia Mentor Threshold Poster 12x18 Intellectual Study Room Decor Wall,https://www.ebay.com/itm/406903748661,https://i.ebayimg.com/thumbs/images/g/lt8AAeSwBeNp-LEk/s-l1600.jpg,C:\AIprojects\openclaw_difi\Database\eBay_Online_Cover_Audit\images\Poster-Academia-0020_online.jpg,C:\AIprojects\openclaw_difi\Output\Poster\Premium-Matte-Vertical\MASTER_Poster-Academia-0020_Ready_for_Steaming\Cover_Mockup.png,C:\AIprojects\openclaw_difi\Output\Poster\Premium-Matte-Vertical\MASTER_Poster-Academia-0020_Ready_for_Steaming\Gallery_U1.png,U1,C:\AIprojects\openclaw_difi\Output\Poster\Premium-Matte-Vertical\MASTER_Poster-Academia-0020_Ready_for_Steaming\Gallery_U1.png,374,374,AMBIGUOUS,close distances cover=374 U1=374,
2026-05-05T22:42:33-04:00,Poster-Academia-0021,406903754696,69f89da69f68ab7cf001f531,Dark Academia Celestial Chronometer Archive Sphere 12x18 Poster Study Decor,https://www.ebay.com/itm/406903754696,https://i.ebayimg.com/thumbs/images/g/amwAAeSwJnVp-LH0/s-l1600.jpg,C:\AIprojects\openclaw_difi\Database\eBay_Online_Cover_Audit\images\Poster-Academia-0021_online.jpg,C:\AIprojects\openclaw_difi\Output\Poster\Premium-Matte-Vertical\MASTER_Poster-Academia-0021_Ready_for_Steaming\Cover_Mockup.png,C:\AIprojects\openclaw_difi\Output\Poster\Premium-Matte-Vertical\MASTER_Poster-Academia-0021_Ready_for_Steaming\Gallery_U1.png,U1,C:\AIprojects\openclaw_difi\Output\Poster\Premium-Matte-Vertical\MASTER_Poster-Academia-0021_Ready_for_Steaming\Gallery_U1.png,331,331,AMBIGUOUS,close distances cover=331 U1=331,
2026-05-05T22:42:45-04:00,Poster-Academia-0022,406903758348,69f89eac011b67ecf8077844,Dark Academia Temporal Reliquary Bell Jar 12x18 Poster Study Decor Wall Library,https://www.ebay.com/itm/406903758348,https://i.ebayimg.com/thumbs/images/g/5dMAAeSw~9Bp-LLF/s-l1600.jpg,C:\AIprojects\openclaw_difi\Database\eBay_Online_Cover_Audit\images\Poster-Academia-0022_online.jpg,C:\AIprojects\openclaw_difi\Output\Poster\Premium-Matte-Vertical\MASTER_Poster-Academia-0022_Ready_for_Steaming\Cover_Mockup.png,C:\AIprojects\openclaw_difi\Output\Poster\Premium-Matte-Vertical\MASTER_Poster-Academia-0022_Ready_for_Steaming\Gallery_U1.png,U1,C:\AIprojects\openclaw_difi\Output\Poster\Premium-Matte-Vertical\MASTER_Poster-Academia-0022_Ready_for_Steaming\Gallery_U1.png,441,441,AMBIGUOUS,close distances cover=441 U1=441,
2026-05-06T00:06:07-04:00,Sticker-Zen-0025,406892327989,69f1cb4ef6b83091a50959f5,Koi Fish in Jade Pond Hisui no Koi Mindful Zen 4pc 6x6 Vinyl Sticker Yoga Luck,https://www.ebay.com/itm/406892327989,https://i.ebayimg.com/images/g/sfMAAeSwmT1p8dsV/s-l960.webp,C:\AIprojects\openclaw_difi\Database\eBay_Online_Cover_Audit\images\Sticker-Zen-0025_online.jpg,C:\AIprojects\openclaw_difi\Output\Sticker\Kiss-Cut\MASTER_Sticker-Zen-0025_Ready_for_Steaming\Cover_Mockup.png,C:\AIprojects\openclaw_difi\Output\Sticker\Kiss-Cut\MASTER_Sticker-Zen-0025_Ready_for_Steaming\Sticker-Zen-0025_U1_Grid.png,U4,C:\AIprojects\openclaw_difi\Output\Sticker\Kiss-Cut\MASTER_Sticker-Zen-0025_Ready_for_Steaming\Sticker-Zen-0025_U4_Grid.png,331,0,LIKELY_SINGLE_U_MISMATCH,U4 closer by 331,
2026-05-06T12:21:38-04:00,Sticker-Academia-0005,406892409123,69f198efea1f992ded0e90e7,Forbidden Grimoire Lock 4pc 6x6 Kiss-Cut Sticker Dark Academia Laptop Journal,https://www.ebay.com/itm/406892409123,https://i.ebayimg.com/images/g/7eUAAeSwJyRp8emL/s-l960.webp,C:\AIprojects\openclaw_difi\Database\eBay_Online_Cover_Audit\images\Sticker-Academia-0005_online.jpg,C:\AIprojects\openclaw_difi\Output\Sticker\Kiss-Cut\MASTER_Sticker-Academia-0005_Ready_for_Steaming\Cover_Mockup.png,C:\AIprojects\openclaw_difi\Output\Sticker\Kiss-Cut\MASTER_Sticker-Academia-0005_Ready_for_Steaming\Sticker-Academia-0005_U1_Grid.png,U4,C:\AIprojects\openclaw_difi\Output\Sticker\Kiss-Cut\MASTER_Sticker-Academia-0005_Ready_for_Steaming\Sticker-Academia-0005_U4_Grid.png,194,0,LIKELY_SINGLE_U_MISMATCH,U4 closer by 194,
