ID,Folder_Status,Reasons,Asset,Width,Height,Sharpness,Bytes
Sticker-Academia-0001,low_resolution_gallery,U1_lowres_256x256;U2_lowres_256x256;U3_lowres_256x256;U4_lowres_256x256,Cover,1800,1800,875.05,1197415
Sticker-Academia-0001,low_resolution_gallery,U1_lowres_256x256;U2_lowres_256x256;U3_lowres_256x256;U4_lowres_256x256,Production,1664,1664,837.53,1382283
Sticker-Academia-0001,low_resolution_gallery,U1_lowres_256x256;U2_lowres_256x256;U3_lowres_256x256;U4_lowres_256x256,U1,256,256,468.37,50500
Sticker-Academia-0001,low_resolution_gallery,U1_lowres_256x256;U2_lowres_256x256;U3_lowres_256x256;U4_lowres_256x256,U2,256,256,276.96,52934
Sticker-Academia-0001,low_resolution_gallery,U1_lowres_256x256;U2_lowres_256x256;U3_lowres_256x256;U4_lowres_256x256,U3,256,256,421.28,54729
Sticker-Academia-0001,low_resolution_gallery,U1_lowres_256x256;U2_lowres_256x256;U3_lowres_256x256;U4_lowres_256x256,U4,256,256,496.34,46872
Sticker-Academia-0002,low_resolution_gallery,U1_lowres_256x256;U2_lowres_256x256;U3_lowres_256x256;U4_lowres_256x256,Cover,1800,1800,4068.02,2542262
Sticker-Academia-0002,low_resolution_gallery,U1_lowres_256x256;U2_lowres_256x256;U3_lowres_256x256;U4_lowres_256x256,Production,1664,1664,4260.1,2508032
Sticker-Academia-0002,low_resolution_gallery,U1_lowres_256x256;U2_lowres_256x256;U3_lowres_256x256;U4_lowres_256x256,U1,256,256,2185.7,85562
Sticker-Academia-0002,low_resolution_gallery,U1_lowres_256x256;U2_lowres_256x256;U3_lowres_256x256;U4_lowres_256x256,U2,256,256,2200.2,92553
Sticker-Academia-0002,low_resolution_gallery,U1_lowres_256x256;U2_lowres_256x256;U3_lowres_256x256;U4_lowres_256x256,U3,256,256,1542.82,86748
Sticker-Academia-0002,low_resolution_gallery,U1_lowres_256x256;U2_lowres_256x256;U3_lowres_256x256;U4_lowres_256x256,U4,256,256,2320.24,87064
Sticker-Academia-0003,low_resolution_gallery,U1_lowres_256x256;U2_lowres_256x256;U3_lowres_256x256;U4_lowres_256x256,Cover,1800,1800,540.15,777925
Sticker-Academia-0003,low_resolution_gallery,U1_lowres_256x256;U2_lowres_256x256;U3_lowres_256x256;U4_lowres_256x256,Production,1664,1664,621.08,821505
Sticker-Academia-0003,low_resolution_gallery,U1_lowres_256x256;U2_lowres_256x256;U3_lowres_256x256;U4_lowres_256x256,U1,256,256,508.45,32025
Sticker-Academia-0003,low_resolution_gallery,U1_lowres_256x256;U2_lowres_256x256;U3_lowres_256x256;U4_lowres_256x256,U2,256,256,502.91,39141
Sticker-Academia-0003,low_resolution_gallery,U1_lowres_256x256;U2_lowres_256x256;U3_lowres_256x256;U4_lowres_256x256,U3,256,256,507.25,34289
Sticker-Academia-0003,low_resolution_gallery,U1_lowres_256x256;U2_lowres_256x256;U3_lowres_256x256;U4_lowres_256x256,U4,256,256,506.71,31433
Sticker-Academia-0004,ok,,Cover,1800,1800,3414.18,2857878
Sticker-Academia-0004,ok,,Production,1664,1664,3616.01,2748900
Sticker-Academia-0004,ok,,U1,1024,1024,3512.54,1086163
Sticker-Academia-0004,ok,,U2,1024,1024,2913.76,788725
Sticker-Academia-0004,ok,,U3,1024,1024,3787.23,968168
Sticker-Academia-0004,ok,,U4,1024,1024,3494.2,1001184
Sticker-Academia-0005,ok,,Cover,1800,1800,3557.32,3868423
Sticker-Academia-0005,ok,,Production,1664,1664,4081.89,3147881
Sticker-Academia-0005,ok,,U1,1024,1024,4286.77,1386566
Sticker-Academia-0005,ok,,U2,1024,1024,3353.33,1233468
Sticker-Academia-0005,ok,,U3,1024,1024,4296.5,1646975
Sticker-Academia-0005,ok,,U4,1024,1024,3307.23,991670
Sticker-Academia-0006,ok,,Cover,1800,1800,3416.32,2754605
Sticker-Academia-0006,ok,,Production,1664,1664,3663.67,2159425
Sticker-Academia-0006,ok,,U1,1024,1024,3148.95,1079060
Sticker-Academia-0006,ok,,U2,1024,1024,3803.26,775806
Sticker-Academia-0006,ok,,U3,1024,1024,3325.23,886324
Sticker-Academia-0006,ok,,U4,1024,1024,3569.71,864545
Sticker-Academia-0007,ok,,Cover,1800,1800,3806.8,3833993
Sticker-Academia-0007,ok,,Production,1664,1664,4364.43,3695517
Sticker-Academia-0007,ok,,U1,1024,1024,4531.1,1258144
Sticker-Academia-0007,ok,,U2,1024,1024,4223.6,1447238
Sticker-Academia-0007,ok,,U3,1024,1024,5094.31,1162629
Sticker-Academia-0007,ok,,U4,1024,1024,5063.77,1425181
Sticker-Academia-0008,ok,,Cover,1800,1800,2790.12,2626500
Sticker-Academia-0008,ok,,Production,1664,1664,2476.63,1717317
Sticker-Academia-0008,ok,,U1,1024,1024,2556.42,883081
Sticker-Academia-0008,ok,,U2,1024,1024,2580.36,676612
Sticker-Academia-0008,ok,,U3,1024,1024,2623.97,959514
Sticker-Academia-0008,ok,,U4,1024,1024,3453.78,923477
Sticker-Academia-0009,ok,,Cover,1800,1800,4403.63,4457498
Sticker-Academia-0009,ok,,Production,1664,1664,4900.77,4768850
Sticker-Academia-0009,ok,,U1,1024,1024,5360.34,1695129
Sticker-Academia-0009,ok,,U2,1024,1024,4486.45,1283043
Sticker-Academia-0009,ok,,U3,1024,1024,4025.54,1551751
Sticker-Academia-0009,ok,,U4,1024,1024,4455.29,1424122
Sticker-Academia-0010,ok,,Cover,1800,1800,5051.01,3994673
Sticker-Academia-0010,ok,,Production,1664,1664,5554.95,3611445
Sticker-Academia-0010,ok,,U1,1024,1024,5156.73,1311826
Sticker-Academia-0010,ok,,U2,1024,1024,5702.01,1390684
Sticker-Academia-0010,ok,,U3,1024,1024,5350.46,1151061
Sticker-Academia-0010,ok,,U4,1024,1024,4372.42,1679192
Sticker-Academia-0011,ok,,Cover,1800,1800,3397.83,3101669
Sticker-Academia-0011,ok,,Production,1664,1664,3831.02,2592988
Sticker-Academia-0011,ok,,U1,1024,1024,4030.34,973031
Sticker-Academia-0011,ok,,U2,1024,1024,2822.04,744443
Sticker-Academia-0011,ok,,U3,1024,1024,4157.67,1582341
Sticker-Academia-0011,ok,,U4,1024,1024,2569.02,752380
Sticker-Academia-0013,low_resolution_gallery,U1_lowres_256x256;U2_lowres_256x256;U3_lowres_256x256;U4_lowres_256x256,Cover,1800,1800,548.16,1110140
Sticker-Academia-0013,low_resolution_gallery,U1_lowres_256x256;U2_lowres_256x256;U3_lowres_256x256;U4_lowres_256x256,Production,1664,1664,706.4,1287959
Sticker-Academia-0013,low_resolution_gallery,U1_lowres_256x256;U2_lowres_256x256;U3_lowres_256x256;U4_lowres_256x256,U1,256,256,506.48,47498
Sticker-Academia-0013,low_resolution_gallery,U1_lowres_256x256;U2_lowres_256x256;U3_lowres_256x256;U4_lowres_256x256,U2,256,256,508.11,47776
Sticker-Academia-0013,low_resolution_gallery,U1_lowres_256x256;U2_lowres_256x256;U3_lowres_256x256;U4_lowres_256x256,U3,256,256,505.95,44415
Sticker-Academia-0013,low_resolution_gallery,U1_lowres_256x256;U2_lowres_256x256;U3_lowres_256x256;U4_lowres_256x256,U4,256,256,509.37,47402
Sticker-Academia-0014,ok,,Cover,1800,1800,2853.93,2519695
Sticker-Academia-0014,ok,,Production,1664,1664,3001.74,2713724
Sticker-Academia-0014,ok,,U1,1024,1024,2618.37,652056
Sticker-Academia-0014,ok,,U2,1024,1024,2838.21,1233099
Sticker-Academia-0014,ok,,U3,1024,1024,2637.81,624659
Sticker-Academia-0014,ok,,U4,1024,1024,3291.25,828710
Sticker-Academia-0015,ok,,Cover,1800,1800,3087.4,2132542
Sticker-Academia-0015,ok,,Production,1664,1664,3396.98,1787331
Sticker-Academia-0015,ok,,U1,1024,1024,3138.82,700512
Sticker-Academia-0015,ok,,U2,1024,1024,3372.47,841651
Sticker-Academia-0015,ok,,U3,1024,1024,2579.82,562503
Sticker-Academia-0015,ok,,U4,1024,1024,3600.33,707572
Sticker-Academia-0016,ok,,Cover,1800,1800,2528.91,2987005
Sticker-Academia-0016,ok,,Production,1664,1664,2765.1,2284936
Sticker-Academia-0016,ok,,U1,1024,1024,2383.19,1205642
Sticker-Academia-0016,ok,,U2,1024,1024,2184.4,784936
Sticker-Academia-0016,ok,,U3,1024,1024,2153.52,678638
Sticker-Academia-0016,ok,,U4,1024,1024,2839.95,1309479
Sticker-Zen-0001,ok,,Cover,1800,1800,2489.56,2732167
Sticker-Zen-0001,ok,,Production,1664,1664,2461.24,2861469
Sticker-Zen-0001,ok,,U1,1024,1024,2977.57,861552
Sticker-Zen-0001,ok,,U2,1024,1024,3261.71,911470
Sticker-Zen-0001,ok,,U3,1024,1024,3419.5,978680
Sticker-Zen-0001,ok,,U4,1024,1024,3346.6,706105
Sticker-Zen-0002,ok,,Cover,1800,1800,3421.43,3551737
Sticker-Zen-0002,ok,,Production,1664,1664,3206.54,3000338
Sticker-Zen-0002,ok,,U1,1024,1024,3023.54,1102024
Sticker-Zen-0002,ok,,U2,1024,1024,3507.81,1284533
Sticker-Zen-0002,ok,,U3,1024,1024,2709.66,1232158
Sticker-Zen-0002,ok,,U4,1024,1024,3301.37,1025919
Sticker-Zen-0003,ok,,Cover,1800,1800,2379.83,4566105
Sticker-Zen-0003,ok,,Production,1664,1664,2931.36,3904776
Sticker-Zen-0003,ok,,U1,1024,1024,3370.19,1287667
Sticker-Zen-0003,ok,,U2,1024,1024,4285.62,1315217
Sticker-Zen-0003,ok,,U3,1024,1024,5026.39,1416932
Sticker-Zen-0003,ok,,U4,1024,1024,3000.08,1229792
Sticker-Zen-0004,ok,,Cover,1800,1800,3927.41,3522196
Sticker-Zen-0004,ok,,Production,1664,1664,4382.55,3338382
Sticker-Zen-0004,ok,,U1,1024,1024,3581.31,1286594
Sticker-Zen-0004,ok,,U2,1024,1024,2429.29,1157013
Sticker-Zen-0004,ok,,U3,1024,1024,4430.85,1134933
Sticker-Zen-0004,ok,,U4,1024,1024,6269.78,1236660
Sticker-Zen-0005,ok,,Cover,1800,1800,3973.76,3954934
Sticker-Zen-0005,ok,,Production,1664,1664,4216.93,4214736
Sticker-Zen-0005,ok,,U1,1024,1024,1461.47,1165222
Sticker-Zen-0005,ok,,U2,1024,1024,3741.21,1191557
Sticker-Zen-0005,ok,,U3,1024,1024,4892.49,1561707
Sticker-Zen-0005,ok,,U4,1024,1024,1919.36,1090324
Sticker-Zen-0006,low_resolution_gallery,U1_lowres_256x256;U2_lowres_256x256;U3_lowres_256x256;U4_lowres_256x256,Cover,1800,1800,620.29,1075145
Sticker-Zen-0006,low_resolution_gallery,U1_lowres_256x256;U2_lowres_256x256;U3_lowres_256x256;U4_lowres_256x256,Production,1664,1664,556.16,1287957
Sticker-Zen-0006,low_resolution_gallery,U1_lowres_256x256;U2_lowres_256x256;U3_lowres_256x256;U4_lowres_256x256,U1,256,256,248.33,56170
Sticker-Zen-0006,low_resolution_gallery,U1_lowres_256x256;U2_lowres_256x256;U3_lowres_256x256;U4_lowres_256x256,U2,256,256,503.87,40465
Sticker-Zen-0006,low_resolution_gallery,U1_lowres_256x256;U2_lowres_256x256;U3_lowres_256x256;U4_lowres_256x256,U3,256,256,260.75,48229
Sticker-Zen-0006,low_resolution_gallery,U1_lowres_256x256;U2_lowres_256x256;U3_lowres_256x256;U4_lowres_256x256,U4,256,256,506.68,53654
Sticker-Zen-0007,ok,,Cover,1800,1800,2503.65,3118343
Sticker-Zen-0007,ok,,Production,1664,1664,2702.15,3108587
Sticker-Zen-0007,ok,,U1,1024,1024,2320.96,859983
Sticker-Zen-0007,ok,,U2,1024,1024,2298.42,1053535
Sticker-Zen-0007,ok,,U3,1024,1024,2222.08,1083231
Sticker-Zen-0007,ok,,U4,1024,1024,3144.59,1075819
Sticker-Zen-0008,ok,,Cover,1800,1800,4197.07,5859222
Sticker-Zen-0008,ok,,Production,1664,1664,4286.37,4140459
Sticker-Zen-0008,ok,,U1,1024,1024,4749.63,2284428
Sticker-Zen-0008,ok,,U2,1024,1024,3266.92,1275988
Sticker-Zen-0008,ok,,U3,1024,1024,4260.21,2051620
Sticker-Zen-0008,ok,,U4,1024,1024,5405.88,2303585
Sticker-Zen-0009,ok,,Cover,1800,1800,2321.48,3077948
Sticker-Zen-0009,ok,,Production,1664,1664,2406.71,2877248
Sticker-Zen-0009,ok,,U1,1024,1024,3274.73,1235935
Sticker-Zen-0009,ok,,U2,1024,1024,2564.26,1056696
Sticker-Zen-0009,ok,,U3,1024,1024,2407.91,860713
Sticker-Zen-0009,ok,,U4,1024,1024,2283.09,956801
Sticker-Zen-0010,ok,,Cover,1800,1800,3812.93,3366877
Sticker-Zen-0010,ok,,Production,1664,1664,4197.65,3330950
Sticker-Zen-0010,ok,,U1,1024,1024,4084.59,1003590
Sticker-Zen-0010,ok,,U2,1024,1024,4750.52,1270386
Sticker-Zen-0010,ok,,U3,1024,1024,4936.91,1208401
Sticker-Zen-0010,ok,,U4,1024,1024,3024.58,1036459
Sticker-Zen-0021,low_resolution_gallery,U1_lowres_256x256;U2_lowres_256x256;U3_lowres_256x256;U4_lowres_256x256,Cover,1800,1800,620.29,1075145
Sticker-Zen-0021,low_resolution_gallery,U1_lowres_256x256;U2_lowres_256x256;U3_lowres_256x256;U4_lowres_256x256,Production,1664,1664,556.16,1287957
Sticker-Zen-0021,low_resolution_gallery,U1_lowres_256x256;U2_lowres_256x256;U3_lowres_256x256;U4_lowres_256x256,U1,256,256,248.33,56170
Sticker-Zen-0021,low_resolution_gallery,U1_lowres_256x256;U2_lowres_256x256;U3_lowres_256x256;U4_lowres_256x256,U2,256,256,503.87,40465
Sticker-Zen-0021,low_resolution_gallery,U1_lowres_256x256;U2_lowres_256x256;U3_lowres_256x256;U4_lowres_256x256,U3,256,256,260.75,48229
Sticker-Zen-0021,low_resolution_gallery,U1_lowres_256x256;U2_lowres_256x256;U3_lowres_256x256;U4_lowres_256x256,U4,256,256,506.68,53654
Sticker-Zen-0022,ok,,Cover,1800,1800,2100.87,5049831
Sticker-Zen-0022,ok,,Production,1664,1664,2201.4,4203929
Sticker-Zen-0022,ok,,U1,1024,1024,3409.12,2087921
Sticker-Zen-0022,ok,,U2,1024,1024,4895.22,2126027
Sticker-Zen-0022,ok,,U3,1024,1024,1803.19,1298139
Sticker-Zen-0022,ok,,U4,1024,1024,1823.48,1164489
Sticker-Zen-0023,low_resolution_gallery,U1_lowres_256x256;U2_lowres_256x256;U3_lowres_256x256;U4_lowres_256x256,Cover,1800,1800,1118.19,1049637
Sticker-Zen-0023,low_resolution_gallery,U1_lowres_256x256;U2_lowres_256x256;U3_lowres_256x256;U4_lowres_256x256,Production,1664,1664,651.68,1219206
Sticker-Zen-0023,low_resolution_gallery,U1_lowres_256x256;U2_lowres_256x256;U3_lowres_256x256;U4_lowres_256x256,U1,256,256,199.95,55563
Sticker-Zen-0023,low_resolution_gallery,U1_lowres_256x256;U2_lowres_256x256;U3_lowres_256x256;U4_lowres_256x256,U2,256,256,503.9,34975
Sticker-Zen-0023,low_resolution_gallery,U1_lowres_256x256;U2_lowres_256x256;U3_lowres_256x256;U4_lowres_256x256,U3,256,256,25.22,54323
Sticker-Zen-0023,low_resolution_gallery,U1_lowres_256x256;U2_lowres_256x256;U3_lowres_256x256;U4_lowres_256x256,U4,256,256,8.43,45977
Sticker-Zen-0024,ok,,Cover,1800,1800,3303.24,3788731
Sticker-Zen-0024,ok,,Production,1664,1664,3337.71,3320333
Sticker-Zen-0024,ok,,U1,1024,1024,2799.93,1208289
Sticker-Zen-0024,ok,,U2,1024,1024,3091.1,1010245
Sticker-Zen-0024,ok,,U3,1024,1024,3010.6,1234101
Sticker-Zen-0024,ok,,U4,1024,1024,3029.52,1399408
Sticker-Zen-0025,ok,,Cover,1800,1800,2619.42,2857608
Sticker-Zen-0025,ok,,Production,1664,1664,2575.53,2923856
Sticker-Zen-0025,ok,,U1,1024,1024,2262.6,894268
Sticker-Zen-0025,ok,,U2,1024,1024,1665.95,959373
Sticker-Zen-0025,ok,,U3,1024,1024,2224.85,901661
Sticker-Zen-0025,ok,,U4,1024,1024,2505.63,836402
Sticker-Zen-0026,ok,,Cover,1800,1800,2057.03,3282200
Sticker-Zen-0026,ok,,Production,1664,1664,2223.74,3443067
Sticker-Zen-0026,ok,,U1,1024,1024,1706.87,965586
Sticker-Zen-0026,ok,,U2,1024,1024,2968.29,996414
Sticker-Zen-0026,ok,,U3,1024,1024,3006.82,1322024
Sticker-Zen-0026,ok,,U4,1024,1024,1982.1,934166
Sticker-Zen-0027,ok,,Cover,1800,1800,3161.22,2873913
Sticker-Zen-0027,ok,,Production,1664,1664,3372.85,2775279
Sticker-Zen-0027,ok,,U1,1024,1024,4492.57,979133
Sticker-Zen-0027,ok,,U2,1024,1024,3393.45,868957
Sticker-Zen-0027,ok,,U3,1024,1024,3177.11,945968
Sticker-Zen-0027,ok,,U4,1024,1024,3411.16,861157
Sticker-Zen-0028,low_resolution_gallery,U1_lowres_256x256;U2_lowres_256x256;U3_lowres_256x256;U4_lowres_256x256,Cover,1800,1800,1118.19,1049637
Sticker-Zen-0028,low_resolution_gallery,U1_lowres_256x256;U2_lowres_256x256;U3_lowres_256x256;U4_lowres_256x256,Production,1664,1664,651.68,1219206
Sticker-Zen-0028,low_resolution_gallery,U1_lowres_256x256;U2_lowres_256x256;U3_lowres_256x256;U4_lowres_256x256,U1,256,256,199.95,55563
Sticker-Zen-0028,low_resolution_gallery,U1_lowres_256x256;U2_lowres_256x256;U3_lowres_256x256;U4_lowres_256x256,U2,256,256,503.9,34975
Sticker-Zen-0028,low_resolution_gallery,U1_lowres_256x256;U2_lowres_256x256;U3_lowres_256x256;U4_lowres_256x256,U3,256,256,25.22,54323
Sticker-Zen-0028,low_resolution_gallery,U1_lowres_256x256;U2_lowres_256x256;U3_lowres_256x256;U4_lowres_256x256,U4,256,256,8.43,45977
Sticker-Zen-0029,ok,,Cover,1800,1800,2401.79,3009004
Sticker-Zen-0029,ok,,Production,1664,1664,2452.06,2610726
Sticker-Zen-0029,ok,,U1,1024,1024,2766.96,996204
Sticker-Zen-0029,ok,,U2,1024,1024,2669.04,782006
Sticker-Zen-0029,ok,,U3,1024,1024,1990.45,733147
Sticker-Zen-0029,ok,,U4,1024,1024,2105.11,1235691
Sticker-Zen-0030,low_resolution_gallery,U1_lowres_256x256;U2_lowres_256x256;U3_lowres_256x256;U4_lowres_256x256,Cover,1800,1800,1051.77,1663974
Sticker-Zen-0030,low_resolution_gallery,U1_lowres_256x256;U2_lowres_256x256;U3_lowres_256x256;U4_lowres_256x256,Production,1664,1664,1028.58,1636104
Sticker-Zen-0030,low_resolution_gallery,U1_lowres_256x256;U2_lowres_256x256;U3_lowres_256x256;U4_lowres_256x256,U1,256,256,657.11,72066
Sticker-Zen-0030,low_resolution_gallery,U1_lowres_256x256;U2_lowres_256x256;U3_lowres_256x256;U4_lowres_256x256,U2,256,256,420.5,64773
Sticker-Zen-0030,low_resolution_gallery,U1_lowres_256x256;U2_lowres_256x256;U3_lowres_256x256;U4_lowres_256x256,U3,256,256,645.24,57121
Sticker-Zen-0030,low_resolution_gallery,U1_lowres_256x256;U2_lowres_256x256;U3_lowres_256x256;U4_lowres_256x256,U4,256,256,609.93,64632
Sticker-Zen-0031,ok,,Cover,1800,1800,2041.35,3263370
Sticker-Zen-0031,ok,,Production,1664,1664,2336.3,2981796
Sticker-Zen-0031,ok,,U1,1024,1024,2893.47,1255981
Sticker-Zen-0031,ok,,U2,1024,1024,1699.6,928394
Sticker-Zen-0031,ok,,U3,1024,1024,2648.38,1010123
Sticker-Zen-0031,ok,,U4,1024,1024,2158.31,967319
Sticker-Zen-0032,ok,,Cover,1800,1800,3131.11,3847496
Sticker-Zen-0032,ok,,Production,1664,1664,3291.59,3538953
Sticker-Zen-0032,ok,,U1,1024,1024,4666.36,1451735
Sticker-Zen-0032,ok,,U2,1024,1024,2301.65,1056847
Sticker-Zen-0032,ok,,U3,1024,1024,3261.67,1387916
Sticker-Zen-0032,ok,,U4,1024,1024,3548.05,1274248
Sticker-Zen-0033,low_resolution_gallery,U1_lowres_256x256;U2_lowres_256x256;U3_lowres_256x256;U4_lowres_256x256,Cover,1800,1800,904.01,1059369
Sticker-Zen-0033,low_resolution_gallery,U1_lowres_256x256;U2_lowres_256x256;U3_lowres_256x256;U4_lowres_256x256,Production,1664,1664,693.01,1116022
Sticker-Zen-0033,low_resolution_gallery,U1_lowres_256x256;U2_lowres_256x256;U3_lowres_256x256;U4_lowres_256x256,U1,256,256,66.32,51093
Sticker-Zen-0033,low_resolution_gallery,U1_lowres_256x256;U2_lowres_256x256;U3_lowres_256x256;U4_lowres_256x256,U2,256,256,96.55,43058
Sticker-Zen-0033,low_resolution_gallery,U1_lowres_256x256;U2_lowres_256x256;U3_lowres_256x256;U4_lowres_256x256,U3,256,256,370.3,52139
Sticker-Zen-0033,low_resolution_gallery,U1_lowres_256x256;U2_lowres_256x256;U3_lowres_256x256;U4_lowres_256x256,U4,256,256,335.14,50115
Sticker-Zen-0034,ok,,Cover,1800,1800,2944.1,2924068
Sticker-Zen-0034,ok,,Production,1664,1664,2897.26,2661822
Sticker-Zen-0034,ok,,U1,1024,1024,2357.17,1075781
Sticker-Zen-0034,ok,,U2,1024,1024,2182.61,1047081
Sticker-Zen-0034,ok,,U3,1024,1024,2210.02,935139
Sticker-Zen-0034,ok,,U4,1024,1024,2048.89,763291
Sticker-Zen-0035,ok,,Cover,1800,1800,2233.87,2873519
Sticker-Zen-0035,ok,,Production,1664,1664,2233.04,2726330
Sticker-Zen-0035,ok,,U1,1024,1024,3991.39,1042182
Sticker-Zen-0035,ok,,U2,1024,1024,3035.95,901961
Sticker-Zen-0035,ok,,U3,1024,1024,2399.35,941103
Sticker-Zen-0035,ok,,U4,1024,1024,2771.47,827355
Sticker-Zen-0036,ok,,Cover,1800,1800,759.31,1101036
Sticker-Zen-0036,ok,,Production,1664,1664,553.75,1362523
Sticker-Zen-0036,ok,,U1,1024,1024,1826.67,902422
Sticker-Zen-0036,ok,,U2,1024,1024,2093.51,962586
Sticker-Zen-0036,ok,,U3,1024,1024,2480.24,1120722
Sticker-Zen-0036,ok,,U4,1024,1024,2298.92,1023773
Sticker-Zen-0037,ok,,Cover,1800,1800,2256.72,3331142
Sticker-Zen-0037,ok,,Production,1664,1664,2352.74,3790014
Sticker-Zen-0037,ok,,U1,1024,1024,1532.35,491442
Sticker-Zen-0037,ok,,U2,1024,1024,2537.45,2151508
Sticker-Zen-0037,ok,,U3,1024,1024,1744.29,1071852
Sticker-Zen-0037,ok,,U4,1024,1024,1601.33,842282
Sticker-Zen-0038,ok,,Cover,1800,1800,2539.41,3183892
Sticker-Zen-0038,ok,,Production,1664,1664,2717.07,3176119
Sticker-Zen-0038,ok,,U1,1024,1024,4075.39,1105542
Sticker-Zen-0038,ok,,U2,1024,1024,1597.42,1053584
Sticker-Zen-0038,ok,,U3,1024,1024,2827.97,1038381
Sticker-Zen-0038,ok,,U4,1024,1024,3155.52,988001
Sticker-Zen-0039,low_resolution_gallery,U1_lowres_256x256;U2_lowres_256x256;U3_lowres_256x256;U4_lowres_256x256,Cover,1800,1800,904.01,1059369
Sticker-Zen-0039,low_resolution_gallery,U1_lowres_256x256;U2_lowres_256x256;U3_lowres_256x256;U4_lowres_256x256,Production,1664,1664,693.01,1116022
Sticker-Zen-0039,low_resolution_gallery,U1_lowres_256x256;U2_lowres_256x256;U3_lowres_256x256;U4_lowres_256x256,U1,256,256,66.32,51093
Sticker-Zen-0039,low_resolution_gallery,U1_lowres_256x256;U2_lowres_256x256;U3_lowres_256x256;U4_lowres_256x256,U2,256,256,96.55,43058
Sticker-Zen-0039,low_resolution_gallery,U1_lowres_256x256;U2_lowres_256x256;U3_lowres_256x256;U4_lowres_256x256,U3,256,256,370.3,52139
Sticker-Zen-0039,low_resolution_gallery,U1_lowres_256x256;U2_lowres_256x256;U3_lowres_256x256;U4_lowres_256x256,U4,256,256,335.14,50115
Sticker-Zen-0040,ok,,Cover,1800,1800,3128.9,3475405
Sticker-Zen-0040,ok,,Production,1664,1664,2046.95,1998763
Sticker-Zen-0040,ok,,U1,1024,1024,2971.35,1087031
Sticker-Zen-0040,ok,,U2,1024,1024,3419.81,1154470
Sticker-Zen-0040,ok,,U3,1024,1024,1348.36,1005458
Sticker-Zen-0040,ok,,U4,1024,1024,4646.34,1191563
Sticker-Zen-0041,ok,,Cover,1800,1800,2539.41,3183892
Sticker-Zen-0041,ok,,Production,1664,1664,2717.07,3176119
Sticker-Zen-0041,ok,,U1,1024,1024,2862.31,1362272
Sticker-Zen-0041,ok,,U2,1024,1024,3256.4,1256704
Sticker-Zen-0041,ok,,U3,1024,1024,3170.3,1506593
Sticker-Zen-0041,ok,,U4,1024,1024,2638.54,1319287
Sticker-Zen-0042,ok,,Cover,1800,1800,1316.69,2723304
Sticker-Zen-0042,ok,,Production,1664,1664,987.21,3020970
Sticker-Zen-0042,ok,,U1,1024,1024,3142.47,1034160
Sticker-Zen-0042,ok,,U2,1024,1024,3217.83,1287568
Sticker-Zen-0042,ok,,U3,1024,1024,2873.75,1083105
Sticker-Zen-0042,ok,,U4,1024,1024,3302.65,1200291
Sticker-Zen-0044,ok,,Cover,1800,1800,1259.66,1087420
Sticker-Zen-0044,ok,,Production,1664,1664,760.66,1110183
Sticker-Zen-0044,ok,,U1,1024,1024,3417.42,2227244
Sticker-Zen-0044,ok,,U2,1024,1024,1626.92,1951642
Sticker-Zen-0044,ok,,U3,1024,1024,1682.47,464036
Sticker-Zen-0044,ok,,U4,1024,1024,2456.45,1645738
Sticker-Zen-0045,ok,,Cover,1800,1800,3219.17,4362776
Sticker-Zen-0045,ok,,Production,1664,1664,3189.15,3740827
Sticker-Zen-0045,ok,,U1,1024,1024,3269.17,1513782
Sticker-Zen-0045,ok,,U2,1024,1024,2978.08,1398650
Sticker-Zen-0045,ok,,U3,1024,1024,2541.79,1454495
Sticker-Zen-0045,ok,,U4,1024,1024,1911.0,1195876
Sticker-Zen-0046,ok,,Cover,1800,1800,2915.08,3882156
Sticker-Zen-0046,ok,,Production,1664,1664,2096.52,2591758
Sticker-Zen-0046,ok,,U1,1024,1024,2588.67,1286967
Sticker-Zen-0046,ok,,U2,1024,1024,2343.42,1095268
Sticker-Zen-0046,ok,,U3,1024,1024,5000.44,1760314
Sticker-Zen-0046,ok,,U4,1024,1024,1715.27,820996
Sticker-Zen-0048,ok,,Cover,1800,1800,3180.15,4556194
Sticker-Zen-0048,ok,,Production,1664,1664,2888.64,3948502
Sticker-Zen-0048,ok,,U1,1024,1024,3417.42,2227244
Sticker-Zen-0048,ok,,U2,1024,1024,1626.92,1951642
Sticker-Zen-0048,ok,,U3,1024,1024,1682.47,464036
Sticker-Zen-0048,ok,,U4,1024,1024,2456.45,1645738
Sticker-Zen-0049,ok,,Cover,1800,1800,3805.69,5042743
Sticker-Zen-0049,ok,,Production,1664,1664,2767.7,3437460
Sticker-Zen-0049,ok,,U1,1024,1024,4621.12,1964858
Sticker-Zen-0049,ok,,U2,1024,1024,1996.88,1531526
Sticker-Zen-0049,ok,,U3,1024,1024,4509.78,1732292
Sticker-Zen-0049,ok,,U4,1024,1024,2711.16,1218443
Sticker-Zen-0050,ok,,Cover,1800,1800,3248.3,3694384
Sticker-Zen-0050,ok,,Production,1664,1664,2829.86,2953801
Sticker-Zen-0050,ok,,U1,1024,1024,3099.72,1387698
Sticker-Zen-0050,ok,,U2,1024,1024,2143.51,1005342
Sticker-Zen-0050,ok,,U3,1024,1024,2799.19,1162898
Sticker-Zen-0050,ok,,U4,1024,1024,2661.03,1074965
Sticker-Zen-0051,ok,,Cover,1800,1800,2836.25,3980738
Sticker-Zen-0051,ok,,Production,1664,1664,1489.01,2390211
Sticker-Zen-0051,ok,,U1,1024,1024,3263.05,1696951
Sticker-Zen-0051,ok,,U2,1024,1024,2554.38,1334695
Sticker-Zen-0051,ok,,U3,1024,1024,2704.58,1167499
Sticker-Zen-0051,ok,,U4,1024,1024,2192.2,922718
Sticker-Zen-0052,ok,,Cover,1800,1800,3095.09,3728461
Sticker-Zen-0052,ok,,Production,1664,1664,3312.89,3641592
Sticker-Zen-0052,ok,,U1,1024,1024,2372.05,1178379
Sticker-Zen-0052,ok,,U2,1024,1024,2686.81,1272773
Sticker-Zen-0052,ok,,U3,1024,1024,2476.16,873688
Sticker-Zen-0052,ok,,U4,1024,1024,3177.83,1376658
Sticker-Zen-0053,ok,,Cover,1800,1800,3021.5,4927388
Sticker-Zen-0053,ok,,Production,1664,1664,1958.29,3604560
Sticker-Zen-0053,ok,,U1,1024,1024,2873.5,1496358
Sticker-Zen-0053,ok,,U2,1024,1024,3087.91,1293189
Sticker-Zen-0053,ok,,U3,1024,1024,2942.59,1600524
Sticker-Zen-0053,ok,,U4,1024,1024,2988.66,2045403
Sticker-Zen-0054,ok,,Cover,1800,1800,2691.06,4104559
Sticker-Zen-0054,ok,,Production,1664,1664,2080.63,3689288
Sticker-Zen-0054,ok,,U1,1024,1024,2327.37,1262956
Sticker-Zen-0054,ok,,U2,1024,1024,2173.27,1114249
Sticker-Zen-0054,ok,,U3,1024,1024,1915.8,1572573
Sticker-Zen-0054,ok,,U4,1024,1024,3016.34,1257821
Sticker-Zen-0055,ok,,Cover,1800,1800,5188.38,4711093
Sticker-Zen-0055,ok,,Production,1664,1664,1477.1,1839662
Sticker-Zen-0055,ok,,U1,1024,1024,5162.25,1531395
Sticker-Zen-0055,ok,,U2,1024,1024,6837.99,1596173
Sticker-Zen-0055,ok,,U3,1024,1024,4564.05,1335958
Sticker-Zen-0055,ok,,U4,1024,1024,6409.78,1659437
Sticker-Zen-0056,ok,,Cover,1800,1800,3715.71,5328305
Sticker-Zen-0056,ok,,Production,1664,1664,3488.99,4675043
Sticker-Zen-0056,ok,,U1,1024,1024,3369.4,1579160
Sticker-Zen-0056,ok,,U2,1024,1024,4579.3,1927040
Sticker-Zen-0056,ok,,U3,1024,1024,3509.6,1700336
Sticker-Zen-0056,ok,,U4,1024,1024,4021.23,1650273
Sticker-Zen-0057,ok,,Cover,1800,1800,6389.96,6204723
Sticker-Zen-0057,ok,,Production,1664,1664,5221.19,5082217
Sticker-Zen-0057,ok,,U1,1024,1024,6628.86,2015715
Sticker-Zen-0057,ok,,U2,1024,1024,5342.98,2031592
Sticker-Zen-0057,ok,,U3,1024,1024,5697.73,2046288
Sticker-Zen-0057,ok,,U4,1024,1024,5451.59,1979303
Sticker-Zen-0058,ok,,Cover,1800,1800,3847.91,4031802
Sticker-Zen-0058,ok,,Production,1664,1664,3935.05,3986536
Sticker-Zen-0058,ok,,U1,1024,1024,2428.74,862706
Sticker-Zen-0058,ok,,U2,1024,1024,3371.04,1721282
Sticker-Zen-0058,ok,,U3,1024,1024,3531.17,1602098
Sticker-Zen-0058,ok,,U4,1024,1024,3725.57,1000272
Sticker-Zen-0060,ok,,Cover,1800,1800,3091.63,3417450
Sticker-Zen-0060,ok,,Production,1664,1664,2032.15,2090567
Sticker-Zen-0060,ok,,U1,1024,1024,2911.49,958028
Sticker-Zen-0060,ok,,U2,1024,1024,3282.99,1020353
Sticker-Zen-0060,ok,,U3,1024,1024,3358.4,1265039
Sticker-Zen-0060,ok,,U4,1024,1024,3139.61,1100054
Sticker-Zen-0061,ok,,Cover,1800,1800,3781.56,4948857
Sticker-Zen-0061,ok,,Production,1664,1664,3453.18,4009142
Sticker-Zen-0061,ok,,U1,1024,1024,2856.98,1381711
Sticker-Zen-0061,ok,,U2,1024,1024,2293.13,1155256
Sticker-Zen-0061,ok,,U3,1024,1024,3527.68,2054581
Sticker-Zen-0061,ok,,U4,1024,1024,4770.93,1897632
Sticker-Zen-0062,ok,,Cover,1800,1800,3172.71,4452196
Sticker-Zen-0062,ok,,Production,1664,1664,2136.17,3006493
Sticker-Zen-0062,ok,,U1,1024,1024,2344.64,1231009
Sticker-Zen-0062,ok,,U2,1024,1024,2451.57,967382
Sticker-Zen-0062,ok,,U3,1024,1024,2770.4,1694745
Sticker-Zen-0062,ok,,U4,1024,1024,3403.75,1994392
Sticker-Zen-0063,ok,,Cover,1800,1800,3764.32,4994451
Sticker-Zen-0063,ok,,Production,1664,1664,3773.37,4716266
Sticker-Zen-0063,ok,,U1,1024,1024,4325.56,2086209
Sticker-Zen-0063,ok,,U2,1024,1024,3263.73,1265338
Sticker-Zen-0063,ok,,U3,1024,1024,3414.73,1779129
Sticker-Zen-0063,ok,,U4,1024,1024,3274.97,1406385
Sticker-Zen-0066,ok,,Cover,1800,1800,3603.59,4360827
Sticker-Zen-0066,ok,,Production,1664,1664,2646.73,3232126
Sticker-Zen-0066,ok,,U1,1024,1024,4435.54,1352536
Sticker-Zen-0066,ok,,U2,1024,1024,2494.36,1144114
Sticker-Zen-0066,ok,,U3,1024,1024,2228.56,1759236
Sticker-Zen-0066,ok,,U4,1024,1024,2507.57,1328102
Sticker-Zen-0067,ok,,Cover,1800,1800,4288.8,4280407
Sticker-Zen-0067,ok,,Production,1664,1664,3948.14,3659108
Sticker-Zen-0067,ok,,U1,1024,1024,3876.35,1388579
Sticker-Zen-0067,ok,,U2,1024,1024,2702.12,1038661
Sticker-Zen-0067,ok,,U3,1024,1024,4674.63,1850885
Sticker-Zen-0067,ok,,U4,1024,1024,3083.87,1187147
Sticker-Zen-0068,ok,,Cover,1800,1800,3662.23,4514188
Sticker-Zen-0068,ok,,Production,1664,1664,3937.68,4386761
Sticker-Zen-0068,ok,,U1,1024,1024,3592.73,1649710
Sticker-Zen-0068,ok,,U2,1024,1024,3579.8,1557980
Sticker-Zen-0068,ok,,U3,1024,1024,3432.27,1332260
Sticker-Zen-0068,ok,,U4,1024,1024,2980.04,1284438
Sticker-Zen-0069,ok,,Cover,1800,1800,4125.6,3950497
Sticker-Zen-0069,ok,,Production,1664,1664,4258.11,3616713
Sticker-Zen-0069,ok,,U1,1024,1024,5472.92,1702277
Sticker-Zen-0069,ok,,U2,1024,1024,3103.28,1110932
Sticker-Zen-0069,ok,,U3,1024,1024,4161.0,1260466
Sticker-Zen-0069,ok,,U4,1024,1024,2699.14,969989
Sticker-Zen-0070,ok,,Cover,1800,1800,2964.33,3575640
Sticker-Zen-0070,ok,,Production,1664,1664,2752.75,3276702
Sticker-Zen-0070,ok,,U1,1024,1024,4245.98,1219071
Sticker-Zen-0070,ok,,U2,1024,1024,1767.94,975975
Sticker-Zen-0070,ok,,U3,1024,1024,3156.4,1261214
Sticker-Zen-0070,ok,,U4,1024,1024,3058.91,1083333
Sticker-Zen-0071,ok,,Cover,1800,1800,3478.25,2802910
Sticker-Zen-0071,ok,,Production,1664,1664,3520.31,2419402
Sticker-Zen-0071,ok,,U1,1024,1024,4289.91,938234
Sticker-Zen-0071,ok,,U2,1024,1024,3034.04,862248
Sticker-Zen-0071,ok,,U3,1024,1024,4156.27,950768
Sticker-Zen-0071,ok,,U4,1024,1024,4102.53,862367
Sticker-Zen-0072,ok,,Cover,1800,1800,3816.49,3138770
Sticker-Zen-0072,ok,,Production,1664,1664,3797.64,2527246
Sticker-Zen-0072,ok,,U1,1024,1024,4645.37,1014390
Sticker-Zen-0072,ok,,U2,1024,1024,3677.86,1002716
Sticker-Zen-0072,ok,,U3,1024,1024,3654.08,1031925
Sticker-Zen-0072,ok,,U4,1024,1024,3322.5,908937
Sticker-Zen-0073,ok,,Cover,1800,1800,3400.15,2658447
Sticker-Zen-0073,ok,,Production,1664,1664,3248.55,2204466
Sticker-Zen-0073,ok,,U1,1024,1024,4231.26,931329
Sticker-Zen-0073,ok,,U2,1024,1024,4158.52,1054366
Sticker-Zen-0073,ok,,U3,1024,1024,3083.87,764448
Sticker-Zen-0073,ok,,U4,1024,1024,2958.11,791201
Sticker-Zen-0074,ok,,Cover,1800,1800,3220.71,3197532
Sticker-Zen-0074,ok,,Production,1664,1664,3198.11,2845424
Sticker-Zen-0074,ok,,U1,1024,1024,3369.35,879446
Sticker-Zen-0074,ok,,U2,1024,1024,2797.77,1054772
Sticker-Zen-0074,ok,,U3,1024,1024,3387.04,1112383
Sticker-Zen-0074,ok,,U4,1024,1024,4144.49,1103184
Sticker-Zen-0075,ok,,Cover,1800,1800,5977.99,4309748
Sticker-Zen-0075,ok,,Production,1664,1664,6557.89,3998573
Sticker-Zen-0075,ok,,U1,1024,1024,7115.3,1651772
Sticker-Zen-0075,ok,,U2,1024,1024,5968.02,1434223
Sticker-Zen-0075,ok,,U3,1024,1024,5502.07,1217216
Sticker-Zen-0075,ok,,U4,1024,1024,6580.76,1444792
Sticker-Zen-0076,ok,,Cover,1800,1800,2578.64,3130559
Sticker-Zen-0076,ok,,Production,1664,1664,2744.03,2848974
Sticker-Zen-0076,ok,,U1,1024,1024,1678.72,1046457
Sticker-Zen-0076,ok,,U2,1024,1024,2813.57,1133788
Sticker-Zen-0076,ok,,U3,1024,1024,2672.18,1056768
Sticker-Zen-0076,ok,,U4,1024,1024,2221.12,923633
Sticker-Zen-0078,low_resolution_gallery,U1_lowres_256x256;U2_lowres_256x256;U3_lowres_256x256;U4_lowres_256x256,Cover,1800,1800,701.23,889993
Sticker-Zen-0078,low_resolution_gallery,U1_lowres_256x256;U2_lowres_256x256;U3_lowres_256x256;U4_lowres_256x256,Production,1664,1664,692.88,1194761
Sticker-Zen-0078,low_resolution_gallery,U1_lowres_256x256;U2_lowres_256x256;U3_lowres_256x256;U4_lowres_256x256,U1,256,256,383.19,49731
Sticker-Zen-0078,low_resolution_gallery,U1_lowres_256x256;U2_lowres_256x256;U3_lowres_256x256;U4_lowres_256x256,U2,256,256,529.89,33915
Sticker-Zen-0078,low_resolution_gallery,U1_lowres_256x256;U2_lowres_256x256;U3_lowres_256x256;U4_lowres_256x256,U3,256,256,532.86,43448
Sticker-Zen-0078,low_resolution_gallery,U1_lowres_256x256;U2_lowres_256x256;U3_lowres_256x256;U4_lowres_256x256,U4,256,256,533.33,30101
Sticker-Zen-0079,low_resolution_gallery,U1_lowres_256x256;U2_lowres_256x256;U3_lowres_256x256;U4_lowres_256x256,Cover,1800,1800,523.71,1152225
Sticker-Zen-0079,low_resolution_gallery,U1_lowres_256x256;U2_lowres_256x256;U3_lowres_256x256;U4_lowres_256x256,Production,1664,1664,479.25,1447741
Sticker-Zen-0079,low_resolution_gallery,U1_lowres_256x256;U2_lowres_256x256;U3_lowres_256x256;U4_lowres_256x256,U1,256,256,372.81,60343
Sticker-Zen-0079,low_resolution_gallery,U1_lowres_256x256;U2_lowres_256x256;U3_lowres_256x256;U4_lowres_256x256,U2,256,256,487.23,49046
Sticker-Zen-0079,low_resolution_gallery,U1_lowres_256x256;U2_lowres_256x256;U3_lowres_256x256;U4_lowres_256x256,U3,256,256,392.69,62835
Sticker-Zen-0079,low_resolution_gallery,U1_lowres_256x256;U2_lowres_256x256;U3_lowres_256x256;U4_lowres_256x256,U4,256,256,434.97,61493
Sticker-Zen-0080,low_resolution_gallery,U1_lowres_256x256;U2_lowres_256x256;U3_lowres_256x256;U4_lowres_256x256,Cover,1800,1800,678.9,1304017
Sticker-Zen-0080,low_resolution_gallery,U1_lowres_256x256;U2_lowres_256x256;U3_lowres_256x256;U4_lowres_256x256,Production,1664,1664,667.03,1325746
Sticker-Zen-0080,low_resolution_gallery,U1_lowres_256x256;U2_lowres_256x256;U3_lowres_256x256;U4_lowres_256x256,U1,256,256,441.84,28515
Sticker-Zen-0080,low_resolution_gallery,U1_lowres_256x256;U2_lowres_256x256;U3_lowres_256x256;U4_lowres_256x256,U2,256,256,302.41,73083
Sticker-Zen-0080,low_resolution_gallery,U1_lowres_256x256;U2_lowres_256x256;U3_lowres_256x256;U4_lowres_256x256,U3,256,256,413.55,81411
Sticker-Zen-0080,low_resolution_gallery,U1_lowres_256x256;U2_lowres_256x256;U3_lowres_256x256;U4_lowres_256x256,U4,256,256,335.22,53925
Sticker-Zen-0081,ok,,Cover,1800,1800,2471.61,2816791
Sticker-Zen-0081,ok,,Production,1664,1664,2581.72,2282887
Sticker-Zen-0081,ok,,U1,1024,1024,2401.51,710739
Sticker-Zen-0081,ok,,U2,1024,1024,2476.46,937764
Sticker-Zen-0081,ok,,U3,1024,1024,2694.03,800025
Sticker-Zen-0081,ok,,U4,1024,1024,3829.67,1073017
Sticker-Zen-0082,low_resolution_gallery,U1_lowres_256x256;U2_lowres_256x256;U3_lowres_256x256;U4_lowres_256x256,Cover,1800,1800,520.7,638893
Sticker-Zen-0082,low_resolution_gallery,U1_lowres_256x256;U2_lowres_256x256;U3_lowres_256x256;U4_lowres_256x256,Production,1664,1664,523.98,927639
Sticker-Zen-0082,low_resolution_gallery,U1_lowres_256x256;U2_lowres_256x256;U3_lowres_256x256;U4_lowres_256x256,U1,256,256,504.39,33078
Sticker-Zen-0082,low_resolution_gallery,U1_lowres_256x256;U2_lowres_256x256;U3_lowres_256x256;U4_lowres_256x256,U2,256,256,505.57,25954
Sticker-Zen-0082,low_resolution_gallery,U1_lowres_256x256;U2_lowres_256x256;U3_lowres_256x256;U4_lowres_256x256,U3,256,256,504.41,26055
Sticker-Zen-0082,low_resolution_gallery,U1_lowres_256x256;U2_lowres_256x256;U3_lowres_256x256;U4_lowres_256x256,U4,256,256,503.8,32076
Sticker-Zen-0083,ok,,Cover,1800,1800,2309.51,2816693
Sticker-Zen-0083,ok,,Production,1664,1664,2669.35,2552648
Sticker-Zen-0083,ok,,U1,1024,1024,2725.31,1030644
Sticker-Zen-0083,ok,,U2,1024,1024,1204.94,886662
Sticker-Zen-0083,ok,,U3,1024,1024,1613.34,643247
Sticker-Zen-0083,ok,,U4,1024,1024,3732.85,969149
Sticker-Zen-0084,ok,,Cover,1800,1800,3388.41,4611631
Sticker-Zen-0084,ok,,Production,1664,1664,3683.39,4511695
Sticker-Zen-0084,ok,,U1,1024,1024,2396.97,1293541
Sticker-Zen-0084,ok,,U2,1024,1024,4334.81,1656739
Sticker-Zen-0084,ok,,U3,1024,1024,4009.15,1551492
Sticker-Zen-0084,ok,,U4,1024,1024,3191.9,1458672
Sticker-Zen-0085,low_resolution_gallery,U1_lowres_256x256;U2_lowres_256x256;U3_lowres_256x256;U4_lowres_256x256,Cover,1800,1800,640.17,1607353
Sticker-Zen-0085,low_resolution_gallery,U1_lowres_256x256;U2_lowres_256x256;U3_lowres_256x256;U4_lowres_256x256,Production,1664,1664,640.19,1627137
Sticker-Zen-0085,low_resolution_gallery,U1_lowres_256x256;U2_lowres_256x256;U3_lowres_256x256;U4_lowres_256x256,U1,256,256,412.23,83912
Sticker-Zen-0085,low_resolution_gallery,U1_lowres_256x256;U2_lowres_256x256;U3_lowres_256x256;U4_lowres_256x256,U2,256,256,299.25,67435
Sticker-Zen-0085,low_resolution_gallery,U1_lowres_256x256;U2_lowres_256x256;U3_lowres_256x256;U4_lowres_256x256,U3,256,256,357.26,67079
Sticker-Zen-0085,low_resolution_gallery,U1_lowres_256x256;U2_lowres_256x256;U3_lowres_256x256;U4_lowres_256x256,U4,256,256,373.02,71501
Sticker-Zen-0086,ok,,Cover,1800,1800,4091.4,3049397
Sticker-Zen-0086,ok,,Production,1664,1664,4222.87,2876417
Sticker-Zen-0086,ok,,U1,1024,1024,4106.16,899440
Sticker-Zen-0086,ok,,U2,1024,1024,4188.76,1099310
Sticker-Zen-0086,ok,,U3,1024,1024,3606.31,997614
Sticker-Zen-0086,ok,,U4,1024,1024,3618.75,964757
Sticker-Zen-0087,ok,,Cover,1800,1800,4206.47,3307755
Sticker-Zen-0087,ok,,Production,1664,1664,4677.57,2850763
Sticker-Zen-0087,ok,,U1,1024,1024,4528.14,1114148
Sticker-Zen-0087,ok,,U2,1024,1024,4594.99,1155037
Sticker-Zen-0087,ok,,U3,1024,1024,3318.47,950087
Sticker-Zen-0087,ok,,U4,1024,1024,4378.11,1095665
Sticker-Zen-0088,ok,,Cover,1800,1800,4551.64,3891077
Sticker-Zen-0088,ok,,Production,1664,1664,5221.97,3736741
Sticker-Zen-0088,ok,,U1,1024,1024,4816.22,1187702
Sticker-Zen-0088,ok,,U2,1024,1024,4738.49,1366327
Sticker-Zen-0088,ok,,U3,1024,1024,3792.76,1444213
Sticker-Zen-0088,ok,,U4,1024,1024,4878.57,1256942
Sticker-Zen-0089,ok,,Cover,1800,1800,4009.95,3260399
Sticker-Zen-0089,ok,,Production,1664,1664,4263.4,3197041
Sticker-Zen-0089,ok,,U1,1024,1024,5017.39,1205011
Sticker-Zen-0089,ok,,U2,1024,1024,4220.15,962786
Sticker-Zen-0089,ok,,U3,1024,1024,4240.1,1096667
Sticker-Zen-0089,ok,,U4,1024,1024,4146.52,1099658
Sticker-Zen-0090,low_resolution_gallery,U1_lowres_256x256;U2_lowres_256x256;U3_lowres_256x256;U4_lowres_256x256,Cover,1800,1800,2391.57,2249414
Sticker-Zen-0090,low_resolution_gallery,U1_lowres_256x256;U2_lowres_256x256;U3_lowres_256x256;U4_lowres_256x256,Production,1664,1664,2531.79,2286513
Sticker-Zen-0090,low_resolution_gallery,U1_lowres_256x256;U2_lowres_256x256;U3_lowres_256x256;U4_lowres_256x256,U1,256,256,1083.65,87965
Sticker-Zen-0090,low_resolution_gallery,U1_lowres_256x256;U2_lowres_256x256;U3_lowres_256x256;U4_lowres_256x256,U2,256,256,1637.37,89023
Sticker-Zen-0090,low_resolution_gallery,U1_lowres_256x256;U2_lowres_256x256;U3_lowres_256x256;U4_lowres_256x256,U3,256,256,1166.47,78182
Sticker-Zen-0090,low_resolution_gallery,U1_lowres_256x256;U2_lowres_256x256;U3_lowres_256x256;U4_lowres_256x256,U4,256,256,1214.92,83394
Sticker-Zen-0091,ok,,Cover,1800,1800,3319.3,1929221
Sticker-Zen-0091,ok,,Production,1664,1664,3737.24,1821795
Sticker-Zen-0091,ok,,U1,1024,1024,3497.93,585871
Sticker-Zen-0091,ok,,U2,1024,1024,3218.28,680774
Sticker-Zen-0091,ok,,U3,1024,1024,2888.25,559109
Sticker-Zen-0091,ok,,U4,1024,1024,3719.69,629865
Sticker-Zen-0092,ok,,Cover,1800,1800,4971.55,3885607
Sticker-Zen-0092,ok,,Production,1664,1664,5583.67,3601129
Sticker-Zen-0092,ok,,U1,1024,1024,5607.18,1522643
Sticker-Zen-0092,ok,,U2,1024,1024,4429.43,1034514
Sticker-Zen-0092,ok,,U3,1024,1024,4792.53,1317221
Sticker-Zen-0092,ok,,U4,1024,1024,4991.18,1390779
Sticker-Zen-0093,ok,,Cover,1800,1800,1864.54,1179602
Sticker-Zen-0093,ok,,Production,1664,1664,1983.28,1182191
Sticker-Zen-0093,ok,,U1,1024,1024,2139.42,406784
Sticker-Zen-0093,ok,,U2,1024,1024,1744.38,341840
Sticker-Zen-0093,ok,,U3,1024,1024,2033.49,354865
Sticker-Zen-0093,ok,,U4,1024,1024,1936.06,421981
Sticker-Zen-0094,ok,,Cover,1800,1800,3422.58,3847373
Sticker-Zen-0094,ok,,Production,1664,1664,3600.2,2977892
Sticker-Zen-0094,ok,,U1,1024,1024,3654.33,1121282
Sticker-Zen-0094,ok,,U2,1024,1024,2292.5,1373345
Sticker-Zen-0094,ok,,U3,1024,1024,2790.67,1607979
Sticker-Zen-0094,ok,,U4,1024,1024,3459.94,1016503
Sticker-Zen-0095,ok,,Cover,1800,1800,3738.24,2375360
Sticker-Zen-0095,ok,,Production,1664,1664,3500.73,1847451
Sticker-Zen-0095,ok,,U1,1024,1024,4055.77,914191
Sticker-Zen-0095,ok,,U2,1024,1024,2824.21,502902
Sticker-Zen-0095,ok,,U3,1024,1024,3948.92,891221
Sticker-Zen-0095,ok,,U4,1024,1024,3518.98,746006
Sticker-Zen-0096,ok,,Cover,1800,1800,3707.82,2537462
Sticker-Zen-0096,ok,,Production,1664,1664,3750.51,2105456
Sticker-Zen-0096,ok,,U1,1024,1024,4006.49,880768
Sticker-Zen-0096,ok,,U2,1024,1024,4433.36,885895
Sticker-Zen-0096,ok,,U3,1024,1024,3519.6,851636
Sticker-Zen-0096,ok,,U4,1024,1024,3427.49,657092
Sticker-Zen-0097,ok,,Cover,1800,1800,2684.61,1839864
Sticker-Zen-0097,ok,,Production,1664,1664,2976.6,1720516
Sticker-Zen-0097,ok,,U1,1024,1024,2992.25,719480
Sticker-Zen-0097,ok,,U2,1024,1024,2658.23,516097
Sticker-Zen-0097,ok,,U3,1024,1024,2263.79,558647
Sticker-Zen-0097,ok,,U4,1024,1024,2695.95,632293
Sticker-Zen-0098,ok,,Cover,1800,1800,3884.69,3745987
Sticker-Zen-0098,ok,,Production,1664,1664,4111.06,3440472
Sticker-Zen-0098,ok,,U1,1024,1024,3399.14,1126917
Sticker-Zen-0098,ok,,U2,1024,1024,4405.1,1450050
Sticker-Zen-0098,ok,,U3,1024,1024,3520.93,953696
Sticker-Zen-0098,ok,,U4,1024,1024,4616.21,1300225
Sticker-Zen-0099,ok,,Cover,1800,1800,3697.62,4133381
Sticker-Zen-0099,ok,,Production,1664,1664,3564.26,3426359
Sticker-Zen-0099,ok,,U1,1024,1024,3412.1,1260268
Sticker-Zen-0099,ok,,U2,1024,1024,4583.84,1470482
Sticker-Zen-0099,ok,,U3,1024,1024,3533.99,1291690
Sticker-Zen-0099,ok,,U4,1024,1024,4110.71,1358283
Sticker-Zen-0100,ok,,Cover,1800,1800,3825.39,3565144
Sticker-Zen-0100,ok,,Production,1664,1664,3947.11,2826056
Sticker-Zen-0100,ok,,U1,1024,1024,4305.89,1124122
Sticker-Zen-0100,ok,,U2,1024,1024,4442.06,1185665
Sticker-Zen-0100,ok,,U3,1024,1024,4172.6,1206059
Sticker-Zen-0100,ok,,U4,1024,1024,4615.5,1167924
Sticker-Zen-0101,ok,,Cover,1800,1800,3907.5,3489116
Sticker-Zen-0101,ok,,Production,1664,1664,3735.46,2919113
Sticker-Zen-0101,ok,,U1,1024,1024,3878.65,845224
Sticker-Zen-0101,ok,,U2,1024,1024,3876.62,1430645
Sticker-Zen-0101,ok,,U3,1024,1024,3369.87,975430
Sticker-Zen-0101,ok,,U4,1024,1024,4552.46,1267060
Sticker-Zen-0102,ok,,Cover,1800,1800,2463.29,2956304
Sticker-Zen-0102,ok,,Production,1664,1664,2520.2,2130936
Sticker-Zen-0102,ok,,U1,1024,1024,2385.46,896374
Sticker-Zen-0102,ok,,U2,1024,1024,2167.96,833991
Sticker-Zen-0102,ok,,U3,1024,1024,3275.49,1202219
Sticker-Zen-0102,ok,,U4,1024,1024,2475.96,880951
Sticker-Zen-0103,ok,,Cover,1800,1800,4877.25,4062005
Sticker-Zen-0103,ok,,Production,1664,1664,5408.56,3754939
Sticker-Zen-0103,ok,,U1,1024,1024,6493.87,1475038
Sticker-Zen-0103,ok,,U2,1024,1024,5104.51,1133525
Sticker-Zen-0103,ok,,U3,1024,1024,4186.86,1481007
Sticker-Zen-0103,ok,,U4,1024,1024,4791.11,1323605
Sticker-Zen-0104,ok,,Cover,1800,1800,5314.33,4018480
Sticker-Zen-0104,ok,,Production,1664,1664,4478.07,3440678
Sticker-Zen-0104,ok,,U1,1024,1024,4582.02,1220143
Sticker-Zen-0104,ok,,U2,1024,1024,5409.9,1482115
Sticker-Zen-0104,ok,,U3,1024,1024,4693.74,1384210
Sticker-Zen-0104,ok,,U4,1024,1024,4332.8,1366863
Sticker-Zen-0105,ok,,Cover,1800,1800,3797.91,3545785
Sticker-Zen-0105,ok,,Production,1664,1664,4180.38,3134313
Sticker-Zen-0105,ok,,U1,1024,1024,3202.25,1385214
Sticker-Zen-0105,ok,,U2,1024,1024,3933.97,874619
Sticker-Zen-0105,ok,,U3,1024,1024,2937.38,1304034
Sticker-Zen-0105,ok,,U4,1024,1024,3959.7,1085734
Sticker-Zen-0106,ok,,Cover,1800,1800,3011.78,3025199
Sticker-Zen-0106,ok,,Production,1664,1664,3206.4,2321650
Sticker-Zen-0106,ok,,U1,1024,1024,3216.78,767804
Sticker-Zen-0106,ok,,U2,1024,1024,3261.77,1092568
Sticker-Zen-0106,ok,,U3,1024,1024,3732.74,1053222
Sticker-Zen-0106,ok,,U4,1024,1024,3371.97,981785
Sticker-Zen-0107,ok,,Cover,1800,1800,2228.34,2259605
Sticker-Zen-0107,ok,,Production,1664,1664,2360.0,1622556
Sticker-Zen-0107,ok,,U1,1024,1024,2472.19,762273
Sticker-Zen-0107,ok,,U2,1024,1024,2627.23,779818
Sticker-Zen-0107,ok,,U3,1024,1024,2313.55,692419
Sticker-Zen-0107,ok,,U4,1024,1024,1941.97,635208
Sticker-Zen-0108,ok,,Cover,1800,1800,3992.58,3861482
Sticker-Zen-0108,ok,,Production,1664,1664,4456.93,3429768
Sticker-Zen-0108,ok,,U1,1024,1024,4752.91,1258243
Sticker-Zen-0108,ok,,U2,1024,1024,4509.18,1341874
Sticker-Zen-0108,ok,,U3,1024,1024,4595.87,1181844
Sticker-Zen-0108,ok,,U4,1024,1024,5050.82,1344713
Sticker-Zen-0109,ok,,Cover,1800,1800,2670.84,2832374
Sticker-Zen-0109,ok,,Production,1664,1664,3046.69,2034679
Sticker-Zen-0109,ok,,U1,1024,1024,3577.31,1086487
Sticker-Zen-0109,ok,,U2,1024,1024,3196.12,885421
Sticker-Zen-0109,ok,,U3,1024,1024,2698.33,828467
Sticker-Zen-0109,ok,,U4,1024,1024,2709.52,842567
Sticker-Zen-0110,ok,,Cover,1800,1800,1876.96,2282009
Sticker-Zen-0110,ok,,Production,1664,1664,1515.84,1874419
Sticker-Zen-0110,ok,,U1,1024,1024,1318.66,603006
Sticker-Zen-0110,ok,,U2,1024,1024,2183.49,894664
Sticker-Zen-0110,ok,,U3,1024,1024,2061.01,699061
Sticker-Zen-0110,ok,,U4,1024,1024,2065.29,682765
Sticker-Zen-0111,ok,,Cover,1800,1800,2325.53,3237995
Sticker-Zen-0111,ok,,Production,1664,1664,2754.52,3139628
Sticker-Zen-0111,ok,,U1,1024,1024,1402.04,930532
Sticker-Zen-0111,ok,,U2,1024,1024,2095.86,1125425
Sticker-Zen-0111,ok,,U3,1024,1024,3129.46,1001973
Sticker-Zen-0111,ok,,U4,1024,1024,2838.78,1146887
Sticker-Zen-0112,ok,,Cover,1800,1800,3121.41,2333379
Sticker-Zen-0112,ok,,Production,1664,1664,3338.34,2018663
Sticker-Zen-0112,ok,,U1,1024,1024,3090.04,589053
Sticker-Zen-0112,ok,,U2,1024,1024,2935.2,728211
Sticker-Zen-0112,ok,,U3,1024,1024,3481.63,775022
Sticker-Zen-0112,ok,,U4,1024,1024,5465.93,948907
Sticker-Zen-0113,ok,,Cover,1800,1800,2549.56,2913948
Sticker-Zen-0113,ok,,Production,1664,1664,2912.23,2819917
Sticker-Zen-0113,ok,,U1,1024,1024,2793.45,1069445
Sticker-Zen-0113,ok,,U2,1024,1024,3297.85,1013867
Sticker-Zen-0113,ok,,U3,1024,1024,3635.85,1115850
Sticker-Zen-0113,ok,,U4,1024,1024,1900.68,761698
Sticker-Zen-0114,ok,,Cover,1800,1800,3361.9,3463766
Sticker-Zen-0114,ok,,Production,1664,1664,3782.97,3232361
Sticker-Zen-0114,ok,,U1,1024,1024,3976.02,1101642
Sticker-Zen-0114,ok,,U2,1024,1024,3689.48,1350357
Sticker-Zen-0114,ok,,U3,1024,1024,1991.07,1256598
Sticker-Zen-0114,ok,,U4,1024,1024,2432.77,929238
Sticker-Zen-0115,ok,,Cover,1800,1800,3700.25,2782191
Sticker-Zen-0115,ok,,Production,1664,1664,4117.52,2611268
Sticker-Zen-0115,ok,,U1,1024,1024,1737.52,722758
Sticker-Zen-0115,ok,,U2,1024,1024,4103.03,864186
Sticker-Zen-0115,ok,,U3,1024,1024,4794.46,973210
Sticker-Zen-0115,ok,,U4,1024,1024,4101.27,982347
Sticker-Zen-0116,low_resolution_gallery,U1_lowres_256x256;U2_lowres_256x256;U3_lowres_256x256;U4_lowres_256x256,Cover,1800,1800,600.26,648116
Sticker-Zen-0116,low_resolution_gallery,U1_lowres_256x256;U2_lowres_256x256;U3_lowres_256x256;U4_lowres_256x256,Production,1664,1664,663.4,669216
Sticker-Zen-0116,low_resolution_gallery,U1_lowres_256x256;U2_lowres_256x256;U3_lowres_256x256;U4_lowres_256x256,U1,256,256,512.15,25565
Sticker-Zen-0116,low_resolution_gallery,U1_lowres_256x256;U2_lowres_256x256;U3_lowres_256x256;U4_lowres_256x256,U2,256,256,518.75,29457
Sticker-Zen-0116,low_resolution_gallery,U1_lowres_256x256;U2_lowres_256x256;U3_lowres_256x256;U4_lowres_256x256,U3,256,256,520.91,28611
Sticker-Zen-0116,low_resolution_gallery,U1_lowres_256x256;U2_lowres_256x256;U3_lowres_256x256;U4_lowres_256x256,U4,256,256,526.64,28332
Sticker-Zen-0117,ok,,Cover,1800,1800,2089.03,2739499
Sticker-Zen-0117,ok,,Production,1664,1664,2351.24,2574404
Sticker-Zen-0117,ok,,U1,1024,1024,2008.9,773365
Sticker-Zen-0117,ok,,U2,1024,1024,1935.0,966257
Sticker-Zen-0117,ok,,U3,1024,1024,1560.67,732279
Sticker-Zen-0117,ok,,U4,1024,1024,3083.42,1017305
Sticker-Zen-0118,low_resolution_gallery,U1_lowres_256x256;U2_lowres_256x256;U3_lowres_256x256;U4_lowres_256x256,Cover,1800,1800,554.31,1479125
Sticker-Zen-0118,low_resolution_gallery,U1_lowres_256x256;U2_lowres_256x256;U3_lowres_256x256;U4_lowres_256x256,Production,1664,1664,555.64,1851407
Sticker-Zen-0118,low_resolution_gallery,U1_lowres_256x256;U2_lowres_256x256;U3_lowres_256x256;U4_lowres_256x256,U1,256,256,462.08,60505
Sticker-Zen-0118,low_resolution_gallery,U1_lowres_256x256;U2_lowres_256x256;U3_lowres_256x256;U4_lowres_256x256,U2,256,256,491.9,64572
Sticker-Zen-0118,low_resolution_gallery,U1_lowres_256x256;U2_lowres_256x256;U3_lowres_256x256;U4_lowres_256x256,U3,256,256,467.91,75180
Sticker-Zen-0118,low_resolution_gallery,U1_lowres_256x256;U2_lowres_256x256;U3_lowres_256x256;U4_lowres_256x256,U4,256,256,382.58,75407
Sticker-Zen-0120,low_resolution_gallery,U1_lowres_256x256;U2_lowres_256x256;U3_lowres_256x256;U4_lowres_256x256,Cover,1800,1800,515.31,1050439
Sticker-Zen-0120,low_resolution_gallery,U1_lowres_256x256;U2_lowres_256x256;U3_lowres_256x256;U4_lowres_256x256,Production,1664,1664,544.53,1451091
Sticker-Zen-0120,low_resolution_gallery,U1_lowres_256x256;U2_lowres_256x256;U3_lowres_256x256;U4_lowres_256x256,U1,256,256,505.07,40657
Sticker-Zen-0120,low_resolution_gallery,U1_lowres_256x256;U2_lowres_256x256;U3_lowres_256x256;U4_lowres_256x256,U2,256,256,504.37,46467
Sticker-Zen-0120,low_resolution_gallery,U1_lowres_256x256;U2_lowres_256x256;U3_lowres_256x256;U4_lowres_256x256,U3,256,256,504.36,47674
Sticker-Zen-0120,low_resolution_gallery,U1_lowres_256x256;U2_lowres_256x256;U3_lowres_256x256;U4_lowres_256x256,U4,256,256,504.13,45282
Sticker-Zen-0121,low_resolution_gallery,U1_lowres_256x256;U2_lowres_256x256;U3_lowres_256x256;U4_lowres_256x256,Cover,1800,1800,536.67,954091
Sticker-Zen-0121,low_resolution_gallery,U1_lowres_256x256;U2_lowres_256x256;U3_lowres_256x256;U4_lowres_256x256,Production,1664,1664,571.33,1187032
Sticker-Zen-0121,low_resolution_gallery,U1_lowres_256x256;U2_lowres_256x256;U3_lowres_256x256;U4_lowres_256x256,U1,256,256,505.83,41009
Sticker-Zen-0121,low_resolution_gallery,U1_lowres_256x256;U2_lowres_256x256;U3_lowres_256x256;U4_lowres_256x256,U2,256,256,506.96,44314
Sticker-Zen-0121,low_resolution_gallery,U1_lowres_256x256;U2_lowres_256x256;U3_lowres_256x256;U4_lowres_256x256,U3,256,256,504.81,35048
Sticker-Zen-0121,low_resolution_gallery,U1_lowres_256x256;U2_lowres_256x256;U3_lowres_256x256;U4_lowres_256x256,U4,256,256,512.97,45383
Sticker-Zen-0122,low_resolution_gallery,U1_lowres_256x256;U2_lowres_256x256;U3_lowres_256x256;U4_lowres_256x256,Cover,1800,1800,1283.04,1473964
Sticker-Zen-0122,low_resolution_gallery,U1_lowres_256x256;U2_lowres_256x256;U3_lowres_256x256;U4_lowres_256x256,Production,1664,1664,1266.73,1534870
Sticker-Zen-0122,low_resolution_gallery,U1_lowres_256x256;U2_lowres_256x256;U3_lowres_256x256;U4_lowres_256x256,U1,256,256,832.72,62694
Sticker-Zen-0122,low_resolution_gallery,U1_lowres_256x256;U2_lowres_256x256;U3_lowres_256x256;U4_lowres_256x256,U2,256,256,748.09,55480
Sticker-Zen-0122,low_resolution_gallery,U1_lowres_256x256;U2_lowres_256x256;U3_lowres_256x256;U4_lowres_256x256,U3,256,256,612.71,56937
Sticker-Zen-0122,low_resolution_gallery,U1_lowres_256x256;U2_lowres_256x256;U3_lowres_256x256;U4_lowres_256x256,U4,256,256,641.99,50342
Sticker-Zen-0123,ok,,Cover,1800,1800,3407.35,2710652
Sticker-Zen-0123,ok,,Production,1664,1664,3478.05,2620619
Sticker-Zen-0123,ok,,U1,1024,1024,3882.63,980566
Sticker-Zen-0123,ok,,U2,1024,1024,4076.08,882162
Sticker-Zen-0123,ok,,U3,1024,1024,3184.87,844207
Sticker-Zen-0123,ok,,U4,1024,1024,3669.68,899152
Sticker-Zen-0124,low_resolution_gallery,U1_lowres_256x256;U2_lowres_256x256;U3_lowres_256x256;U4_lowres_256x256,Cover,1800,1800,541.05,1753953
Sticker-Zen-0124,low_resolution_gallery,U1_lowres_256x256;U2_lowres_256x256;U3_lowres_256x256;U4_lowres_256x256,Production,1664,1664,689.03,1716651
Sticker-Zen-0124,low_resolution_gallery,U1_lowres_256x256;U2_lowres_256x256;U3_lowres_256x256;U4_lowres_256x256,U1,256,256,487.06,82113
Sticker-Zen-0124,low_resolution_gallery,U1_lowres_256x256;U2_lowres_256x256;U3_lowres_256x256;U4_lowres_256x256,U2,256,256,499.38,82971
Sticker-Zen-0124,low_resolution_gallery,U1_lowres_256x256;U2_lowres_256x256;U3_lowres_256x256;U4_lowres_256x256,U3,256,256,487.85,82898
Sticker-Zen-0124,low_resolution_gallery,U1_lowres_256x256;U2_lowres_256x256;U3_lowres_256x256;U4_lowres_256x256,U4,256,256,491.33,73094
Sticker-Zen-0125,low_resolution_gallery,U1_lowres_256x256;U2_lowres_256x256;U3_lowres_256x256;U4_lowres_256x256,Cover,1800,1800,1598.92,1996288
Sticker-Zen-0125,low_resolution_gallery,U1_lowres_256x256;U2_lowres_256x256;U3_lowres_256x256;U4_lowres_256x256,Production,1664,1664,1577.91,1861613
Sticker-Zen-0125,low_resolution_gallery,U1_lowres_256x256;U2_lowres_256x256;U3_lowres_256x256;U4_lowres_256x256,U1,256,256,643.76,85977
Sticker-Zen-0125,low_resolution_gallery,U1_lowres_256x256;U2_lowres_256x256;U3_lowres_256x256;U4_lowres_256x256,U2,256,256,673.32,76671
Sticker-Zen-0125,low_resolution_gallery,U1_lowres_256x256;U2_lowres_256x256;U3_lowres_256x256;U4_lowres_256x256,U3,256,256,956.13,77502
Sticker-Zen-0125,low_resolution_gallery,U1_lowres_256x256;U2_lowres_256x256;U3_lowres_256x256;U4_lowres_256x256,U4,256,256,692.25,73123
Sticker-Zen-0126,ok,,Cover,1800,1800,4343.01,4380049
Sticker-Zen-0126,ok,,Production,1664,1664,4772.88,4308208
Sticker-Zen-0126,ok,,U1,1024,1024,3828.94,1487530
Sticker-Zen-0126,ok,,U2,1024,1024,5490.08,1537338
Sticker-Zen-0126,ok,,U3,1024,1024,4716.62,1338041
Sticker-Zen-0126,ok,,U4,1024,1024,2837.56,1425875
Sticker-Zen-0127,ok,,Cover,1800,1800,4702.5,4004613
Sticker-Zen-0127,ok,,Production,1664,1664,4684.87,3919062
Sticker-Zen-0127,ok,,U1,1024,1024,5638.26,1276588
Sticker-Zen-0127,ok,,U2,1024,1024,3948.11,1288165
Sticker-Zen-0127,ok,,U3,1024,1024,5495.88,1368500
Sticker-Zen-0127,ok,,U4,1024,1024,5240.6,1514736
Sticker-Zen-0128,ok,,Cover,1800,1800,4148.04,3769740
Sticker-Zen-0128,ok,,Production,1664,1664,4286.14,2782159
Sticker-Zen-0128,ok,,U1,1024,1024,3422.09,882587
Sticker-Zen-0128,ok,,U2,1024,1024,4477.39,1296748
Sticker-Zen-0128,ok,,U3,1024,1024,5336.9,1301783
Sticker-Zen-0128,ok,,U4,1024,1024,3716.76,1430924
Sticker-Zen-0129,ok,,Cover,1800,1800,2972.8,3571071
Sticker-Zen-0129,ok,,Production,1664,1664,3042.43,3293907
Sticker-Zen-0129,ok,,U1,1024,1024,4020.31,1215928
Sticker-Zen-0129,ok,,U2,1024,1024,3076.98,1097451
Sticker-Zen-0129,ok,,U3,1024,1024,3409.41,1262811
Sticker-Zen-0129,ok,,U4,1024,1024,3290.26,1044537
Sticker-Zen-0130,ok,,Cover,1800,1800,1499.7,3465564
Sticker-Zen-0130,ok,,Production,1664,1664,1465.26,2835260
Sticker-Zen-0130,ok,,U1,1024,1024,1586.84,1144777
Sticker-Zen-0130,ok,,U2,1024,1024,2210.29,1122400
Sticker-Zen-0130,ok,,U3,1024,1024,2204.64,1080126
Sticker-Zen-0130,ok,,U4,1024,1024,1897.09,1066552
Sticker-Zen-0131,ok,,Cover,1800,1800,3190.17,4108972
Sticker-Zen-0131,ok,,Production,1664,1664,3490.06,4014825
Sticker-Zen-0131,ok,,U1,1024,1024,4323.34,1416386
Sticker-Zen-0131,ok,,U2,1024,1024,4351.57,1343567
Sticker-Zen-0131,ok,,U3,1024,1024,3450.93,1312969
Sticker-Zen-0131,ok,,U4,1024,1024,3801.71,1322400
Sticker-Zen-0132,ok,,Cover,1800,1800,3579.55,2781293
Sticker-Zen-0132,ok,,Production,1664,1664,3355.1,1917035
Sticker-Zen-0132,ok,,U1,1024,1024,3594.23,932130
Sticker-Zen-0132,ok,,U2,1024,1024,3825.56,860732
Sticker-Zen-0132,ok,,U3,1024,1024,4348.39,912424
Sticker-Zen-0132,ok,,U4,1024,1024,4640.55,932652
Sticker-Zen-0133,ok,,Cover,1800,1800,2633.08,2642939
Sticker-Zen-0133,ok,,Production,1664,1664,2896.98,2530912
Sticker-Zen-0133,ok,,U1,1024,1024,1814.54,592677
Sticker-Zen-0133,ok,,U2,1024,1024,3689.02,912506
Sticker-Zen-0133,ok,,U3,1024,1024,3631.62,911306
Sticker-Zen-0133,ok,,U4,1024,1024,3376.37,1008771
Sticker-Zen-0134,ok,,Cover,1800,1800,3079.72,4327007
Sticker-Zen-0134,ok,,Production,1664,1664,3251.89,3632438
Sticker-Zen-0134,ok,,U1,1024,1024,3627.35,1440727
Sticker-Zen-0134,ok,,U2,1024,1024,3518.1,1315024
Sticker-Zen-0134,ok,,U3,1024,1024,3804.04,1421405
Sticker-Zen-0134,ok,,U4,1024,1024,3638.9,1567242
Sticker-Zen-0135,ok,,Cover,1800,1800,1594.29,2749659
Sticker-Zen-0135,ok,,Production,1664,1664,1836.25,2320574
Sticker-Zen-0135,ok,,U1,1024,1024,2150.22,1007215
Sticker-Zen-0135,ok,,U2,1024,1024,1733.82,1129969
Sticker-Zen-0135,ok,,U3,1024,1024,1953.67,845981
Sticker-Zen-0135,ok,,U4,1024,1024,1602.31,602593
Sticker-Zen-0136,ok,,Cover,1800,1800,2702.63,3193432
Sticker-Zen-0136,ok,,Production,1664,1664,2146.36,2564254
Sticker-Zen-0136,ok,,U1,1024,1024,2932.57,925489
Sticker-Zen-0136,ok,,U2,1024,1024,3139.13,1134144
Sticker-Zen-0136,ok,,U3,1024,1024,3973.5,1065757
Sticker-Zen-0136,ok,,U4,1024,1024,3188.22,968953
Sticker-Zen-0138,ok,,Cover,1800,1800,1200.43,1437028
Sticker-Zen-0138,ok,,Production,1664,1664,1326.63,1117450
Sticker-Zen-0138,ok,,U1,1024,1024,1047.2,456105
Sticker-Zen-0138,ok,,U2,1024,1024,1250.39,365766
Sticker-Zen-0138,ok,,U3,1024,1024,1172.66,610525
Sticker-Zen-0138,ok,,U4,1024,1024,1315.9,346647
Sticker-Zen-0139,ok,,Cover,1800,1800,3142.81,2644867
Sticker-Zen-0139,ok,,Production,1664,1664,2069.28,1971801
Sticker-Zen-0139,ok,,U1,1024,1024,2833.75,883534
Sticker-Zen-0139,ok,,U2,1024,1024,3036.06,845260
Sticker-Zen-0139,ok,,U3,1024,1024,3681.27,890158
Sticker-Zen-0139,ok,,U4,1024,1024,2695.0,831071
Sticker-Zen-0140,low_resolution_gallery,U1_lowres_256x256;U2_lowres_256x256;U3_lowres_256x256;U4_lowres_256x256,Cover,1800,1800,536.81,1357801
Sticker-Zen-0140,low_resolution_gallery,U1_lowres_256x256;U2_lowres_256x256;U3_lowres_256x256;U4_lowres_256x256,Production,1664,1664,539.9,1936658
Sticker-Zen-0140,low_resolution_gallery,U1_lowres_256x256;U2_lowres_256x256;U3_lowres_256x256;U4_lowres_256x256,U1,256,256,386.24,62852
Sticker-Zen-0140,low_resolution_gallery,U1_lowres_256x256;U2_lowres_256x256;U3_lowres_256x256;U4_lowres_256x256,U2,256,256,437.4,66258
Sticker-Zen-0140,low_resolution_gallery,U1_lowres_256x256;U2_lowres_256x256;U3_lowres_256x256;U4_lowres_256x256,U3,256,256,497.22,54932
Sticker-Zen-0140,low_resolution_gallery,U1_lowres_256x256;U2_lowres_256x256;U3_lowres_256x256;U4_lowres_256x256,U4,256,256,406.58,61323
Sticker-Zen-0144,low_resolution_gallery,U1_lowres_256x256;U2_lowres_256x256;U3_lowres_256x256;U4_lowres_256x256,Cover,1800,1800,509.21,641837
Sticker-Zen-0144,low_resolution_gallery,U1_lowres_256x256;U2_lowres_256x256;U3_lowres_256x256;U4_lowres_256x256,Production,1664,1664,537.02,923798
Sticker-Zen-0144,low_resolution_gallery,U1_lowres_256x256;U2_lowres_256x256;U3_lowres_256x256;U4_lowres_256x256,U1,256,256,503.51,25715
Sticker-Zen-0144,low_resolution_gallery,U1_lowres_256x256;U2_lowres_256x256;U3_lowres_256x256;U4_lowres_256x256,U2,256,256,503.44,29613
Sticker-Zen-0144,low_resolution_gallery,U1_lowres_256x256;U2_lowres_256x256;U3_lowres_256x256;U4_lowres_256x256,U3,256,256,503.36,27624
Sticker-Zen-0144,low_resolution_gallery,U1_lowres_256x256;U2_lowres_256x256;U3_lowres_256x256;U4_lowres_256x256,U4,256,256,503.78,33335
Sticker-Zen-0150,ok,,Cover,1800,1800,1681.38,1856728
Sticker-Zen-0150,ok,,Production,1664,1664,1503.44,1102208
Sticker-Zen-0150,ok,,U1,1024,1024,1819.78,519007
Sticker-Zen-0150,ok,,U2,1024,1024,1806.07,803433
Sticker-Zen-0150,ok,,U3,1024,1024,1842.14,504380
Sticker-Zen-0150,ok,,U4,1024,1024,1820.58,607059
Sticker-Zen-0151,ok,,Cover,1800,1800,2482.13,3116355
Sticker-Zen-0151,ok,,Production,1664,1664,2687.24,2772256
Sticker-Zen-0151,ok,,U1,1024,1024,2463.1,929450
Sticker-Zen-0151,ok,,U2,1024,1024,2408.72,1127403
Sticker-Zen-0151,ok,,U3,1024,1024,2519.02,1138480
Sticker-Zen-0151,ok,,U4,1024,1024,3109.61,1046025
Sticker-Zen-0152,low_resolution_gallery,U1_lowres_256x256;U2_lowres_256x256;U3_lowres_256x256;U4_lowres_256x256,Cover,1800,1800,3289.07,2571332
Sticker-Zen-0152,low_resolution_gallery,U1_lowres_256x256;U2_lowres_256x256;U3_lowres_256x256;U4_lowres_256x256,Production,1664,1664,3542.2,2523233
Sticker-Zen-0152,low_resolution_gallery,U1_lowres_256x256;U2_lowres_256x256;U3_lowres_256x256;U4_lowres_256x256,U1,256,256,1586.35,103418
Sticker-Zen-0152,low_resolution_gallery,U1_lowres_256x256;U2_lowres_256x256;U3_lowres_256x256;U4_lowres_256x256,U2,256,256,1872.57,87756
Sticker-Zen-0152,low_resolution_gallery,U1_lowres_256x256;U2_lowres_256x256;U3_lowres_256x256;U4_lowres_256x256,U3,256,256,1786.05,89015
Sticker-Zen-0152,low_resolution_gallery,U1_lowres_256x256;U2_lowres_256x256;U3_lowres_256x256;U4_lowres_256x256,U4,256,256,1424.88,80152
Sticker-Zen-0153,ok,,Cover,1800,1800,1380.56,1846737
Sticker-Zen-0153,ok,,Production,1664,1664,1434.27,1498277
Sticker-Zen-0153,ok,,U1,1024,1024,1509.38,418886
Sticker-Zen-0153,ok,,U2,1024,1024,1325.91,352189
Sticker-Zen-0153,ok,,U3,1024,1024,1802.5,663160
Sticker-Zen-0153,ok,,U4,1024,1024,1063.87,934739
Sticker-Zen-0154,ok,,Cover,1800,1800,2029.86,2617673
Sticker-Zen-0154,ok,,Production,1664,1664,2298.02,2227999
Sticker-Zen-0154,ok,,U1,1024,1024,1806.07,747191
Sticker-Zen-0154,ok,,U2,1024,1024,1902.15,882695
Sticker-Zen-0154,ok,,U3,1024,1024,1705.42,898598
Sticker-Zen-0154,ok,,U4,1024,1024,2672.51,982357
Sticker-Zen-0155,ok,,Cover,1800,1800,1408.63,2194202
Sticker-Zen-0155,ok,,Production,1664,1664,1559.88,1292896
Sticker-Zen-0155,ok,,U1,1024,1024,1398.52,773048
Sticker-Zen-0155,ok,,U2,1024,1024,1486.29,594375
Sticker-Zen-0155,ok,,U3,1024,1024,1267.67,631054
Sticker-Zen-0155,ok,,U4,1024,1024,1513.22,823787
Sticker-Zen-0156,ok,,Cover,1800,1800,2983.22,3225710
Sticker-Zen-0156,ok,,Production,1664,1664,3225.95,3044086
Sticker-Zen-0156,ok,,U1,1024,1024,3126.86,1046482
Sticker-Zen-0156,ok,,U2,1024,1024,3160.98,1089770
Sticker-Zen-0156,ok,,U3,1024,1024,2773.32,1164856
Sticker-Zen-0156,ok,,U4,1024,1024,2775.58,1134202
Sticker-Zen-0157,ok,,Cover,1800,1800,2502.62,2619559
Sticker-Zen-0157,ok,,Production,1664,1664,2565.43,2021094
Sticker-Zen-0157,ok,,U1,1024,1024,2981.47,770493
Sticker-Zen-0157,ok,,U2,1024,1024,2379.61,850747
Sticker-Zen-0157,ok,,U3,1024,1024,2773.25,1011467
Sticker-Zen-0157,ok,,U4,1024,1024,2024.43,821336
Sticker-Zen-0158,ok,,Cover,1800,1800,4091.07,4717995
Sticker-Zen-0158,ok,,Production,1664,1664,4562.98,4335689
Sticker-Zen-0158,ok,,U1,1024,1024,5962.18,1868133
Sticker-Zen-0158,ok,,U2,1024,1024,3452.57,1502121
Sticker-Zen-0158,ok,,U3,1024,1024,3640.14,1553700
Sticker-Zen-0158,ok,,U4,1024,1024,4193.89,1618792
Sticker-Zen-0159,ok,,Cover,1800,1800,2610.02,2118217
Sticker-Zen-0159,ok,,Production,1664,1664,2457.05,1653619
Sticker-Zen-0159,ok,,U1,1024,1024,2797.17,602146
Sticker-Zen-0159,ok,,U2,1024,1024,2661.72,746658
Sticker-Zen-0159,ok,,U3,1024,1024,2686.24,666360
Sticker-Zen-0159,ok,,U4,1024,1024,2431.48,726881
Sticker-Zen-0160,ok,,Cover,1800,1800,2047.4,3549985
Sticker-Zen-0160,ok,,Production,1664,1664,2236.87,2929810
Sticker-Zen-0160,ok,,U1,1024,1024,2565.63,1321561
Sticker-Zen-0160,ok,,U2,1024,1024,1979.83,1162990
Sticker-Zen-0160,ok,,U3,1024,1024,2239.95,1288775
Sticker-Zen-0160,ok,,U4,1024,1024,1758.69,1248416
