ID,Asset,File,Width,Height,Sharpness,Status
Sticker-Academia-0001,Cover,Cover_Mockup.png,1800,1800,192.55,ok
Sticker-Academia-0001,Production,Production_Design.png,1664,1664,161.62,ok
Sticker-Academia-0001,U1,Sticker-Academia-0001_U1_Grid.png,256,256,1168.16,low_resolution
Sticker-Academia-0001,U2,Sticker-Academia-0001_U2_Grid.png,256,256,654.38,low_resolution
Sticker-Academia-0001,U3,Sticker-Academia-0001_U3_Grid.png,256,256,1208.9,low_resolution
Sticker-Academia-0001,U4,Sticker-Academia-0001_U4_Grid.png,256,256,1505.31,low_resolution
Sticker-Academia-0002,Cover,Cover_Mockup.png,1800,1800,473.7,ok
Sticker-Academia-0002,Production,Production_Design.png,1664,1664,497.75,ok
Sticker-Academia-0002,U1,Sticker-Academia-0002_U1_Grid.png,256,256,5827.7,low_resolution
Sticker-Academia-0002,U2,Sticker-Academia-0002_U2_Grid.png,256,256,6031.27,low_resolution
Sticker-Academia-0002,U3,Sticker-Academia-0002_U3_Grid.png,256,256,4863.66,low_resolution
Sticker-Academia-0002,U4,Sticker-Academia-0002_U4_Grid.png,256,256,5611.2,low_resolution
Sticker-Academia-0003,Cover,Cover_Mockup.png,1800,1800,145.81,ok
Sticker-Academia-0003,Production,Production_Design.png,1664,1664,159.26,ok
Sticker-Academia-0003,U1,Sticker-Academia-0003_U1_Grid.png,256,256,1042.64,low_resolution
Sticker-Academia-0003,U2,Sticker-Academia-0003_U2_Grid.png,256,256,1006.14,low_resolution
Sticker-Academia-0003,U3,Sticker-Academia-0003_U3_Grid.png,256,256,1034.2,low_resolution
Sticker-Academia-0003,U4,Sticker-Academia-0003_U4_Grid.png,256,256,1029.93,low_resolution
Sticker-Academia-0004,Cover,Cover_Mockup.png,1800,1800,2195.17,ok
Sticker-Academia-0004,Production,Production_Design.png,1664,1664,2313.74,ok
Sticker-Academia-0004,U1,Sticker-Academia-0004_U1_Grid.png,1024,1024,2240.46,ok
Sticker-Academia-0004,U2,Sticker-Academia-0004_U2_Grid.png,1024,1024,1985.21,ok
Sticker-Academia-0004,U3,Sticker-Academia-0004_U3_Grid.png,1024,1024,2730.71,ok
Sticker-Academia-0004,U4,Sticker-Academia-0004_U4_Grid.png,1024,1024,2542.68,ok
Sticker-Academia-0005,Cover,Cover_Mockup.png,1800,1800,2653.17,ok
Sticker-Academia-0005,Production,Production_Design.png,1664,1664,2910.54,ok
Sticker-Academia-0005,U1,Sticker-Academia-0005_U1_Grid.png,1024,1024,3692.56,ok
Sticker-Academia-0005,U2,Sticker-Academia-0005_U2_Grid.png,1024,1024,2346.49,ok
Sticker-Academia-0005,U3,Sticker-Academia-0005_U3_Grid.png,1024,1024,3315.91,ok
Sticker-Academia-0005,U4,Sticker-Academia-0005_U4_Grid.png,1024,1024,2443.23,ok
Sticker-Academia-0006,Cover,Cover_Mockup.png,1800,1800,2253.3,ok
Sticker-Academia-0006,Production,Production_Design.png,1664,1664,2546.63,ok
Sticker-Academia-0006,U1,Sticker-Academia-0006_U1_Grid.png,1024,1024,2261.7,ok
Sticker-Academia-0006,U2,Sticker-Academia-0006_U2_Grid.png,1024,1024,2633.37,ok
Sticker-Academia-0006,U3,Sticker-Academia-0006_U3_Grid.png,1024,1024,2425.09,ok
Sticker-Academia-0006,U4,Sticker-Academia-0006_U4_Grid.png,1024,1024,2741.17,ok
Sticker-Academia-0007,Cover,Cover_Mockup.png,1800,1800,3357.92,ok
Sticker-Academia-0007,Production,Production_Design.png,1664,1664,3779.95,ok
Sticker-Academia-0007,U1,Sticker-Academia-0007_U1_Grid.png,1024,1024,3640.5,ok
Sticker-Academia-0007,U2,Sticker-Academia-0007_U2_Grid.png,1024,1024,3470.39,ok
Sticker-Academia-0007,U3,Sticker-Academia-0007_U3_Grid.png,1024,1024,3850.52,ok
Sticker-Academia-0007,U4,Sticker-Academia-0007_U4_Grid.png,1024,1024,3708.06,ok
Sticker-Academia-0008,Cover,Cover_Mockup.png,1800,1800,1841.18,ok
Sticker-Academia-0008,Production,Production_Design.png,1664,1664,1704.69,ok
Sticker-Academia-0008,U1,Sticker-Academia-0008_U1_Grid.png,1024,1024,2028.83,ok
Sticker-Academia-0008,U2,Sticker-Academia-0008_U2_Grid.png,1024,1024,1770.83,ok
Sticker-Academia-0008,U3,Sticker-Academia-0008_U3_Grid.png,1024,1024,2029.34,ok
Sticker-Academia-0008,U4,Sticker-Academia-0008_U4_Grid.png,1024,1024,2597.47,ok
Sticker-Academia-0009,Cover,Cover_Mockup.png,1800,1800,3137.37,ok
Sticker-Academia-0009,Production,Production_Design.png,1664,1664,3563.16,ok
Sticker-Academia-0009,U1,Sticker-Academia-0009_U1_Grid.png,1024,1024,4062.41,ok
Sticker-Academia-0009,U2,Sticker-Academia-0009_U2_Grid.png,1024,1024,3243.64,ok
Sticker-Academia-0009,U3,Sticker-Academia-0009_U3_Grid.png,1024,1024,3141.6,ok
Sticker-Academia-0009,U4,Sticker-Academia-0009_U4_Grid.png,1024,1024,3192.48,ok
Sticker-Academia-0010,Cover,Cover_Mockup.png,1800,1800,3481.23,ok
Sticker-Academia-0010,Production,Production_Design.png,1664,1664,3932.64,ok
Sticker-Academia-0010,U1,Sticker-Academia-0010_U1_Grid.png,1024,1024,3804.4,ok
Sticker-Academia-0010,U2,Sticker-Academia-0010_U2_Grid.png,1024,1024,4131.13,ok
Sticker-Academia-0010,U3,Sticker-Academia-0010_U3_Grid.png,1024,1024,3616.36,ok
Sticker-Academia-0010,U4,Sticker-Academia-0010_U4_Grid.png,1024,1024,3699.45,ok
Sticker-Academia-0011,Cover,Cover_Mockup.png,1800,1800,2164.36,ok
Sticker-Academia-0011,Production,Production_Design.png,1664,1664,2437.43,ok
Sticker-Academia-0011,U1,Sticker-Academia-0011_U1_Grid.png,1024,1024,2842.54,ok
Sticker-Academia-0011,U2,Sticker-Academia-0011_U2_Grid.png,1024,1024,1884.93,ok
Sticker-Academia-0011,U3,Sticker-Academia-0011_U3_Grid.png,1024,1024,2958.18,ok
Sticker-Academia-0011,U4,Sticker-Academia-0011_U4_Grid.png,1024,1024,1850.19,ok
Sticker-Academia-0013,Cover,Cover_Mockup.png,1800,1800,146.18,ok
Sticker-Academia-0013,Production,Production_Design.png,1664,1664,163.32,ok
Sticker-Academia-0013,U1,Sticker-Academia-0013_U1_Grid.png,256,256,1023.48,low_resolution
Sticker-Academia-0013,U2,Sticker-Academia-0013_U2_Grid.png,256,256,1039.98,low_resolution
Sticker-Academia-0013,U3,Sticker-Academia-0013_U3_Grid.png,256,256,1020.39,low_resolution
Sticker-Academia-0013,U4,Sticker-Academia-0013_U4_Grid.png,256,256,1046.96,low_resolution
Sticker-Academia-0014,Cover,Cover_Mockup.png,1800,1800,1938.95,ok
Sticker-Academia-0014,Production,Production_Design.png,1664,1664,2131.75,ok
Sticker-Academia-0014,U1,Sticker-Academia-0014_U1_Grid.png,1024,1024,2119.64,ok
Sticker-Academia-0014,U2,Sticker-Academia-0014_U2_Grid.png,1024,1024,2164.28,ok
Sticker-Academia-0014,U3,Sticker-Academia-0014_U3_Grid.png,1024,1024,1977.3,ok
Sticker-Academia-0014,U4,Sticker-Academia-0014_U4_Grid.png,1024,1024,2517.93,ok
Sticker-Academia-0015,Cover,Cover_Mockup.png,1800,1800,2043.0,ok
Sticker-Academia-0015,Production,Production_Design.png,1664,1664,2269.03,ok
Sticker-Academia-0015,U1,Sticker-Academia-0015_U1_Grid.png,1024,1024,2338.25,ok
Sticker-Academia-0015,U2,Sticker-Academia-0015_U2_Grid.png,1024,1024,2420.31,ok
Sticker-Academia-0015,U3,Sticker-Academia-0015_U3_Grid.png,1024,1024,1884.18,ok
Sticker-Academia-0015,U4,Sticker-Academia-0015_U4_Grid.png,1024,1024,2458.83,ok
Sticker-Academia-0016,Cover,Cover_Mockup.png,1800,1800,1520.92,ok
Sticker-Academia-0016,Production,Production_Design.png,1664,1664,1678.85,ok
Sticker-Academia-0016,U1,Sticker-Academia-0016_U1_Grid.png,1024,1024,1765.13,ok
Sticker-Academia-0016,U2,Sticker-Academia-0016_U2_Grid.png,1024,1024,1472.65,ok
Sticker-Academia-0016,U3,Sticker-Academia-0016_U3_Grid.png,1024,1024,1520.07,ok
Sticker-Academia-0016,U4,Sticker-Academia-0016_U4_Grid.png,1024,1024,2158.45,ok
Sticker-Zen-0001,Cover,Cover_Mockup.png,1800,1800,2296.87,ok
Sticker-Zen-0001,Production,Production_Design.png,1664,1664,2544.8,ok
Sticker-Zen-0001,U1,Sticker-Zen-0001_U1_Grid.png,1024,1024,2664.98,ok
Sticker-Zen-0001,U2,Sticker-Zen-0001_U2_Grid.png,1024,1024,3457.73,ok
Sticker-Zen-0001,U3,Sticker-Zen-0001_U3_Grid.png,1024,1024,2615.73,ok
Sticker-Zen-0001,U4,Sticker-Zen-0001_U4_Grid.png,1024,1024,2865.03,ok
Sticker-Zen-0002,Cover,Cover_Mockup.png,1800,1800,2170.65,ok
Sticker-Zen-0002,Production,Production_Design.png,1664,1664,2013.58,ok
Sticker-Zen-0002,U1,Sticker-Zen-0002_U1_Grid.png,1024,1024,2369.73,ok
Sticker-Zen-0002,U2,Sticker-Zen-0002_U2_Grid.png,1024,1024,2914.86,ok
Sticker-Zen-0002,U3,Sticker-Zen-0002_U3_Grid.png,1024,1024,1854.87,ok
Sticker-Zen-0002,U4,Sticker-Zen-0002_U4_Grid.png,1024,1024,2213.31,ok
Sticker-Zen-0003,Cover,Cover_Mockup.png,1800,1800,3231.82,ok
Sticker-Zen-0003,Production,Production_Design.png,1664,1664,3619.24,ok
Sticker-Zen-0003,U1,Sticker-Zen-0003_U1_Grid.png,1024,1024,2291.03,ok
Sticker-Zen-0003,U2,Sticker-Zen-0003_U2_Grid.png,1024,1024,2742.91,ok
Sticker-Zen-0003,U3,Sticker-Zen-0003_U3_Grid.png,1024,1024,3811.9,ok
Sticker-Zen-0003,U4,Sticker-Zen-0003_U4_Grid.png,1024,1024,2012.72,ok
Sticker-Zen-0004,Cover,Cover_Mockup.png,1800,1800,2786.09,ok
Sticker-Zen-0004,Production,Production_Design.png,1664,1664,3061.31,ok
Sticker-Zen-0004,U1,Sticker-Zen-0004_U1_Grid.png,1024,1024,2491.67,ok
Sticker-Zen-0004,U2,Sticker-Zen-0004_U2_Grid.png,1024,1024,1619.91,ok
Sticker-Zen-0004,U3,Sticker-Zen-0004_U3_Grid.png,1024,1024,2934.31,ok
Sticker-Zen-0004,U4,Sticker-Zen-0004_U4_Grid.png,1024,1024,4644.23,ok
Sticker-Zen-0005,Cover,Cover_Mockup.png,1800,1800,1898.97,ok
Sticker-Zen-0005,Production,Production_Design.png,1664,1664,2023.56,ok
Sticker-Zen-0005,U1,Sticker-Zen-0005_U1_Grid.png,1024,1024,1301.75,ok
Sticker-Zen-0005,U2,Sticker-Zen-0005_U2_Grid.png,1024,1024,2385.89,ok
Sticker-Zen-0005,U3,Sticker-Zen-0005_U3_Grid.png,1024,1024,2823.99,ok
Sticker-Zen-0005,U4,Sticker-Zen-0005_U4_Grid.png,1024,1024,1027.28,ok
Sticker-Zen-0006,Cover,Cover_Mockup.png,1800,1800,198.15,ok
Sticker-Zen-0006,Production,Production_Design.png,1664,1664,158.09,ok
Sticker-Zen-0006,U1,Sticker-Zen-0006_U1_Grid.png,256,256,503.71,low_resolution
Sticker-Zen-0006,U2,Sticker-Zen-0006_U2_Grid.png,256,256,1008.66,low_resolution
Sticker-Zen-0006,U3,Sticker-Zen-0006_U3_Grid.png,256,256,531.89,low_resolution
Sticker-Zen-0006,U4,Sticker-Zen-0006_U4_Grid.png,256,256,1029.45,low_resolution
Sticker-Zen-0007,Cover,Cover_Mockup.png,1800,1800,1712.95,ok
Sticker-Zen-0007,Production,Production_Design.png,1664,1664,1879.32,ok
Sticker-Zen-0007,U1,Sticker-Zen-0007_U1_Grid.png,1024,1024,1808.78,ok
Sticker-Zen-0007,U2,Sticker-Zen-0007_U2_Grid.png,1024,1024,1489.3,ok
Sticker-Zen-0007,U3,Sticker-Zen-0007_U3_Grid.png,1024,1024,1604.02,ok
Sticker-Zen-0007,U4,Sticker-Zen-0007_U4_Grid.png,1024,1024,2687.28,ok
Sticker-Zen-0008,Cover,Cover_Mockup.png,1800,1800,3283.44,ok
Sticker-Zen-0008,Production,Production_Design.png,1664,1664,3301.75,ok
Sticker-Zen-0008,U1,Sticker-Zen-0008_U1_Grid.png,1024,1024,3913.1,ok
Sticker-Zen-0008,U2,Sticker-Zen-0008_U2_Grid.png,1024,1024,2443.97,ok
Sticker-Zen-0008,U3,Sticker-Zen-0008_U3_Grid.png,1024,1024,2889.27,ok
Sticker-Zen-0008,U4,Sticker-Zen-0008_U4_Grid.png,1024,1024,4097.49,ok
Sticker-Zen-0009,Cover,Cover_Mockup.png,1800,1800,2183.89,ok
Sticker-Zen-0009,Production,Production_Design.png,1664,1664,2390.1,ok
Sticker-Zen-0009,U1,Sticker-Zen-0009_U1_Grid.png,1024,1024,3446.66,ok
Sticker-Zen-0009,U2,Sticker-Zen-0009_U2_Grid.png,1024,1024,2733.88,ok
Sticker-Zen-0009,U3,Sticker-Zen-0009_U3_Grid.png,1024,1024,2136.65,ok
Sticker-Zen-0009,U4,Sticker-Zen-0009_U4_Grid.png,1024,1024,1971.31,ok
Sticker-Zen-0010,Cover,Cover_Mockup.png,1800,1800,3265.11,ok
Sticker-Zen-0010,Production,Production_Design.png,1664,1664,3673.65,ok
Sticker-Zen-0010,U1,Sticker-Zen-0010_U1_Grid.png,1024,1024,3543.4,ok
Sticker-Zen-0010,U2,Sticker-Zen-0010_U2_Grid.png,1024,1024,4181.56,ok
Sticker-Zen-0010,U3,Sticker-Zen-0010_U3_Grid.png,1024,1024,5001.8,ok
Sticker-Zen-0010,U4,Sticker-Zen-0010_U4_Grid.png,1024,1024,2350.5,ok
Sticker-Zen-0021,Cover,Cover_Mockup.png,1800,1800,198.15,ok
Sticker-Zen-0021,Production,Production_Design.png,1664,1664,158.09,ok
Sticker-Zen-0021,U1,Sticker-Zen-0021_U1_Grid.png,256,256,503.71,low_resolution
Sticker-Zen-0021,U2,Sticker-Zen-0021_U2_Grid.png,256,256,1008.66,low_resolution
Sticker-Zen-0021,U3,Sticker-Zen-0021_U3_Grid.png,256,256,531.89,low_resolution
Sticker-Zen-0021,U4,Sticker-Zen-0021_U4_Grid.png,256,256,1029.45,low_resolution
Sticker-Zen-0022,Cover,Cover_Mockup.png,1800,1800,2695.79,ok
Sticker-Zen-0022,Production,Production_Design.png,1664,1664,2534.93,ok
Sticker-Zen-0022,U1,Sticker-Zen-0022_U1_Grid.png,1024,1024,3103.78,ok
Sticker-Zen-0022,U2,Sticker-Zen-0022_U2_Grid.png,1024,1024,5419.43,ok
Sticker-Zen-0022,U3,Sticker-Zen-0022_U3_Grid.png,1024,1024,1756.52,ok
Sticker-Zen-0022,U4,Sticker-Zen-0022_U4_Grid.png,1024,1024,1361.97,ok
Sticker-Zen-0023,Cover,Cover_Mockup.png,1800,1800,259.76,ok
Sticker-Zen-0023,Production,Production_Design.png,1664,1664,176.43,ok
Sticker-Zen-0023,U1,Sticker-Zen-0023_U1_Grid.png,256,256,546.01,low_resolution
Sticker-Zen-0023,U2,Sticker-Zen-0023_U2_Grid.png,256,256,1002.08,low_resolution
Sticker-Zen-0023,U3,Sticker-Zen-0023_U3_Grid.png,256,256,125.43,low_resolution
Sticker-Zen-0023,U4,Sticker-Zen-0023_U4_Grid.png,256,256,53.49,soft_or_blurry
Sticker-Zen-0024,Cover,Cover_Mockup.png,1800,1800,2012.11,ok
Sticker-Zen-0024,Production,Production_Design.png,1664,1664,2012.54,ok
Sticker-Zen-0024,U1,Sticker-Zen-0024_U1_Grid.png,1024,1024,1958.54,ok
Sticker-Zen-0024,U2,Sticker-Zen-0024_U2_Grid.png,1024,1024,2016.4,ok
Sticker-Zen-0024,U3,Sticker-Zen-0024_U3_Grid.png,1024,1024,2171.16,ok
Sticker-Zen-0024,U4,Sticker-Zen-0024_U4_Grid.png,1024,1024,2150.3,ok
Sticker-Zen-0025,Cover,Cover_Mockup.png,1800,1800,1632.27,ok
Sticker-Zen-0025,Production,Production_Design.png,1664,1664,1732.48,ok
Sticker-Zen-0025,U1,Sticker-Zen-0025_U1_Grid.png,1024,1024,1594.19,ok
Sticker-Zen-0025,U2,Sticker-Zen-0025_U2_Grid.png,1024,1024,1159.48,ok
Sticker-Zen-0025,U3,Sticker-Zen-0025_U3_Grid.png,1024,1024,1764.48,ok
Sticker-Zen-0025,U4,Sticker-Zen-0025_U4_Grid.png,1024,1024,1744.71,ok
Sticker-Zen-0026,Cover,Cover_Mockup.png,1800,1800,1604.3,ok
Sticker-Zen-0026,Production,Production_Design.png,1664,1664,1748.2,ok
Sticker-Zen-0026,U1,Sticker-Zen-0026_U1_Grid.png,1024,1024,1297.98,ok
Sticker-Zen-0026,U2,Sticker-Zen-0026_U2_Grid.png,1024,1024,2197.19,ok
Sticker-Zen-0026,U3,Sticker-Zen-0026_U3_Grid.png,1024,1024,2118.43,ok
Sticker-Zen-0026,U4,Sticker-Zen-0026_U4_Grid.png,1024,1024,1589.22,ok
Sticker-Zen-0027,Cover,Cover_Mockup.png,1800,1800,2621.74,ok
Sticker-Zen-0027,Production,Production_Design.png,1664,1664,2916.16,ok
Sticker-Zen-0027,U1,Sticker-Zen-0027_U1_Grid.png,1024,1024,3398.55,ok
Sticker-Zen-0027,U2,Sticker-Zen-0027_U2_Grid.png,1024,1024,2324.93,ok
Sticker-Zen-0027,U3,Sticker-Zen-0027_U3_Grid.png,1024,1024,2501.81,ok
Sticker-Zen-0027,U4,Sticker-Zen-0027_U4_Grid.png,1024,1024,2628.34,ok
Sticker-Zen-0028,Cover,Cover_Mockup.png,1800,1800,259.76,ok
Sticker-Zen-0028,Production,Production_Design.png,1664,1664,176.43,ok
Sticker-Zen-0028,U1,Sticker-Zen-0028_U1_Grid.png,256,256,546.01,low_resolution
Sticker-Zen-0028,U2,Sticker-Zen-0028_U2_Grid.png,256,256,1002.08,low_resolution
Sticker-Zen-0028,U3,Sticker-Zen-0028_U3_Grid.png,256,256,125.43,low_resolution
Sticker-Zen-0028,U4,Sticker-Zen-0028_U4_Grid.png,256,256,53.49,soft_or_blurry
Sticker-Zen-0029,Cover,Cover_Mockup.png,1800,1800,1537.08,ok
Sticker-Zen-0029,Production,Production_Design.png,1664,1664,1573.21,ok
Sticker-Zen-0029,U1,Sticker-Zen-0029_U1_Grid.png,1024,1024,1820.34,ok
Sticker-Zen-0029,U2,Sticker-Zen-0029_U2_Grid.png,1024,1024,1718.21,ok
Sticker-Zen-0029,U3,Sticker-Zen-0029_U3_Grid.png,1024,1024,1305.55,ok
Sticker-Zen-0029,U4,Sticker-Zen-0029_U4_Grid.png,1024,1024,1722.01,ok
Sticker-Zen-0030,Cover,Cover_Mockup.png,1800,1800,197.89,ok
Sticker-Zen-0030,Production,Production_Design.png,1664,1664,184.99,ok
Sticker-Zen-0030,U1,Sticker-Zen-0030_U1_Grid.png,256,256,1787.54,low_resolution
Sticker-Zen-0030,U2,Sticker-Zen-0030_U2_Grid.png,256,256,1326.33,low_resolution
Sticker-Zen-0030,U3,Sticker-Zen-0030_U3_Grid.png,256,256,1652.45,low_resolution
Sticker-Zen-0030,U4,Sticker-Zen-0030_U4_Grid.png,256,256,1677.55,low_resolution
Sticker-Zen-0031,Cover,Cover_Mockup.png,1800,1800,1697.51,ok
Sticker-Zen-0031,Production,Production_Design.png,1664,1664,1886.77,ok
Sticker-Zen-0031,U1,Sticker-Zen-0031_U1_Grid.png,1024,1024,2447.51,ok
Sticker-Zen-0031,U2,Sticker-Zen-0031_U2_Grid.png,1024,1024,1295.86,ok
Sticker-Zen-0031,U3,Sticker-Zen-0031_U3_Grid.png,1024,1024,1920.99,ok
Sticker-Zen-0031,U4,Sticker-Zen-0031_U4_Grid.png,1024,1024,2268.58,ok
Sticker-Zen-0032,Cover,Cover_Mockup.png,1800,1800,2717.23,ok
Sticker-Zen-0032,Production,Production_Design.png,1664,1664,2988.12,ok
Sticker-Zen-0032,U1,Sticker-Zen-0032_U1_Grid.png,1024,1024,3983.07,ok
Sticker-Zen-0032,U2,Sticker-Zen-0032_U2_Grid.png,1024,1024,1615.85,ok
Sticker-Zen-0032,U3,Sticker-Zen-0032_U3_Grid.png,1024,1024,3491.13,ok
Sticker-Zen-0032,U4,Sticker-Zen-0032_U4_Grid.png,1024,1024,2934.83,ok
Sticker-Zen-0033,Cover,Cover_Mockup.png,1800,1800,235.42,ok
Sticker-Zen-0033,Production,Production_Design.png,1664,1664,166.86,ok
Sticker-Zen-0033,U1,Sticker-Zen-0033_U1_Grid.png,256,256,225.67,low_resolution
Sticker-Zen-0033,U2,Sticker-Zen-0033_U2_Grid.png,256,256,250.33,low_resolution
Sticker-Zen-0033,U3,Sticker-Zen-0033_U3_Grid.png,256,256,737.78,low_resolution
Sticker-Zen-0033,U4,Sticker-Zen-0033_U4_Grid.png,256,256,808.81,low_resolution
Sticker-Zen-0034,Cover,Cover_Mockup.png,1800,1800,1834.35,ok
Sticker-Zen-0034,Production,Production_Design.png,1664,1664,1882.47,ok
Sticker-Zen-0034,U1,Sticker-Zen-0034_U1_Grid.png,1024,1024,1836.13,ok
Sticker-Zen-0034,U2,Sticker-Zen-0034_U2_Grid.png,1024,1024,1789.53,ok
Sticker-Zen-0034,U3,Sticker-Zen-0034_U3_Grid.png,1024,1024,1928.86,ok
Sticker-Zen-0034,U4,Sticker-Zen-0034_U4_Grid.png,1024,1024,1484.59,ok
Sticker-Zen-0035,Cover,Cover_Mockup.png,1800,1800,2262.08,ok
Sticker-Zen-0035,Production,Production_Design.png,1664,1664,2364.24,ok
Sticker-Zen-0035,U1,Sticker-Zen-0035_U1_Grid.png,1024,1024,3323.56,ok
Sticker-Zen-0035,U2,Sticker-Zen-0035_U2_Grid.png,1024,1024,2577.54,ok
Sticker-Zen-0035,U3,Sticker-Zen-0035_U3_Grid.png,1024,1024,1893.02,ok
Sticker-Zen-0035,U4,Sticker-Zen-0035_U4_Grid.png,1024,1024,2321.39,ok
Sticker-Zen-0036,Cover,Cover_Mockup.png,1800,1800,198.5,ok
Sticker-Zen-0036,Production,Production_Design.png,1664,1664,171.63,ok
Sticker-Zen-0036,U1,Sticker-Zen-0036_U1_Grid.png,1024,1024,1303.69,ok
Sticker-Zen-0036,U2,Sticker-Zen-0036_U2_Grid.png,1024,1024,1750.57,ok
Sticker-Zen-0036,U3,Sticker-Zen-0036_U3_Grid.png,1024,1024,1852.97,ok
Sticker-Zen-0036,U4,Sticker-Zen-0036_U4_Grid.png,1024,1024,1610.87,ok
Sticker-Zen-0037,Cover,Cover_Mockup.png,1800,1800,1544.67,ok
Sticker-Zen-0037,Production,Production_Design.png,1664,1664,1768.0,ok
Sticker-Zen-0037,U1,Sticker-Zen-0037_U1_Grid.png,1024,1024,878.39,ok
Sticker-Zen-0037,U2,Sticker-Zen-0037_U2_Grid.png,1024,1024,3038.54,ok
Sticker-Zen-0037,U3,Sticker-Zen-0037_U3_Grid.png,1024,1024,1107.94,ok
Sticker-Zen-0037,U4,Sticker-Zen-0037_U4_Grid.png,1024,1024,955.06,ok
Sticker-Zen-0038,Cover,Cover_Mockup.png,1800,1800,1554.47,ok
Sticker-Zen-0038,Production,Production_Design.png,1664,1664,1672.35,ok
Sticker-Zen-0038,U1,Sticker-Zen-0038_U1_Grid.png,1024,1024,3398.4,ok
Sticker-Zen-0038,U2,Sticker-Zen-0038_U2_Grid.png,1024,1024,1139.65,ok
Sticker-Zen-0038,U3,Sticker-Zen-0038_U3_Grid.png,1024,1024,2632.49,ok
Sticker-Zen-0038,U4,Sticker-Zen-0038_U4_Grid.png,1024,1024,2286.15,ok
Sticker-Zen-0039,Cover,Cover_Mockup.png,1800,1800,235.42,ok
Sticker-Zen-0039,Production,Production_Design.png,1664,1664,166.86,ok
Sticker-Zen-0039,U1,Sticker-Zen-0039_U1_Grid.png,256,256,225.67,low_resolution
Sticker-Zen-0039,U2,Sticker-Zen-0039_U2_Grid.png,256,256,250.33,low_resolution
Sticker-Zen-0039,U3,Sticker-Zen-0039_U3_Grid.png,256,256,737.78,low_resolution
Sticker-Zen-0039,U4,Sticker-Zen-0039_U4_Grid.png,256,256,808.81,low_resolution
Sticker-Zen-0040,Cover,Cover_Mockup.png,1800,1800,2148.46,ok
Sticker-Zen-0040,Production,Production_Design.png,1664,1664,1417.35,ok
Sticker-Zen-0040,U1,Sticker-Zen-0040_U1_Grid.png,1024,1024,1819.47,ok
Sticker-Zen-0040,U2,Sticker-Zen-0040_U2_Grid.png,1024,1024,2480.74,ok
Sticker-Zen-0040,U3,Sticker-Zen-0040_U3_Grid.png,1024,1024,757.64,ok
Sticker-Zen-0040,U4,Sticker-Zen-0040_U4_Grid.png,1024,1024,3626.75,ok
Sticker-Zen-0041,Cover,Cover_Mockup.png,1800,1800,1554.47,ok
Sticker-Zen-0041,Production,Production_Design.png,1664,1664,1672.35,ok
Sticker-Zen-0041,U1,Sticker-Zen-0041_U1_Grid.png,1024,1024,1975.67,ok
Sticker-Zen-0041,U2,Sticker-Zen-0041_U2_Grid.png,1024,1024,2265.98,ok
Sticker-Zen-0041,U3,Sticker-Zen-0041_U3_Grid.png,1024,1024,1655.26,ok
Sticker-Zen-0041,U4,Sticker-Zen-0041_U4_Grid.png,1024,1024,2133.72,ok
Sticker-Zen-0042,Cover,Cover_Mockup.png,1800,1800,213.58,ok
Sticker-Zen-0042,Production,Production_Design.png,1664,1664,214.44,ok
Sticker-Zen-0042,U1,Sticker-Zen-0042_U1_Grid.png,1024,1024,2131.75,ok
Sticker-Zen-0042,U2,Sticker-Zen-0042_U2_Grid.png,1024,1024,2088.78,ok
Sticker-Zen-0042,U3,Sticker-Zen-0042_U3_Grid.png,1024,1024,1624.14,ok
Sticker-Zen-0042,U4,Sticker-Zen-0042_U4_Grid.png,1024,1024,1995.07,ok
Sticker-Zen-0044,Cover,Cover_Mockup.png,1800,1800,259.75,ok
Sticker-Zen-0044,Production,Production_Design.png,1664,1664,165.87,ok
Sticker-Zen-0044,U1,Sticker-Zen-0044_U1_Grid.png,1024,1024,4098.24,ok
Sticker-Zen-0044,U2,Sticker-Zen-0044_U2_Grid.png,1024,1024,1356.25,ok
Sticker-Zen-0044,U3,Sticker-Zen-0044_U3_Grid.png,1024,1024,1115.14,ok
Sticker-Zen-0044,U4,Sticker-Zen-0044_U4_Grid.png,1024,1024,1454.41,ok
Sticker-Zen-0045,Cover,Cover_Mockup.png,1800,1800,1638.03,ok
Sticker-Zen-0045,Production,Production_Design.png,1664,1664,1599.58,ok
Sticker-Zen-0045,U1,Sticker-Zen-0045_U1_Grid.png,1024,1024,1880.42,ok
Sticker-Zen-0045,U2,Sticker-Zen-0045_U2_Grid.png,1024,1024,1796.16,ok
Sticker-Zen-0045,U3,Sticker-Zen-0045_U3_Grid.png,1024,1024,1377.71,ok
Sticker-Zen-0045,U4,Sticker-Zen-0045_U4_Grid.png,1024,1024,1039.32,ok
Sticker-Zen-0046,Cover,Cover_Mockup.png,1800,1800,1940.14,ok
Sticker-Zen-0046,Production,Production_Design.png,1664,1664,1355.68,ok
Sticker-Zen-0046,U1,Sticker-Zen-0046_U1_Grid.png,1024,1024,1761.03,ok
Sticker-Zen-0046,U2,Sticker-Zen-0046_U2_Grid.png,1024,1024,1336.95,ok
Sticker-Zen-0046,U3,Sticker-Zen-0046_U3_Grid.png,1024,1024,3575.66,ok
Sticker-Zen-0046,U4,Sticker-Zen-0046_U4_Grid.png,1024,1024,967.05,ok
Sticker-Zen-0048,Cover,Cover_Mockup.png,1800,1800,1994.71,ok
Sticker-Zen-0048,Production,Production_Design.png,1664,1664,1948.29,ok
Sticker-Zen-0048,U1,Sticker-Zen-0048_U1_Grid.png,1024,1024,4098.24,ok
Sticker-Zen-0048,U2,Sticker-Zen-0048_U2_Grid.png,1024,1024,1356.25,ok
Sticker-Zen-0048,U3,Sticker-Zen-0048_U3_Grid.png,1024,1024,1115.14,ok
Sticker-Zen-0048,U4,Sticker-Zen-0048_U4_Grid.png,1024,1024,1454.41,ok
Sticker-Zen-0049,Cover,Cover_Mockup.png,1800,1800,2370.02,ok
Sticker-Zen-0049,Production,Production_Design.png,1664,1664,1730.06,ok
Sticker-Zen-0049,U1,Sticker-Zen-0049_U1_Grid.png,1024,1024,3354.26,ok
Sticker-Zen-0049,U2,Sticker-Zen-0049_U2_Grid.png,1024,1024,1256.44,ok
Sticker-Zen-0049,U3,Sticker-Zen-0049_U3_Grid.png,1024,1024,3040.44,ok
Sticker-Zen-0049,U4,Sticker-Zen-0049_U4_Grid.png,1024,1024,1190.62,ok
Sticker-Zen-0050,Cover,Cover_Mockup.png,1800,1800,1628.4,ok
Sticker-Zen-0050,Production,Production_Design.png,1664,1664,1254.38,ok
Sticker-Zen-0050,U1,Sticker-Zen-0050_U1_Grid.png,1024,1024,2038.65,ok
Sticker-Zen-0050,U2,Sticker-Zen-0050_U2_Grid.png,1024,1024,1117.47,ok
Sticker-Zen-0050,U3,Sticker-Zen-0050_U3_Grid.png,1024,1024,1434.8,ok
Sticker-Zen-0050,U4,Sticker-Zen-0050_U4_Grid.png,1024,1024,1493.54,ok
Sticker-Zen-0051,Cover,Cover_Mockup.png,1800,1800,1777.63,ok
Sticker-Zen-0051,Production,Production_Design.png,1664,1664,754.49,ok
Sticker-Zen-0051,U1,Sticker-Zen-0051_U1_Grid.png,1024,1024,2722.39,ok
Sticker-Zen-0051,U2,Sticker-Zen-0051_U2_Grid.png,1024,1024,1645.95,ok
Sticker-Zen-0051,U3,Sticker-Zen-0051_U3_Grid.png,1024,1024,1591.96,ok
Sticker-Zen-0051,U4,Sticker-Zen-0051_U4_Grid.png,1024,1024,1351.8,ok
Sticker-Zen-0052,Cover,Cover_Mockup.png,1800,1800,1697.08,ok
Sticker-Zen-0052,Production,Production_Design.png,1664,1664,1835.61,ok
Sticker-Zen-0052,U1,Sticker-Zen-0052_U1_Grid.png,1024,1024,1331.13,ok
Sticker-Zen-0052,U2,Sticker-Zen-0052_U2_Grid.png,1024,1024,1735.87,ok
Sticker-Zen-0052,U3,Sticker-Zen-0052_U3_Grid.png,1024,1024,1535.97,ok
Sticker-Zen-0052,U4,Sticker-Zen-0052_U4_Grid.png,1024,1024,1942.89,ok
Sticker-Zen-0053,Cover,Cover_Mockup.png,1800,1800,2095.39,ok
Sticker-Zen-0053,Production,Production_Design.png,1664,1664,1273.21,ok
Sticker-Zen-0053,U1,Sticker-Zen-0053_U1_Grid.png,1024,1024,1823.01,ok
Sticker-Zen-0053,U2,Sticker-Zen-0053_U2_Grid.png,1024,1024,2251.07,ok
Sticker-Zen-0053,U3,Sticker-Zen-0053_U3_Grid.png,1024,1024,2090.43,ok
Sticker-Zen-0053,U4,Sticker-Zen-0053_U4_Grid.png,1024,1024,2066.73,ok
Sticker-Zen-0054,Cover,Cover_Mockup.png,1800,1800,1515.14,ok
Sticker-Zen-0054,Production,Production_Design.png,1664,1664,1080.36,ok
Sticker-Zen-0054,U1,Sticker-Zen-0054_U1_Grid.png,1024,1024,1534.18,ok
Sticker-Zen-0054,U2,Sticker-Zen-0054_U2_Grid.png,1024,1024,1109.53,ok
Sticker-Zen-0054,U3,Sticker-Zen-0054_U3_Grid.png,1024,1024,1035.19,ok
Sticker-Zen-0054,U4,Sticker-Zen-0054_U4_Grid.png,1024,1024,2070.35,ok
Sticker-Zen-0055,Cover,Cover_Mockup.png,1800,1800,4222.49,ok
Sticker-Zen-0055,Production,Production_Design.png,1664,1664,1048.0,ok
Sticker-Zen-0055,U1,Sticker-Zen-0055_U1_Grid.png,1024,1024,3723.89,ok
Sticker-Zen-0055,U2,Sticker-Zen-0055_U2_Grid.png,1024,1024,5568.39,ok
Sticker-Zen-0055,U3,Sticker-Zen-0055_U3_Grid.png,1024,1024,3036.8,ok
Sticker-Zen-0055,U4,Sticker-Zen-0055_U4_Grid.png,1024,1024,4326.12,ok
Sticker-Zen-0056,Cover,Cover_Mockup.png,1800,1800,2773.93,ok
Sticker-Zen-0056,Production,Production_Design.png,1664,1664,2472.19,ok
Sticker-Zen-0056,U1,Sticker-Zen-0056_U1_Grid.png,1024,1024,2282.56,ok
Sticker-Zen-0056,U2,Sticker-Zen-0056_U2_Grid.png,1024,1024,3399.8,ok
Sticker-Zen-0056,U3,Sticker-Zen-0056_U3_Grid.png,1024,1024,2707.79,ok
Sticker-Zen-0056,U4,Sticker-Zen-0056_U4_Grid.png,1024,1024,2599.32,ok
Sticker-Zen-0057,Cover,Cover_Mockup.png,1800,1800,4020.62,ok
Sticker-Zen-0057,Production,Production_Design.png,1664,1664,3207.3,ok
Sticker-Zen-0057,U1,Sticker-Zen-0057_U1_Grid.png,1024,1024,4700.74,ok
Sticker-Zen-0057,U2,Sticker-Zen-0057_U2_Grid.png,1024,1024,3555.56,ok
Sticker-Zen-0057,U3,Sticker-Zen-0057_U3_Grid.png,1024,1024,4229.42,ok
Sticker-Zen-0057,U4,Sticker-Zen-0057_U4_Grid.png,1024,1024,3226.39,ok
Sticker-Zen-0058,Cover,Cover_Mockup.png,1800,1800,2041.3,ok
Sticker-Zen-0058,Production,Production_Design.png,1664,1664,2162.66,ok
Sticker-Zen-0058,U1,Sticker-Zen-0058_U1_Grid.png,1024,1024,1372.56,ok
Sticker-Zen-0058,U2,Sticker-Zen-0058_U2_Grid.png,1024,1024,1901.5,ok
Sticker-Zen-0058,U3,Sticker-Zen-0058_U3_Grid.png,1024,1024,2367.69,ok
Sticker-Zen-0058,U4,Sticker-Zen-0058_U4_Grid.png,1024,1024,2352.39,ok
Sticker-Zen-0060,Cover,Cover_Mockup.png,1800,1800,2062.02,ok
Sticker-Zen-0060,Production,Production_Design.png,1664,1664,1244.55,ok
Sticker-Zen-0060,U1,Sticker-Zen-0060_U1_Grid.png,1024,1024,1854.39,ok
Sticker-Zen-0060,U2,Sticker-Zen-0060_U2_Grid.png,1024,1024,1991.97,ok
Sticker-Zen-0060,U3,Sticker-Zen-0060_U3_Grid.png,1024,1024,2324.62,ok
Sticker-Zen-0060,U4,Sticker-Zen-0060_U4_Grid.png,1024,1024,2108.92,ok
Sticker-Zen-0061,Cover,Cover_Mockup.png,1800,1800,2341.74,ok
Sticker-Zen-0061,Production,Production_Design.png,1664,1664,2106.97,ok
Sticker-Zen-0061,U1,Sticker-Zen-0061_U1_Grid.png,1024,1024,1739.2,ok
Sticker-Zen-0061,U2,Sticker-Zen-0061_U2_Grid.png,1024,1024,1447.93,ok
Sticker-Zen-0061,U3,Sticker-Zen-0061_U3_Grid.png,1024,1024,2531.86,ok
Sticker-Zen-0061,U4,Sticker-Zen-0061_U4_Grid.png,1024,1024,3346.57,ok
Sticker-Zen-0062,Cover,Cover_Mockup.png,1800,1800,1896.09,ok
Sticker-Zen-0062,Production,Production_Design.png,1664,1664,1282.31,ok
Sticker-Zen-0062,U1,Sticker-Zen-0062_U1_Grid.png,1024,1024,1363.23,ok
Sticker-Zen-0062,U2,Sticker-Zen-0062_U2_Grid.png,1024,1024,1314.89,ok
Sticker-Zen-0062,U3,Sticker-Zen-0062_U3_Grid.png,1024,1024,2308.16,ok
Sticker-Zen-0062,U4,Sticker-Zen-0062_U4_Grid.png,1024,1024,2528.95,ok
Sticker-Zen-0063,Cover,Cover_Mockup.png,1800,1800,2454.08,ok
Sticker-Zen-0063,Production,Production_Design.png,1664,1664,2460.16,ok
Sticker-Zen-0063,U1,Sticker-Zen-0063_U1_Grid.png,1024,1024,3082.95,ok
Sticker-Zen-0063,U2,Sticker-Zen-0063_U2_Grid.png,1024,1024,1956.12,ok
Sticker-Zen-0063,U3,Sticker-Zen-0063_U3_Grid.png,1024,1024,2199.43,ok
Sticker-Zen-0063,U4,Sticker-Zen-0063_U4_Grid.png,1024,1024,2170.2,ok
Sticker-Zen-0066,Cover,Cover_Mockup.png,1800,1800,1845.5,ok
Sticker-Zen-0066,Production,Production_Design.png,1664,1664,1299.7,ok
Sticker-Zen-0066,U1,Sticker-Zen-0066_U1_Grid.png,1024,1024,2424.72,ok
Sticker-Zen-0066,U2,Sticker-Zen-0066_U2_Grid.png,1024,1024,1420.82,ok
Sticker-Zen-0066,U3,Sticker-Zen-0066_U3_Grid.png,1024,1024,1556.25,ok
Sticker-Zen-0066,U4,Sticker-Zen-0066_U4_Grid.png,1024,1024,1410.86,ok
Sticker-Zen-0067,Cover,Cover_Mockup.png,1800,1800,2360.09,ok
Sticker-Zen-0067,Production,Production_Design.png,1664,1664,2148.36,ok
Sticker-Zen-0067,U1,Sticker-Zen-0067_U1_Grid.png,1024,1024,2605.81,ok
Sticker-Zen-0067,U2,Sticker-Zen-0067_U2_Grid.png,1024,1024,1654.93,ok
Sticker-Zen-0067,U3,Sticker-Zen-0067_U3_Grid.png,1024,1024,3002.03,ok
Sticker-Zen-0067,U4,Sticker-Zen-0067_U4_Grid.png,1024,1024,1899.71,ok
Sticker-Zen-0068,Cover,Cover_Mockup.png,1800,1800,2445.2,ok
Sticker-Zen-0068,Production,Production_Design.png,1664,1664,2705.44,ok
Sticker-Zen-0068,U1,Sticker-Zen-0068_U1_Grid.png,1024,1024,2745.75,ok
Sticker-Zen-0068,U2,Sticker-Zen-0068_U2_Grid.png,1024,1024,2787.18,ok
Sticker-Zen-0068,U3,Sticker-Zen-0068_U3_Grid.png,1024,1024,2535.31,ok
Sticker-Zen-0068,U4,Sticker-Zen-0068_U4_Grid.png,1024,1024,2038.04,ok
Sticker-Zen-0069,Cover,Cover_Mockup.png,1800,1800,2584.05,ok
Sticker-Zen-0069,Production,Production_Design.png,1664,1664,2762.51,ok
Sticker-Zen-0069,U1,Sticker-Zen-0069_U1_Grid.png,1024,1024,3971.08,ok
Sticker-Zen-0069,U2,Sticker-Zen-0069_U2_Grid.png,1024,1024,1699.7,ok
Sticker-Zen-0069,U3,Sticker-Zen-0069_U3_Grid.png,1024,1024,2787.88,ok
Sticker-Zen-0069,U4,Sticker-Zen-0069_U4_Grid.png,1024,1024,1555.17,ok
Sticker-Zen-0070,Cover,Cover_Mockup.png,1800,1800,1922.99,ok
Sticker-Zen-0070,Production,Production_Design.png,1664,1664,1788.79,ok
Sticker-Zen-0070,U1,Sticker-Zen-0070_U1_Grid.png,1024,1024,3050.21,ok
Sticker-Zen-0070,U2,Sticker-Zen-0070_U2_Grid.png,1024,1024,1064.34,ok
Sticker-Zen-0070,U3,Sticker-Zen-0070_U3_Grid.png,1024,1024,2206.97,ok
Sticker-Zen-0070,U4,Sticker-Zen-0070_U4_Grid.png,1024,1024,1844.61,ok
Sticker-Zen-0071,Cover,Cover_Mockup.png,1800,1800,2483.4,ok
Sticker-Zen-0071,Production,Production_Design.png,1664,1664,2590.72,ok
Sticker-Zen-0071,U1,Sticker-Zen-0071_U1_Grid.png,1024,1024,2670.99,ok
Sticker-Zen-0071,U2,Sticker-Zen-0071_U2_Grid.png,1024,1024,1990.77,ok
Sticker-Zen-0071,U3,Sticker-Zen-0071_U3_Grid.png,1024,1024,2848.67,ok
Sticker-Zen-0071,U4,Sticker-Zen-0071_U4_Grid.png,1024,1024,2929.63,ok
Sticker-Zen-0072,Cover,Cover_Mockup.png,1800,1800,2310.48,ok
Sticker-Zen-0072,Production,Production_Design.png,1664,1664,2285.07,ok
Sticker-Zen-0072,U1,Sticker-Zen-0072_U1_Grid.png,1024,1024,2551.97,ok
Sticker-Zen-0072,U2,Sticker-Zen-0072_U2_Grid.png,1024,1024,2430.29,ok
Sticker-Zen-0072,U3,Sticker-Zen-0072_U3_Grid.png,1024,1024,2080.18,ok
Sticker-Zen-0072,U4,Sticker-Zen-0072_U4_Grid.png,1024,1024,2540.21,ok
Sticker-Zen-0073,Cover,Cover_Mockup.png,1800,1800,2323.35,ok
Sticker-Zen-0073,Production,Production_Design.png,1664,1664,2073.01,ok
Sticker-Zen-0073,U1,Sticker-Zen-0073_U1_Grid.png,1024,1024,2959.92,ok
Sticker-Zen-0073,U2,Sticker-Zen-0073_U2_Grid.png,1024,1024,3094.52,ok
Sticker-Zen-0073,U3,Sticker-Zen-0073_U3_Grid.png,1024,1024,2001.32,ok
Sticker-Zen-0073,U4,Sticker-Zen-0073_U4_Grid.png,1024,1024,1915.32,ok
Sticker-Zen-0074,Cover,Cover_Mockup.png,1800,1800,2432.97,ok
Sticker-Zen-0074,Production,Production_Design.png,1664,1664,2561.55,ok
Sticker-Zen-0074,U1,Sticker-Zen-0074_U1_Grid.png,1024,1024,2439.34,ok
Sticker-Zen-0074,U2,Sticker-Zen-0074_U2_Grid.png,1024,1024,2422.62,ok
Sticker-Zen-0074,U3,Sticker-Zen-0074_U3_Grid.png,1024,1024,2636.03,ok
Sticker-Zen-0074,U4,Sticker-Zen-0074_U4_Grid.png,1024,1024,3606.79,ok
Sticker-Zen-0075,Cover,Cover_Mockup.png,1800,1800,4287.57,ok
Sticker-Zen-0075,Production,Production_Design.png,1664,1664,4682.65,ok
Sticker-Zen-0075,U1,Sticker-Zen-0075_U1_Grid.png,1024,1024,5329.75,ok
Sticker-Zen-0075,U2,Sticker-Zen-0075_U2_Grid.png,1024,1024,4198.41,ok
Sticker-Zen-0075,U3,Sticker-Zen-0075_U3_Grid.png,1024,1024,3659.82,ok
Sticker-Zen-0075,U4,Sticker-Zen-0075_U4_Grid.png,1024,1024,4601.65,ok
Sticker-Zen-0076,Cover,Cover_Mockup.png,1800,1800,1389.66,ok
Sticker-Zen-0076,Production,Production_Design.png,1664,1664,1480.25,ok
Sticker-Zen-0076,U1,Sticker-Zen-0076_U1_Grid.png,1024,1024,1164.36,ok
Sticker-Zen-0076,U2,Sticker-Zen-0076_U2_Grid.png,1024,1024,1970.76,ok
Sticker-Zen-0076,U3,Sticker-Zen-0076_U3_Grid.png,1024,1024,1771.45,ok
Sticker-Zen-0076,U4,Sticker-Zen-0076_U4_Grid.png,1024,1024,1247.41,ok
Sticker-Zen-0078,Cover,Cover_Mockup.png,1800,1800,159.75,ok
Sticker-Zen-0078,Production,Production_Design.png,1664,1664,162.26,ok
Sticker-Zen-0078,U1,Sticker-Zen-0078_U1_Grid.png,256,256,848.58,low_resolution
Sticker-Zen-0078,U2,Sticker-Zen-0078_U2_Grid.png,256,256,1205.53,low_resolution
Sticker-Zen-0078,U3,Sticker-Zen-0078_U3_Grid.png,256,256,1296.59,low_resolution
Sticker-Zen-0078,U4,Sticker-Zen-0078_U4_Grid.png,256,256,1189.1,low_resolution
Sticker-Zen-0079,Cover,Cover_Mockup.png,1800,1800,159.88,ok
Sticker-Zen-0079,Production,Production_Design.png,1664,1664,152.27,ok
Sticker-Zen-0079,U1,Sticker-Zen-0079_U1_Grid.png,256,256,735.14,low_resolution
Sticker-Zen-0079,U2,Sticker-Zen-0079_U2_Grid.png,256,256,960.97,low_resolution
Sticker-Zen-0079,U3,Sticker-Zen-0079_U3_Grid.png,256,256,774.59,low_resolution
Sticker-Zen-0079,U4,Sticker-Zen-0079_U4_Grid.png,256,256,858.35,low_resolution
Sticker-Zen-0080,Cover,Cover_Mockup.png,1800,1800,192.01,ok
Sticker-Zen-0080,Production,Production_Design.png,1664,1664,151.88,ok
Sticker-Zen-0080,U1,Sticker-Zen-0080_U1_Grid.png,256,256,873.49,low_resolution
Sticker-Zen-0080,U2,Sticker-Zen-0080_U2_Grid.png,256,256,704.62,low_resolution
Sticker-Zen-0080,U3,Sticker-Zen-0080_U3_Grid.png,256,256,947.39,low_resolution
Sticker-Zen-0080,U4,Sticker-Zen-0080_U4_Grid.png,256,256,662.27,low_resolution
Sticker-Zen-0081,Cover,Cover_Mockup.png,1800,1800,1593.54,ok
Sticker-Zen-0081,Production,Production_Design.png,1664,1664,1621.39,ok
Sticker-Zen-0081,U1,Sticker-Zen-0081_U1_Grid.png,1024,1024,1127.34,ok
Sticker-Zen-0081,U2,Sticker-Zen-0081_U2_Grid.png,1024,1024,1355.6,ok
Sticker-Zen-0081,U3,Sticker-Zen-0081_U3_Grid.png,1024,1024,1487.58,ok
Sticker-Zen-0081,U4,Sticker-Zen-0081_U4_Grid.png,1024,1024,2371.53,ok
Sticker-Zen-0082,Cover,Cover_Mockup.png,1800,1800,145.24,ok
Sticker-Zen-0082,Production,Production_Design.png,1664,1664,157.27,ok
Sticker-Zen-0082,U1,Sticker-Zen-0082_U1_Grid.png,256,256,1004.94,low_resolution
Sticker-Zen-0082,U2,Sticker-Zen-0082_U2_Grid.png,256,256,1023.49,low_resolution
Sticker-Zen-0082,U3,Sticker-Zen-0082_U3_Grid.png,256,256,1007.0,low_resolution
Sticker-Zen-0082,U4,Sticker-Zen-0082_U4_Grid.png,256,256,1005.3,low_resolution
Sticker-Zen-0083,Cover,Cover_Mockup.png,1800,1800,1177.52,ok
Sticker-Zen-0083,Production,Production_Design.png,1664,1664,1324.41,ok
Sticker-Zen-0083,U1,Sticker-Zen-0083_U1_Grid.png,1024,1024,1169.94,ok
Sticker-Zen-0083,U2,Sticker-Zen-0083_U2_Grid.png,1024,1024,649.38,ok
Sticker-Zen-0083,U3,Sticker-Zen-0083_U3_Grid.png,1024,1024,723.09,ok
Sticker-Zen-0083,U4,Sticker-Zen-0083_U4_Grid.png,1024,1024,2045.22,ok
Sticker-Zen-0084,Cover,Cover_Mockup.png,1800,1800,2194.64,ok
Sticker-Zen-0084,Production,Production_Design.png,1664,1664,2396.7,ok
Sticker-Zen-0084,U1,Sticker-Zen-0084_U1_Grid.png,1024,1024,1064.22,ok
Sticker-Zen-0084,U2,Sticker-Zen-0084_U2_Grid.png,1024,1024,3212.5,ok
Sticker-Zen-0084,U3,Sticker-Zen-0084_U3_Grid.png,1024,1024,3098.32,ok
Sticker-Zen-0084,U4,Sticker-Zen-0084_U4_Grid.png,1024,1024,2036.26,ok
Sticker-Zen-0085,Cover,Cover_Mockup.png,1800,1800,192.3,ok
Sticker-Zen-0085,Production,Production_Design.png,1664,1664,156.38,ok
Sticker-Zen-0085,U1,Sticker-Zen-0085_U1_Grid.png,256,256,927.84,low_resolution
Sticker-Zen-0085,U2,Sticker-Zen-0085_U2_Grid.png,256,256,621.49,low_resolution
Sticker-Zen-0085,U3,Sticker-Zen-0085_U3_Grid.png,256,256,767.08,low_resolution
Sticker-Zen-0085,U4,Sticker-Zen-0085_U4_Grid.png,256,256,744.09,low_resolution
Sticker-Zen-0086,Cover,Cover_Mockup.png,1800,1800,2411.05,ok
Sticker-Zen-0086,Production,Production_Design.png,1664,1664,2505.42,ok
Sticker-Zen-0086,U1,Sticker-Zen-0086_U1_Grid.png,1024,1024,2792.24,ok
Sticker-Zen-0086,U2,Sticker-Zen-0086_U2_Grid.png,1024,1024,2838.09,ok
Sticker-Zen-0086,U3,Sticker-Zen-0086_U3_Grid.png,1024,1024,2463.76,ok
Sticker-Zen-0086,U4,Sticker-Zen-0086_U4_Grid.png,1024,1024,2259.73,ok
Sticker-Zen-0087,Cover,Cover_Mockup.png,1800,1800,2664.51,ok
Sticker-Zen-0087,Production,Production_Design.png,1664,1664,2916.86,ok
Sticker-Zen-0087,U1,Sticker-Zen-0087_U1_Grid.png,1024,1024,2772.03,ok
Sticker-Zen-0087,U2,Sticker-Zen-0087_U2_Grid.png,1024,1024,3178.53,ok
Sticker-Zen-0087,U3,Sticker-Zen-0087_U3_Grid.png,1024,1024,2313.55,ok
Sticker-Zen-0087,U4,Sticker-Zen-0087_U4_Grid.png,1024,1024,3136.67,ok
Sticker-Zen-0088,Cover,Cover_Mockup.png,1800,1800,2890.23,ok
Sticker-Zen-0088,Production,Production_Design.png,1664,1664,3282.31,ok
Sticker-Zen-0088,U1,Sticker-Zen-0088_U1_Grid.png,1024,1024,3191.95,ok
Sticker-Zen-0088,U2,Sticker-Zen-0088_U2_Grid.png,1024,1024,3396.45,ok
Sticker-Zen-0088,U3,Sticker-Zen-0088_U3_Grid.png,1024,1024,2759.2,ok
Sticker-Zen-0088,U4,Sticker-Zen-0088_U4_Grid.png,1024,1024,3131.93,ok
Sticker-Zen-0089,Cover,Cover_Mockup.png,1800,1800,2912.46,ok
Sticker-Zen-0089,Production,Production_Design.png,1664,1664,3225.85,ok
Sticker-Zen-0089,U1,Sticker-Zen-0089_U1_Grid.png,1024,1024,3350.32,ok
Sticker-Zen-0089,U2,Sticker-Zen-0089_U2_Grid.png,1024,1024,2773.32,ok
Sticker-Zen-0089,U3,Sticker-Zen-0089_U3_Grid.png,1024,1024,3459.45,ok
Sticker-Zen-0089,U4,Sticker-Zen-0089_U4_Grid.png,1024,1024,2857.93,ok
Sticker-Zen-0090,Cover,Cover_Mockup.png,1800,1800,299.98,ok
Sticker-Zen-0090,Production,Production_Design.png,1664,1664,314.18,ok
Sticker-Zen-0090,U1,Sticker-Zen-0090_U1_Grid.png,256,256,3306.81,low_resolution
Sticker-Zen-0090,U2,Sticker-Zen-0090_U2_Grid.png,256,256,4198.01,low_resolution
Sticker-Zen-0090,U3,Sticker-Zen-0090_U3_Grid.png,256,256,3074.84,low_resolution
Sticker-Zen-0090,U4,Sticker-Zen-0090_U4_Grid.png,256,256,4083.26,low_resolution
Sticker-Zen-0091,Cover,Cover_Mockup.png,1800,1800,1997.82,ok
Sticker-Zen-0091,Production,Production_Design.png,1664,1664,2256.62,ok
Sticker-Zen-0091,U1,Sticker-Zen-0091_U1_Grid.png,1024,1024,2248.63,ok
Sticker-Zen-0091,U2,Sticker-Zen-0091_U2_Grid.png,1024,1024,2171.63,ok
Sticker-Zen-0091,U3,Sticker-Zen-0091_U3_Grid.png,1024,1024,1815.15,ok
Sticker-Zen-0091,U4,Sticker-Zen-0091_U4_Grid.png,1024,1024,2459.43,ok
Sticker-Zen-0092,Cover,Cover_Mockup.png,1800,1800,3248.89,ok
Sticker-Zen-0092,Production,Production_Design.png,1664,1664,3721.65,ok
Sticker-Zen-0092,U1,Sticker-Zen-0092_U1_Grid.png,1024,1024,3808.32,ok
Sticker-Zen-0092,U2,Sticker-Zen-0092_U2_Grid.png,1024,1024,3034.87,ok
Sticker-Zen-0092,U3,Sticker-Zen-0092_U3_Grid.png,1024,1024,3385.6,ok
Sticker-Zen-0092,U4,Sticker-Zen-0092_U4_Grid.png,1024,1024,3692.69,ok
Sticker-Zen-0093,Cover,Cover_Mockup.png,1800,1800,1164.4,ok
Sticker-Zen-0093,Production,Production_Design.png,1664,1664,1208.46,ok
Sticker-Zen-0093,U1,Sticker-Zen-0093_U1_Grid.png,1024,1024,1507.65,ok
Sticker-Zen-0093,U2,Sticker-Zen-0093_U2_Grid.png,1024,1024,1110.02,ok
Sticker-Zen-0093,U3,Sticker-Zen-0093_U3_Grid.png,1024,1024,1351.34,ok
Sticker-Zen-0093,U4,Sticker-Zen-0093_U4_Grid.png,1024,1024,1294.04,ok
Sticker-Zen-0094,Cover,Cover_Mockup.png,1800,1800,1784.52,ok
Sticker-Zen-0094,Production,Production_Design.png,1664,1664,1895.4,ok
Sticker-Zen-0094,U1,Sticker-Zen-0094_U1_Grid.png,1024,1024,2430.89,ok
Sticker-Zen-0094,U2,Sticker-Zen-0094_U2_Grid.png,1024,1024,1165.34,ok
Sticker-Zen-0094,U3,Sticker-Zen-0094_U3_Grid.png,1024,1024,1896.41,ok
Sticker-Zen-0094,U4,Sticker-Zen-0094_U4_Grid.png,1024,1024,1976.68,ok
Sticker-Zen-0095,Cover,Cover_Mockup.png,1800,1800,2096.69,ok
Sticker-Zen-0095,Production,Production_Design.png,1664,1664,1920.56,ok
Sticker-Zen-0095,U1,Sticker-Zen-0095_U1_Grid.png,1024,1024,2375.29,ok
Sticker-Zen-0095,U2,Sticker-Zen-0095_U2_Grid.png,1024,1024,1550.69,ok
Sticker-Zen-0095,U3,Sticker-Zen-0095_U3_Grid.png,1024,1024,2582.35,ok
Sticker-Zen-0095,U4,Sticker-Zen-0095_U4_Grid.png,1024,1024,2286.42,ok
Sticker-Zen-0096,Cover,Cover_Mockup.png,1800,1800,2462.06,ok
Sticker-Zen-0096,Production,Production_Design.png,1664,1664,2453.02,ok
Sticker-Zen-0096,U1,Sticker-Zen-0096_U1_Grid.png,1024,1024,3003.36,ok
Sticker-Zen-0096,U2,Sticker-Zen-0096_U2_Grid.png,1024,1024,3060.78,ok
Sticker-Zen-0096,U3,Sticker-Zen-0096_U3_Grid.png,1024,1024,2332.09,ok
Sticker-Zen-0096,U4,Sticker-Zen-0096_U4_Grid.png,1024,1024,2254.3,ok
Sticker-Zen-0097,Cover,Cover_Mockup.png,1800,1800,1601.58,ok
Sticker-Zen-0097,Production,Production_Design.png,1664,1664,1747.55,ok
Sticker-Zen-0097,U1,Sticker-Zen-0097_U1_Grid.png,1024,1024,2107.73,ok
Sticker-Zen-0097,U2,Sticker-Zen-0097_U2_Grid.png,1024,1024,1641.49,ok
Sticker-Zen-0097,U3,Sticker-Zen-0097_U3_Grid.png,1024,1024,1648.34,ok
Sticker-Zen-0097,U4,Sticker-Zen-0097_U4_Grid.png,1024,1024,1786.46,ok
Sticker-Zen-0098,Cover,Cover_Mockup.png,1800,1800,2440.39,ok
Sticker-Zen-0098,Production,Production_Design.png,1664,1664,2608.61,ok
Sticker-Zen-0098,U1,Sticker-Zen-0098_U1_Grid.png,1024,1024,1941.69,ok
Sticker-Zen-0098,U2,Sticker-Zen-0098_U2_Grid.png,1024,1024,2731.04,ok
Sticker-Zen-0098,U3,Sticker-Zen-0098_U3_Grid.png,1024,1024,2410.4,ok
Sticker-Zen-0098,U4,Sticker-Zen-0098_U4_Grid.png,1024,1024,2922.39,ok
Sticker-Zen-0099,Cover,Cover_Mockup.png,1800,1800,2511.51,ok
Sticker-Zen-0099,Production,Production_Design.png,1664,1664,2430.05,ok
Sticker-Zen-0099,U1,Sticker-Zen-0099_U1_Grid.png,1024,1024,2111.62,ok
Sticker-Zen-0099,U2,Sticker-Zen-0099_U2_Grid.png,1024,1024,3383.48,ok
Sticker-Zen-0099,U3,Sticker-Zen-0099_U3_Grid.png,1024,1024,2439.99,ok
Sticker-Zen-0099,U4,Sticker-Zen-0099_U4_Grid.png,1024,1024,2570.67,ok
Sticker-Zen-0100,Cover,Cover_Mockup.png,1800,1800,3021.24,ok
Sticker-Zen-0100,Production,Production_Design.png,1664,1664,3048.85,ok
Sticker-Zen-0100,U1,Sticker-Zen-0100_U1_Grid.png,1024,1024,3730.68,ok
Sticker-Zen-0100,U2,Sticker-Zen-0100_U2_Grid.png,1024,1024,3369.62,ok
Sticker-Zen-0100,U3,Sticker-Zen-0100_U3_Grid.png,1024,1024,2906.4,ok
Sticker-Zen-0100,U4,Sticker-Zen-0100_U4_Grid.png,1024,1024,3175.48,ok
Sticker-Zen-0101,Cover,Cover_Mockup.png,1800,1800,2613.1,ok
Sticker-Zen-0101,Production,Production_Design.png,1664,1664,2433.65,ok
Sticker-Zen-0101,U1,Sticker-Zen-0101_U1_Grid.png,1024,1024,2605.21,ok
Sticker-Zen-0101,U2,Sticker-Zen-0101_U2_Grid.png,1024,1024,2681.32,ok
Sticker-Zen-0101,U3,Sticker-Zen-0101_U3_Grid.png,1024,1024,2214.14,ok
Sticker-Zen-0101,U4,Sticker-Zen-0101_U4_Grid.png,1024,1024,3565.98,ok
Sticker-Zen-0102,Cover,Cover_Mockup.png,1800,1800,1767.48,ok
Sticker-Zen-0102,Production,Production_Design.png,1664,1664,1705.24,ok
Sticker-Zen-0102,U1,Sticker-Zen-0102_U1_Grid.png,1024,1024,1667.25,ok
Sticker-Zen-0102,U2,Sticker-Zen-0102_U2_Grid.png,1024,1024,1400.64,ok
Sticker-Zen-0102,U3,Sticker-Zen-0102_U3_Grid.png,1024,1024,2365.57,ok
Sticker-Zen-0102,U4,Sticker-Zen-0102_U4_Grid.png,1024,1024,2199.1,ok
Sticker-Zen-0103,Cover,Cover_Mockup.png,1800,1800,3459.67,ok
Sticker-Zen-0103,Production,Production_Design.png,1664,1664,3911.01,ok
Sticker-Zen-0103,U1,Sticker-Zen-0103_U1_Grid.png,1024,1024,4622.06,ok
Sticker-Zen-0103,U2,Sticker-Zen-0103_U2_Grid.png,1024,1024,3745.74,ok
Sticker-Zen-0103,U3,Sticker-Zen-0103_U3_Grid.png,1024,1024,2814.63,ok
Sticker-Zen-0103,U4,Sticker-Zen-0103_U4_Grid.png,1024,1024,3506.38,ok
Sticker-Zen-0104,Cover,Cover_Mockup.png,1800,1800,3200.93,ok
Sticker-Zen-0104,Production,Production_Design.png,1664,1664,2544.6,ok
Sticker-Zen-0104,U1,Sticker-Zen-0104_U1_Grid.png,1024,1024,3393.77,ok
Sticker-Zen-0104,U2,Sticker-Zen-0104_U2_Grid.png,1024,1024,4298.66,ok
Sticker-Zen-0104,U3,Sticker-Zen-0104_U3_Grid.png,1024,1024,2854.91,ok
Sticker-Zen-0104,U4,Sticker-Zen-0104_U4_Grid.png,1024,1024,3175.29,ok
Sticker-Zen-0105,Cover,Cover_Mockup.png,1800,1800,2389.92,ok
Sticker-Zen-0105,Production,Production_Design.png,1664,1664,2586.56,ok
Sticker-Zen-0105,U1,Sticker-Zen-0105_U1_Grid.png,1024,1024,3185.67,ok
Sticker-Zen-0105,U2,Sticker-Zen-0105_U2_Grid.png,1024,1024,2805.51,ok
Sticker-Zen-0105,U3,Sticker-Zen-0105_U3_Grid.png,1024,1024,2342.28,ok
Sticker-Zen-0105,U4,Sticker-Zen-0105_U4_Grid.png,1024,1024,2120.07,ok
Sticker-Zen-0106,Cover,Cover_Mockup.png,1800,1800,2246.22,ok
Sticker-Zen-0106,Production,Production_Design.png,1664,1664,2279.07,ok
Sticker-Zen-0106,U1,Sticker-Zen-0106_U1_Grid.png,1024,1024,1866.36,ok
Sticker-Zen-0106,U2,Sticker-Zen-0106_U2_Grid.png,1024,1024,2746.7,ok
Sticker-Zen-0106,U3,Sticker-Zen-0106_U3_Grid.png,1024,1024,2649.8,ok
Sticker-Zen-0106,U4,Sticker-Zen-0106_U4_Grid.png,1024,1024,2752.02,ok
Sticker-Zen-0107,Cover,Cover_Mockup.png,1800,1800,1457.06,ok
Sticker-Zen-0107,Production,Production_Design.png,1664,1664,1513.31,ok
Sticker-Zen-0107,U1,Sticker-Zen-0107_U1_Grid.png,1024,1024,1661.47,ok
Sticker-Zen-0107,U2,Sticker-Zen-0107_U2_Grid.png,1024,1024,1862.06,ok
Sticker-Zen-0107,U3,Sticker-Zen-0107_U3_Grid.png,1024,1024,1606.24,ok
Sticker-Zen-0107,U4,Sticker-Zen-0107_U4_Grid.png,1024,1024,1345.35,ok
Sticker-Zen-0108,Cover,Cover_Mockup.png,1800,1800,3306.24,ok
Sticker-Zen-0108,Production,Production_Design.png,1664,1664,3657.72,ok
Sticker-Zen-0108,U1,Sticker-Zen-0108_U1_Grid.png,1024,1024,3298.6,ok
Sticker-Zen-0108,U2,Sticker-Zen-0108_U2_Grid.png,1024,1024,4113.83,ok
Sticker-Zen-0108,U3,Sticker-Zen-0108_U3_Grid.png,1024,1024,3103.53,ok
Sticker-Zen-0108,U4,Sticker-Zen-0108_U4_Grid.png,1024,1024,3633.74,ok
Sticker-Zen-0109,Cover,Cover_Mockup.png,1800,1800,1898.08,ok
Sticker-Zen-0109,Production,Production_Design.png,1664,1664,2101.15,ok
Sticker-Zen-0109,U1,Sticker-Zen-0109_U1_Grid.png,1024,1024,2588.58,ok
Sticker-Zen-0109,U2,Sticker-Zen-0109_U2_Grid.png,1024,1024,2114.89,ok
Sticker-Zen-0109,U3,Sticker-Zen-0109_U3_Grid.png,1024,1024,1739.36,ok
Sticker-Zen-0109,U4,Sticker-Zen-0109_U4_Grid.png,1024,1024,1805.79,ok
Sticker-Zen-0110,Cover,Cover_Mockup.png,1800,1800,1114.74,ok
Sticker-Zen-0110,Production,Production_Design.png,1664,1664,827.78,ok
Sticker-Zen-0110,U1,Sticker-Zen-0110_U1_Grid.png,1024,1024,741.94,ok
Sticker-Zen-0110,U2,Sticker-Zen-0110_U2_Grid.png,1024,1024,1646.95,ok
Sticker-Zen-0110,U3,Sticker-Zen-0110_U3_Grid.png,1024,1024,1391.61,ok
Sticker-Zen-0110,U4,Sticker-Zen-0110_U4_Grid.png,1024,1024,1168.36,ok
Sticker-Zen-0111,Cover,Cover_Mockup.png,1800,1800,1351.87,ok
Sticker-Zen-0111,Production,Production_Design.png,1664,1664,1524.1,ok
Sticker-Zen-0111,U1,Sticker-Zen-0111_U1_Grid.png,1024,1024,779.42,ok
Sticker-Zen-0111,U2,Sticker-Zen-0111_U2_Grid.png,1024,1024,1205.43,ok
Sticker-Zen-0111,U3,Sticker-Zen-0111_U3_Grid.png,1024,1024,2171.98,ok
Sticker-Zen-0111,U4,Sticker-Zen-0111_U4_Grid.png,1024,1024,1628.99,ok
Sticker-Zen-0112,Cover,Cover_Mockup.png,1800,1800,2568.73,ok
Sticker-Zen-0112,Production,Production_Design.png,1664,1664,2735.82,ok
Sticker-Zen-0112,U1,Sticker-Zen-0112_U1_Grid.png,1024,1024,2300.85,ok
Sticker-Zen-0112,U2,Sticker-Zen-0112_U2_Grid.png,1024,1024,2448.88,ok
Sticker-Zen-0112,U3,Sticker-Zen-0112_U3_Grid.png,1024,1024,2681.18,ok
Sticker-Zen-0112,U4,Sticker-Zen-0112_U4_Grid.png,1024,1024,3990.75,ok
Sticker-Zen-0113,Cover,Cover_Mockup.png,1800,1800,2003.79,ok
Sticker-Zen-0113,Production,Production_Design.png,1664,1664,2162.03,ok
Sticker-Zen-0113,U1,Sticker-Zen-0113_U1_Grid.png,1024,1024,1957.53,ok
Sticker-Zen-0113,U2,Sticker-Zen-0113_U2_Grid.png,1024,1024,2979.43,ok
Sticker-Zen-0113,U3,Sticker-Zen-0113_U3_Grid.png,1024,1024,2730.61,ok
Sticker-Zen-0113,U4,Sticker-Zen-0113_U4_Grid.png,1024,1024,1376.89,ok
Sticker-Zen-0114,Cover,Cover_Mockup.png,1800,1800,1648.65,ok
Sticker-Zen-0114,Production,Production_Design.png,1664,1664,1855.26,ok
Sticker-Zen-0114,U1,Sticker-Zen-0114_U1_Grid.png,1024,1024,2264.33,ok
Sticker-Zen-0114,U2,Sticker-Zen-0114_U2_Grid.png,1024,1024,2184.09,ok
Sticker-Zen-0114,U3,Sticker-Zen-0114_U3_Grid.png,1024,1024,1025.51,ok
Sticker-Zen-0114,U4,Sticker-Zen-0114_U4_Grid.png,1024,1024,1162.42,ok
Sticker-Zen-0115,Cover,Cover_Mockup.png,1800,1800,2225.25,ok
Sticker-Zen-0115,Production,Production_Design.png,1664,1664,2501.35,ok
Sticker-Zen-0115,U1,Sticker-Zen-0115_U1_Grid.png,1024,1024,1010.1,ok
Sticker-Zen-0115,U2,Sticker-Zen-0115_U2_Grid.png,1024,1024,2397.34,ok
Sticker-Zen-0115,U3,Sticker-Zen-0115_U3_Grid.png,1024,1024,3379.77,ok
Sticker-Zen-0115,U4,Sticker-Zen-0115_U4_Grid.png,1024,1024,2480.24,ok
Sticker-Zen-0116,Cover,Cover_Mockup.png,1800,1800,147.75,ok
Sticker-Zen-0116,Production,Production_Design.png,1664,1664,161.96,ok
Sticker-Zen-0116,U1,Sticker-Zen-0116_U1_Grid.png,256,256,1078.62,low_resolution
Sticker-Zen-0116,U2,Sticker-Zen-0116_U2_Grid.png,256,256,1144.66,low_resolution
Sticker-Zen-0116,U3,Sticker-Zen-0116_U3_Grid.png,256,256,1151.67,low_resolution
Sticker-Zen-0116,U4,Sticker-Zen-0116_U4_Grid.png,256,256,1180.16,low_resolution
Sticker-Zen-0117,Cover,Cover_Mockup.png,1800,1800,1125.31,ok
Sticker-Zen-0117,Production,Production_Design.png,1664,1664,1226.64,ok
Sticker-Zen-0117,U1,Sticker-Zen-0117_U1_Grid.png,1024,1024,973.79,ok
Sticker-Zen-0117,U2,Sticker-Zen-0117_U2_Grid.png,1024,1024,1035.31,ok
Sticker-Zen-0117,U3,Sticker-Zen-0117_U3_Grid.png,1024,1024,798.47,ok
Sticker-Zen-0117,U4,Sticker-Zen-0117_U4_Grid.png,1024,1024,1765.48,ok
Sticker-Zen-0118,Cover,Cover_Mockup.png,1800,1800,155.45,ok
Sticker-Zen-0118,Production,Production_Design.png,1664,1664,152.85,ok
Sticker-Zen-0118,U1,Sticker-Zen-0118_U1_Grid.png,256,256,911.84,low_resolution
Sticker-Zen-0118,U2,Sticker-Zen-0118_U2_Grid.png,256,256,975.97,low_resolution
Sticker-Zen-0118,U3,Sticker-Zen-0118_U3_Grid.png,256,256,932.12,low_resolution
Sticker-Zen-0118,U4,Sticker-Zen-0118_U4_Grid.png,256,256,773.82,low_resolution
Sticker-Zen-0120,Cover,Cover_Mockup.png,1800,1800,145.63,ok
Sticker-Zen-0120,Production,Production_Design.png,1664,1664,157.68,ok
Sticker-Zen-0120,U1,Sticker-Zen-0120_U1_Grid.png,256,256,1009.47,low_resolution
Sticker-Zen-0120,U2,Sticker-Zen-0120_U2_Grid.png,256,256,1004.36,low_resolution
Sticker-Zen-0120,U3,Sticker-Zen-0120_U3_Grid.png,256,256,1002.37,low_resolution
Sticker-Zen-0120,U4,Sticker-Zen-0120_U4_Grid.png,256,256,1000.94,low_resolution
Sticker-Zen-0121,Cover,Cover_Mockup.png,1800,1800,146.06,ok
Sticker-Zen-0121,Production,Production_Design.png,1664,1664,158.65,ok
Sticker-Zen-0121,U1,Sticker-Zen-0121_U1_Grid.png,256,256,1015.4,low_resolution
Sticker-Zen-0121,U2,Sticker-Zen-0121_U2_Grid.png,256,256,1024.67,low_resolution
Sticker-Zen-0121,U3,Sticker-Zen-0121_U3_Grid.png,256,256,1006.87,low_resolution
Sticker-Zen-0121,U4,Sticker-Zen-0121_U4_Grid.png,256,256,1062.25,low_resolution
Sticker-Zen-0122,Cover,Cover_Mockup.png,1800,1800,183.16,ok
Sticker-Zen-0122,Production,Production_Design.png,1664,1664,191.16,ok
Sticker-Zen-0122,U1,Sticker-Zen-0122_U1_Grid.png,256,256,2624.12,low_resolution
Sticker-Zen-0122,U2,Sticker-Zen-0122_U2_Grid.png,256,256,2302.4,low_resolution
Sticker-Zen-0122,U3,Sticker-Zen-0122_U3_Grid.png,256,256,1776.11,low_resolution
Sticker-Zen-0122,U4,Sticker-Zen-0122_U4_Grid.png,256,256,1987.49,low_resolution
Sticker-Zen-0123,Cover,Cover_Mockup.png,1800,1800,2394.4,ok
Sticker-Zen-0123,Production,Production_Design.png,1664,1664,2680.35,ok
Sticker-Zen-0123,U1,Sticker-Zen-0123_U1_Grid.png,1024,1024,3055.8,ok
Sticker-Zen-0123,U2,Sticker-Zen-0123_U2_Grid.png,1024,1024,2850.83,ok
Sticker-Zen-0123,U3,Sticker-Zen-0123_U3_Grid.png,1024,1024,2086.35,ok
Sticker-Zen-0123,U4,Sticker-Zen-0123_U4_Grid.png,1024,1024,2530.16,ok
Sticker-Zen-0124,Cover,Cover_Mockup.png,1800,1800,146.76,ok
Sticker-Zen-0124,Production,Production_Design.png,1664,1664,164.39,ok
Sticker-Zen-0124,U1,Sticker-Zen-0124_U1_Grid.png,256,256,973.51,low_resolution
Sticker-Zen-0124,U2,Sticker-Zen-0124_U2_Grid.png,256,256,1041.34,low_resolution
Sticker-Zen-0124,U3,Sticker-Zen-0124_U3_Grid.png,256,256,972.33,low_resolution
Sticker-Zen-0124,U4,Sticker-Zen-0124_U4_Grid.png,256,256,976.59,low_resolution
Sticker-Zen-0125,Cover,Cover_Mockup.png,1800,1800,195.78,ok
Sticker-Zen-0125,Production,Production_Design.png,1664,1664,200.38,ok
Sticker-Zen-0125,U1,Sticker-Zen-0125_U1_Grid.png,256,256,2046.87,low_resolution
Sticker-Zen-0125,U2,Sticker-Zen-0125_U2_Grid.png,256,256,2033.61,low_resolution
Sticker-Zen-0125,U3,Sticker-Zen-0125_U3_Grid.png,256,256,2835.95,low_resolution
Sticker-Zen-0125,U4,Sticker-Zen-0125_U4_Grid.png,256,256,2374.13,low_resolution
Sticker-Zen-0126,Cover,Cover_Mockup.png,1800,1800,2618.64,ok
Sticker-Zen-0126,Production,Production_Design.png,1664,1664,2919.5,ok
Sticker-Zen-0126,U1,Sticker-Zen-0126_U1_Grid.png,1024,1024,2121.35,ok
Sticker-Zen-0126,U2,Sticker-Zen-0126_U2_Grid.png,1024,1024,4068.4,ok
Sticker-Zen-0126,U3,Sticker-Zen-0126_U3_Grid.png,1024,1024,2874.56,ok
Sticker-Zen-0126,U4,Sticker-Zen-0126_U4_Grid.png,1024,1024,1654.44,ok
Sticker-Zen-0127,Cover,Cover_Mockup.png,1800,1800,3626.92,ok
Sticker-Zen-0127,Production,Production_Design.png,1664,1664,3610.69,ok
Sticker-Zen-0127,U1,Sticker-Zen-0127_U1_Grid.png,1024,1024,4174.26,ok
Sticker-Zen-0127,U2,Sticker-Zen-0127_U2_Grid.png,1024,1024,3978.61,ok
Sticker-Zen-0127,U3,Sticker-Zen-0127_U3_Grid.png,1024,1024,3750.28,ok
Sticker-Zen-0127,U4,Sticker-Zen-0127_U4_Grid.png,1024,1024,4028.89,ok
Sticker-Zen-0128,Cover,Cover_Mockup.png,1800,1800,2712.14,ok
Sticker-Zen-0128,Production,Production_Design.png,1664,1664,2796.09,ok
Sticker-Zen-0128,U1,Sticker-Zen-0128_U1_Grid.png,1024,1024,2214.91,ok
Sticker-Zen-0128,U2,Sticker-Zen-0128_U2_Grid.png,1024,1024,3281.25,ok
Sticker-Zen-0128,U3,Sticker-Zen-0128_U3_Grid.png,1024,1024,3402.25,ok
Sticker-Zen-0128,U4,Sticker-Zen-0128_U4_Grid.png,1024,1024,2729.3,ok
Sticker-Zen-0129,Cover,Cover_Mockup.png,1800,1800,2230.76,ok
Sticker-Zen-0129,Production,Production_Design.png,1664,1664,2322.1,ok
Sticker-Zen-0129,U1,Sticker-Zen-0129_U1_Grid.png,1024,1024,2717.45,ok
Sticker-Zen-0129,U2,Sticker-Zen-0129_U2_Grid.png,1024,1024,2333.16,ok
Sticker-Zen-0129,U3,Sticker-Zen-0129_U3_Grid.png,1024,1024,2373.11,ok
Sticker-Zen-0129,U4,Sticker-Zen-0129_U4_Grid.png,1024,1024,2302.85,ok
Sticker-Zen-0130,Cover,Cover_Mockup.png,1800,1800,1260.0,ok
Sticker-Zen-0130,Production,Production_Design.png,1664,1664,1091.15,ok
Sticker-Zen-0130,U1,Sticker-Zen-0130_U1_Grid.png,1024,1024,1160.19,ok
Sticker-Zen-0130,U2,Sticker-Zen-0130_U2_Grid.png,1024,1024,1498.87,ok
Sticker-Zen-0130,U3,Sticker-Zen-0130_U3_Grid.png,1024,1024,1662.93,ok
Sticker-Zen-0130,U4,Sticker-Zen-0130_U4_Grid.png,1024,1024,1298.2,ok
Sticker-Zen-0131,Cover,Cover_Mockup.png,1800,1800,2886.63,ok
Sticker-Zen-0131,Production,Production_Design.png,1664,1664,3179.51,ok
Sticker-Zen-0131,U1,Sticker-Zen-0131_U1_Grid.png,1024,1024,3560.24,ok
Sticker-Zen-0131,U2,Sticker-Zen-0131_U2_Grid.png,1024,1024,2998.14,ok
Sticker-Zen-0131,U3,Sticker-Zen-0131_U3_Grid.png,1024,1024,2934.99,ok
Sticker-Zen-0131,U4,Sticker-Zen-0131_U4_Grid.png,1024,1024,3331.82,ok
Sticker-Zen-0132,Cover,Cover_Mockup.png,1800,1800,2814.69,ok
Sticker-Zen-0132,Production,Production_Design.png,1664,1664,2580.84,ok
Sticker-Zen-0132,U1,Sticker-Zen-0132_U1_Grid.png,1024,1024,3126.29,ok
Sticker-Zen-0132,U2,Sticker-Zen-0132_U2_Grid.png,1024,1024,2694.27,ok
Sticker-Zen-0132,U3,Sticker-Zen-0132_U3_Grid.png,1024,1024,3240.66,ok
Sticker-Zen-0132,U4,Sticker-Zen-0132_U4_Grid.png,1024,1024,3325.06,ok
Sticker-Zen-0133,Cover,Cover_Mockup.png,1800,1800,2201.77,ok
Sticker-Zen-0133,Production,Production_Design.png,1664,1664,2414.79,ok
Sticker-Zen-0133,U1,Sticker-Zen-0133_U1_Grid.png,1024,1024,1318.5,ok
Sticker-Zen-0133,U2,Sticker-Zen-0133_U2_Grid.png,1024,1024,2618.79,ok
Sticker-Zen-0133,U3,Sticker-Zen-0133_U3_Grid.png,1024,1024,3102.24,ok
Sticker-Zen-0133,U4,Sticker-Zen-0133_U4_Grid.png,1024,1024,3093.59,ok
Sticker-Zen-0134,Cover,Cover_Mockup.png,1800,1800,2506.84,ok
Sticker-Zen-0134,Production,Production_Design.png,1664,1664,2501.67,ok
Sticker-Zen-0134,U1,Sticker-Zen-0134_U1_Grid.png,1024,1024,2703.58,ok
Sticker-Zen-0134,U2,Sticker-Zen-0134_U2_Grid.png,1024,1024,2570.59,ok
Sticker-Zen-0134,U3,Sticker-Zen-0134_U3_Grid.png,1024,1024,2707.59,ok
Sticker-Zen-0134,U4,Sticker-Zen-0134_U4_Grid.png,1024,1024,2868.11,ok
Sticker-Zen-0135,Cover,Cover_Mockup.png,1800,1800,1240.3,ok
Sticker-Zen-0135,Production,Production_Design.png,1664,1664,1315.3,ok
Sticker-Zen-0135,U1,Sticker-Zen-0135_U1_Grid.png,1024,1024,1576.95,ok
Sticker-Zen-0135,U2,Sticker-Zen-0135_U2_Grid.png,1024,1024,1393.16,ok
Sticker-Zen-0135,U3,Sticker-Zen-0135_U3_Grid.png,1024,1024,1819.67,ok
Sticker-Zen-0135,U4,Sticker-Zen-0135_U4_Grid.png,1024,1024,1168.4,ok
Sticker-Zen-0136,Cover,Cover_Mockup.png,1800,1800,2251.13,ok
Sticker-Zen-0136,Production,Production_Design.png,1664,1664,1789.57,ok
Sticker-Zen-0136,U1,Sticker-Zen-0136_U1_Grid.png,1024,1024,2146.21,ok
Sticker-Zen-0136,U2,Sticker-Zen-0136_U2_Grid.png,1024,1024,2632.26,ok
Sticker-Zen-0136,U3,Sticker-Zen-0136_U3_Grid.png,1024,1024,3139.13,ok
Sticker-Zen-0136,U4,Sticker-Zen-0136_U4_Grid.png,1024,1024,1905.04,ok
Sticker-Zen-0138,Cover,Cover_Mockup.png,1800,1800,638.44,ok
Sticker-Zen-0138,Production,Production_Design.png,1664,1664,708.87,ok
Sticker-Zen-0138,U1,Sticker-Zen-0138_U1_Grid.png,1024,1024,693.73,ok
Sticker-Zen-0138,U2,Sticker-Zen-0138_U2_Grid.png,1024,1024,850.3,ok
Sticker-Zen-0138,U3,Sticker-Zen-0138_U3_Grid.png,1024,1024,794.67,ok
Sticker-Zen-0138,U4,Sticker-Zen-0138_U4_Grid.png,1024,1024,759.1,ok
Sticker-Zen-0139,Cover,Cover_Mockup.png,1800,1800,1960.92,ok
Sticker-Zen-0139,Production,Production_Design.png,1664,1664,1158.67,ok
Sticker-Zen-0139,U1,Sticker-Zen-0139_U1_Grid.png,1024,1024,2017.58,ok
Sticker-Zen-0139,U2,Sticker-Zen-0139_U2_Grid.png,1024,1024,2116.94,ok
Sticker-Zen-0139,U3,Sticker-Zen-0139_U3_Grid.png,1024,1024,2641.84,ok
Sticker-Zen-0139,U4,Sticker-Zen-0139_U4_Grid.png,1024,1024,1988.15,ok
Sticker-Zen-0140,Cover,Cover_Mockup.png,1800,1800,155.3,ok
Sticker-Zen-0140,Production,Production_Design.png,1664,1664,156.91,ok
Sticker-Zen-0140,U1,Sticker-Zen-0140_U1_Grid.png,256,256,770.75,low_resolution
Sticker-Zen-0140,U2,Sticker-Zen-0140_U2_Grid.png,256,256,872.88,low_resolution
Sticker-Zen-0140,U3,Sticker-Zen-0140_U3_Grid.png,256,256,999.88,low_resolution
Sticker-Zen-0140,U4,Sticker-Zen-0140_U4_Grid.png,256,256,808.73,low_resolution
Sticker-Zen-0144,Cover,Cover_Mockup.png,1800,1800,145.16,ok
Sticker-Zen-0144,Production,Production_Design.png,1664,1664,157.17,ok
Sticker-Zen-0144,U1,Sticker-Zen-0144_U1_Grid.png,256,256,996.61,low_resolution
Sticker-Zen-0144,U2,Sticker-Zen-0144_U2_Grid.png,256,256,996.2,low_resolution
Sticker-Zen-0144,U3,Sticker-Zen-0144_U3_Grid.png,256,256,996.06,low_resolution
Sticker-Zen-0144,U4,Sticker-Zen-0144_U4_Grid.png,256,256,1004.51,low_resolution
Sticker-Zen-0150,Cover,Cover_Mockup.png,1800,1800,1207.98,ok
Sticker-Zen-0150,Production,Production_Design.png,1664,1664,1207.81,ok
Sticker-Zen-0150,U1,Sticker-Zen-0150_U1_Grid.png,1024,1024,1253.05,ok
Sticker-Zen-0150,U2,Sticker-Zen-0150_U2_Grid.png,1024,1024,1626.55,ok
Sticker-Zen-0150,U3,Sticker-Zen-0150_U3_Grid.png,1024,1024,1512.91,ok
Sticker-Zen-0150,U4,Sticker-Zen-0150_U4_Grid.png,1024,1024,1534.48,ok
Sticker-Zen-0151,Cover,Cover_Mockup.png,1800,1800,1752.17,ok
Sticker-Zen-0151,Production,Production_Design.png,1664,1664,1882.23,ok
Sticker-Zen-0151,U1,Sticker-Zen-0151_U1_Grid.png,1024,1024,1870.47,ok
Sticker-Zen-0151,U2,Sticker-Zen-0151_U2_Grid.png,1024,1024,1979.02,ok
Sticker-Zen-0151,U3,Sticker-Zen-0151_U3_Grid.png,1024,1024,1874.45,ok
Sticker-Zen-0151,U4,Sticker-Zen-0151_U4_Grid.png,1024,1024,2207.5,ok
Sticker-Zen-0152,Cover,Cover_Mockup.png,1800,1800,378.01,ok
Sticker-Zen-0152,Production,Production_Design.png,1664,1664,407.87,ok
Sticker-Zen-0152,U1,Sticker-Zen-0152_U1_Grid.png,256,256,4986.41,low_resolution
Sticker-Zen-0152,U2,Sticker-Zen-0152_U2_Grid.png,256,256,5624.71,low_resolution
Sticker-Zen-0152,U3,Sticker-Zen-0152_U3_Grid.png,256,256,4800.37,low_resolution
Sticker-Zen-0152,U4,Sticker-Zen-0152_U4_Grid.png,256,256,4312.02,low_resolution
Sticker-Zen-0153,Cover,Cover_Mockup.png,1800,1800,833.97,ok
Sticker-Zen-0153,Production,Production_Design.png,1664,1664,790.29,ok
Sticker-Zen-0153,U1,Sticker-Zen-0153_U1_Grid.png,1024,1024,981.58,ok
Sticker-Zen-0153,U2,Sticker-Zen-0153_U2_Grid.png,1024,1024,983.82,ok
Sticker-Zen-0153,U3,Sticker-Zen-0153_U3_Grid.png,1024,1024,1227.24,ok
Sticker-Zen-0153,U4,Sticker-Zen-0153_U4_Grid.png,1024,1024,682.33,ok
Sticker-Zen-0154,Cover,Cover_Mockup.png,1800,1800,1241.84,ok
Sticker-Zen-0154,Production,Production_Design.png,1664,1664,1358.05,ok
Sticker-Zen-0154,U1,Sticker-Zen-0154_U1_Grid.png,1024,1024,1349.76,ok
Sticker-Zen-0154,U2,Sticker-Zen-0154_U2_Grid.png,1024,1024,1251.1,ok
Sticker-Zen-0154,U3,Sticker-Zen-0154_U3_Grid.png,1024,1024,1147.84,ok
Sticker-Zen-0154,U4,Sticker-Zen-0154_U4_Grid.png,1024,1024,1899.85,ok
Sticker-Zen-0155,Cover,Cover_Mockup.png,1800,1800,785.08,ok
Sticker-Zen-0155,Production,Production_Design.png,1664,1664,806.61,ok
Sticker-Zen-0155,U1,Sticker-Zen-0155_U1_Grid.png,1024,1024,741.49,ok
Sticker-Zen-0155,U2,Sticker-Zen-0155_U2_Grid.png,1024,1024,843.09,ok
Sticker-Zen-0155,U3,Sticker-Zen-0155_U3_Grid.png,1024,1024,1009.19,ok
Sticker-Zen-0155,U4,Sticker-Zen-0155_U4_Grid.png,1024,1024,1114.17,ok
Sticker-Zen-0156,Cover,Cover_Mockup.png,1800,1800,2144.57,ok
Sticker-Zen-0156,Production,Production_Design.png,1664,1664,2306.6,ok
Sticker-Zen-0156,U1,Sticker-Zen-0156_U1_Grid.png,1024,1024,2612.94,ok
Sticker-Zen-0156,U2,Sticker-Zen-0156_U2_Grid.png,1024,1024,2503.39,ok
Sticker-Zen-0156,U3,Sticker-Zen-0156_U3_Grid.png,1024,1024,2653.43,ok
Sticker-Zen-0156,U4,Sticker-Zen-0156_U4_Grid.png,1024,1024,2432.67,ok
Sticker-Zen-0157,Cover,Cover_Mockup.png,1800,1800,1650.1,ok
Sticker-Zen-0157,Production,Production_Design.png,1664,1664,1680.11,ok
Sticker-Zen-0157,U1,Sticker-Zen-0157_U1_Grid.png,1024,1024,2542.85,ok
Sticker-Zen-0157,U2,Sticker-Zen-0157_U2_Grid.png,1024,1024,1336.25,ok
Sticker-Zen-0157,U3,Sticker-Zen-0157_U3_Grid.png,1024,1024,2010.16,ok
Sticker-Zen-0157,U4,Sticker-Zen-0157_U4_Grid.png,1024,1024,1593.12,ok
Sticker-Zen-0158,Cover,Cover_Mockup.png,1800,1800,3210.32,ok
Sticker-Zen-0158,Production,Production_Design.png,1664,1664,3543.49,ok
Sticker-Zen-0158,U1,Sticker-Zen-0158_U1_Grid.png,1024,1024,5359.79,ok
Sticker-Zen-0158,U2,Sticker-Zen-0158_U2_Grid.png,1024,1024,2303.03,ok
Sticker-Zen-0158,U3,Sticker-Zen-0158_U3_Grid.png,1024,1024,3076.79,ok
Sticker-Zen-0158,U4,Sticker-Zen-0158_U4_Grid.png,1024,1024,3436.77,ok
Sticker-Zen-0159,Cover,Cover_Mockup.png,1800,1800,1800.23,ok
Sticker-Zen-0159,Production,Production_Design.png,1664,1664,1878.54,ok
Sticker-Zen-0159,U1,Sticker-Zen-0159_U1_Grid.png,1024,1024,2157.8,ok
Sticker-Zen-0159,U2,Sticker-Zen-0159_U2_Grid.png,1024,1024,2263.33,ok
Sticker-Zen-0159,U3,Sticker-Zen-0159_U3_Grid.png,1024,1024,2022.96,ok
Sticker-Zen-0159,U4,Sticker-Zen-0159_U4_Grid.png,1024,1024,2019.27,ok
Sticker-Zen-0160,Cover,Cover_Mockup.png,1800,1800,1490.55,ok
Sticker-Zen-0160,Production,Production_Design.png,1664,1664,1563.72,ok
Sticker-Zen-0160,U1,Sticker-Zen-0160_U1_Grid.png,1024,1024,2225.72,ok
Sticker-Zen-0160,U2,Sticker-Zen-0160_U2_Grid.png,1024,1024,1795.23,ok
Sticker-Zen-0160,U3,Sticker-Zen-0160_U3_Grid.png,1024,1024,1669.32,ok
Sticker-Zen-0160,U4,Sticker-Zen-0160_U4_Grid.png,1024,1024,1623.64,ok
