Priority,ID,Product_Type,Category,Action_Bucket,Recommended_Action,Reason,Network_Dependency,Can_Do_Now,eBay_Item_ID,Latest_Views_30_Days,Etsy_Planned
90,Acrylic-Academia-0003,Acrylic,Academia,Hold,QA_HOLD_OR_REBUILD,Local QA issue: missing_image_note,local,True,406902703464,0,False
90,Acrylic-Academia-0003-GALLERYFIX1,Acrylic,Academia,Hold,QA_HOLD_OR_REBUILD,Local QA issue: missing_image_note,local,True,406911883288,,False
90,Acrylic-Academia-0005,Acrylic,Academia,Published_Zero_View_Copy_Ad_Review,QA_HOLD_OR_REBUILD,Local QA issue: missing_image_note,local,True,406903039716,0,True
90,Acrylic-Grimdark-0001,Acrylic,Grimdark,Published_Zero_View_Copy_Ad_Review,QA_HOLD_OR_REBUILD,Local QA issue: missing_image_note,local,True,406903249745,0,False
90,Acrylic-Grimdark-0004,Acrylic,Grimdark,Published_Zero_View_Copy_Ad_Review,QA_HOLD_OR_REBUILD,Local QA issue: missing_image_note,local,True,406903250705,0,False
90,Acrylic-Grimdark-0005,Acrylic,Grimdark,Published_Zero_View_Copy_Ad_Review,QA_HOLD_OR_REBUILD,Local QA issue: missing_image_note,local,True,406903251829,0,False
90,Acrylic-Grimdark-0008,Acrylic,Grimdark,Published_Zero_View_Copy_Ad_Review,QA_HOLD_OR_REBUILD,Local QA issue: missing_image_note,local,True,406903746215,0,False
90,Acrylic-Grimdark-0010,Acrylic,Grimdark,Published_Zero_View_Copy_Ad_Review,QA_HOLD_OR_REBUILD,Local QA issue: missing_image_note,local,True,406903756190,0,False
90,Acrylic-Grimdark-0014,Acrylic,Grimdark,Hold,QA_HOLD_OR_REBUILD,Local QA issue: missing_image_note,local,True,406909159060,,False
90,Acrylic-Grimdark-0016,Acrylic,Grimdark,Hold,QA_HOLD_OR_REBUILD,Local QA issue: missing_image_note,local,True,406909215172,,False
90,Acrylic-Grimdark-0019,Acrylic,Grimdark,Hold,QA_HOLD_OR_REBUILD,Local QA issue: missing_image_note,local,True,406909223875,,False
90,Acrylic-Grimdark-0027,Acrylic,Grimdark,Hold,QA_HOLD_OR_REBUILD,Local QA issue: missing_image_note,local,True,406909233684,,False
90,Acrylic-Grimdark-0030,Acrylic,Grimdark,Hold,QA_HOLD_OR_REBUILD,Local QA issue: missing_image_note,local,True,406909235356,,False
90,Acrylic-Grimdark-0031,Acrylic,Grimdark,Hold,QA_HOLD_OR_REBUILD,Local QA issue: missing_image_note,local,True,406909236640,,False
90,Acrylic-Grimdark-0033,Acrylic,Grimdark,Hold,QA_HOLD_OR_REBUILD,Local QA issue: missing_image_note,local,True,406909240724,,False
90,Acrylic-Grimdark-0035,Acrylic,Grimdark,Hold,QA_HOLD_OR_REBUILD,Local QA issue: missing_image_note,local,True,406909243824,,False
90,Acrylic-Grimdark-0038,Acrylic,Grimdark,Hold,QA_HOLD_OR_REBUILD,Local QA issue: missing_image_note,local,True,406910074365,,False
90,Acrylic-Grimdark-0039,Acrylic,Grimdark,Hold,QA_HOLD_OR_REBUILD,Local QA issue: missing_image_note,local,True,406910075457,,False
90,Acrylic-Grimdark-0040,Acrylic,Grimdark,Hold,QA_HOLD_OR_REBUILD,Local QA issue: missing_image_note,local,True,406910076542,,False
90,Acrylic-Grimdark-0081,Acrylic,Grimdark,Hold,QA_HOLD_OR_REBUILD,Local QA issue: missing_image_note,local,True,406902606976,0,False
90,Acrylic-Grimdark-0081-FIX1,Acrylic,Grimdark,Hold,QA_HOLD_OR_REBUILD,Local QA issue: missing_image_note,local,True,406911568594,,False
90,Acrylic-Grimdark-0082,Acrylic,Grimdark,Hold,QA_HOLD_OR_REBUILD,Local QA issue: missing_image_note,local,True,406902633400,0,False
90,Acrylic-Grimdark-0083,Acrylic,Grimdark,Hold,QA_HOLD_OR_REBUILD,Local QA issue: missing_image_note,local,True,406902885214,0,False
90,Acrylic-Grimdark-0085,Acrylic,Grimdark,Published_Zero_View_Copy_Ad_Review,QA_HOLD_OR_REBUILD,Local QA issue: missing_image_note,local,True,406903043482,0,False
90,Acrylic-Zen-0001,Acrylic,Zen,Etsy_Draft_Prepared,QA_HOLD_OR_REBUILD,Local QA issue: missing_image_note,local,True,406902620519,0,True
90,Acrylic-Zen-0001-FIX1,Acrylic,Zen,Hold,QA_HOLD_OR_REBUILD,Local QA issue: missing_image_note,local,True,406911574121,,False
90,Acrylic-Zen-0002,Acrylic,Zen,Etsy_Draft_Prepared,QA_HOLD_OR_REBUILD,Local QA issue: missing_image_note,local,True,406902657898,0,True
90,Acrylic-Zen-0003,Acrylic,Zen,Hold,QA_HOLD_OR_REBUILD,Local QA issue: missing_image_note,local,True,406902673249,0,False
90,Acrylic-Zen-0005,Acrylic,Zen,Hold,QA_HOLD_OR_REBUILD,Local QA issue: missing_image_note,local,True,406902893289,0,False
90,Acrylic-Zen-0006,Acrylic,Zen,Etsy_Draft_Prepared,QA_HOLD_OR_REBUILD,Local QA issue: missing_image_note,local,True,406902898909,2,True
90,Acrylic-Zen-0007,Acrylic,Zen,Etsy_Draft_Prepared,QA_HOLD_OR_REBUILD,Local QA issue: missing_image_note,local,True,406903028253,0,True
90,Acrylic-Zen-0008,Acrylic,Zen,Hold,QA_HOLD_OR_REBUILD,Local QA issue: missing_image_note,local,True,406903036452,0,False
90,Acrylic-Zen-0009,Acrylic,Zen,Published_Zero_View_Copy_Ad_Review,QA_HOLD_OR_REBUILD,Local QA issue: missing_image_note,local,True,406903047385,0,False
90,Acrylic-Zen-0010,Acrylic,Zen,Published_Zero_View_Copy_Ad_Review,QA_HOLD_OR_REBUILD,Local QA issue: missing_image_note,local,True,406903213858,0,False
90,Poster-Academia-0002,Poster,Academia,Published_Zero_View_Copy_Ad_Review,QA_HOLD_OR_REBUILD,Local QA issue: missing_image_note,local,True,406902600741,0,False
90,Poster-Academia-0003,Poster,Academia,Etsy_Draft_Prepared,QA_HOLD_OR_REBUILD,Local QA issue: missing_image_note,local,True,406902616799,0,True
90,Poster-Academia-0003-FIX1,Poster,Academia,Hold,QA_HOLD_OR_REBUILD,Local QA issue: missing_image_note,local,True,406911598735,,False
90,Poster-Academia-0005,Poster,Academia,Published_Zero_View_Copy_Ad_Review,QA_HOLD_OR_REBUILD,Local QA issue: missing_image_note,local,True,406903038850,0,False
90,Poster-Academia-0006,Poster,Academia,Published_Zero_View_Copy_Ad_Review,QA_HOLD_OR_REBUILD,Local QA issue: missing_image_note,local,True,406903042690,0,True
90,Poster-Academia-0008,Poster,Academia,Published_Zero_View_Copy_Ad_Review,QA_HOLD_OR_REBUILD,Local QA issue: missing_image_note,local,True,406903046097,0,True
90,Poster-Academia-0009,Poster,Academia,Published_Zero_View_Copy_Ad_Review,QA_HOLD_OR_REBUILD,Local QA issue: missing_image_note,local,True,406903209258,0,False
90,Poster-Academia-0010,Poster,Academia,Published_Zero_View_Copy_Ad_Review,QA_HOLD_OR_REBUILD,Local QA issue: missing_image_note,local,True,406903249496,0,False
90,Poster-Academia-0011,Poster,Academia,Published_Zero_View_Copy_Ad_Review,QA_HOLD_OR_REBUILD,Local QA issue: missing_image_note,local,True,406903250376,0,True
90,Poster-Academia-0013,Poster,Academia,Published_Zero_View_Copy_Ad_Review,QA_HOLD_OR_REBUILD,Local QA issue: missing_image_note,local,True,406903251282,0,True
90,Poster-Academia-0019,Poster,Academia,Published_Zero_View_Copy_Ad_Review,QA_HOLD_OR_REBUILD,Local QA issue: missing_image_note,local,True,406903744471,0,False
90,Poster-Academia-0021,Poster,Academia,Published_Zero_View_Copy_Ad_Review,QA_HOLD_OR_REBUILD,Local QA issue: corrupt_production,local,True,406903754696,0,True
90,Poster-Academia-0036,Poster,Academia,Hold,QA_HOLD_OR_REBUILD,Local QA issue: missing_image_note,local,True,406909472775,,False
90,Poster-Academia-0083,Poster,Academia,Etsy_Draft_Prepared,QA_HOLD_OR_REBUILD,Local QA issue: missing_image_note,local,True,406902669660,0,True
90,Poster-Academia-0084,Poster,Academia,Hold,QA_HOLD_OR_REBUILD,Local QA issue: missing_image_note,local,True,406902691983,0,False
90,Poster-Academia-0091,Poster,Academia,Etsy_Draft_Prepared,QA_HOLD_OR_REBUILD,Local QA issue: missing_image_note,local,True,406902887127,0,True
90,Poster-Zen-0001,Poster,Zen,Hold,QA_HOLD_OR_REBUILD,Local QA issue: missing_image_note,local,True,406902890971,0,False
90,Poster-Zen-0002,Poster,Zen,Etsy_Draft_Prepared,QA_HOLD_OR_REBUILD,Local QA issue: missing_image_note,local,True,406902897663,0,True
90,Poster-Zen-0004,Poster,Zen,Etsy_Draft_Prepared,QA_HOLD_OR_REBUILD,Local QA issue: missing_image_note,local,True,406903026999,0,True
90,Poster-Zen-0005,Poster,Zen,Hold,QA_HOLD_OR_REBUILD,Local QA issue: missing_image_note,local,True,406903033377,0,False
90,Sticker-Academia-0001,Sticker,Academia,Hold,QA_HOLD_OR_REBUILD,Local QA issue: missing_cover; missing_gallery,local,True,,,False
90,Sticker-Academia-0002,Sticker,Academia,Hold,QA_HOLD_OR_REBUILD,Local QA issue: missing_cover; missing_gallery,local,True,,,False
90,Sticker-Academia-0003,Sticker,Academia,Hold,QA_HOLD_OR_REBUILD,Local QA issue: missing_cover; missing_gallery,local,True,,,False
90,Sticker-Academia-0005-FIX2,Sticker,Academia,Fix_Gallery_First,QA_HOLD_OR_REBUILD,Local QA issue: missing_gallery,local,True,406909061109,,False
90,Sticker-Academia-0013,Sticker,Academia,Hold,QA_HOLD_OR_REBUILD,Local QA issue: missing_cover; missing_gallery,local,True,,,False
90,Sticker-Zen-0006,Sticker,Zen,Hold,QA_HOLD_OR_REBUILD,Local QA issue: missing_cover; missing_gallery,local,True,,,False
90,Sticker-Zen-0021,Sticker,Zen,Hold,QA_HOLD_OR_REBUILD,Local QA issue: missing_cover; missing_gallery,local,True,,,False
90,Sticker-Zen-0023,Sticker,Zen,Hold,QA_HOLD_OR_REBUILD,Local QA issue: missing_cover; missing_gallery,local,True,,,False
90,Sticker-Zen-0028,Sticker,Zen,Hold,QA_HOLD_OR_REBUILD,Local QA issue: missing_cover; missing_gallery,local,True,,,False
90,Sticker-Zen-0030,Sticker,Zen,Hold,QA_HOLD_OR_REBUILD,Local QA issue: missing_cover; missing_gallery,local,True,,,False
90,Sticker-Zen-0033,Sticker,Zen,Hold,QA_HOLD_OR_REBUILD,Local QA issue: missing_cover; missing_gallery,local,True,,,False
90,Sticker-Zen-0039,Sticker,Zen,Hold,QA_HOLD_OR_REBUILD,Local QA issue: missing_cover; missing_gallery,local,True,,,False
90,Sticker-Zen-0078,Sticker,Zen,Hold,QA_HOLD_OR_REBUILD,Local QA issue: missing_cover; missing_gallery,local,True,,,False
90,Sticker-Zen-0079,Sticker,Zen,Hold,QA_HOLD_OR_REBUILD,Local QA issue: missing_cover; missing_gallery,local,True,,,False
90,Sticker-Zen-0080,Sticker,Zen,Hold,QA_HOLD_OR_REBUILD,Local QA issue: missing_cover; missing_gallery,local,True,,,False
90,Sticker-Zen-0082,Sticker,Zen,Hold,QA_HOLD_OR_REBUILD,Local QA issue: missing_cover; missing_gallery,local,True,,,False
90,Sticker-Zen-0085,Sticker,Zen,Hold,QA_HOLD_OR_REBUILD,Local QA issue: missing_cover; missing_gallery,local,True,,,False
90,Sticker-Zen-0090,Sticker,Zen,Hold,QA_HOLD_OR_REBUILD,Local QA issue: missing_cover; missing_gallery,local,True,,,False
90,Sticker-Zen-0116,Sticker,Zen,Hold,QA_HOLD_OR_REBUILD,Local QA issue: missing_cover; missing_gallery,local,True,,,False
90,Sticker-Zen-0118,Sticker,Zen,Hold,QA_HOLD_OR_REBUILD,Local QA issue: missing_cover; missing_gallery,local,True,,,False
90,Sticker-Zen-0120,Sticker,Zen,Hold,QA_HOLD_OR_REBUILD,Local QA issue: missing_cover; missing_gallery,local,True,,,False
90,Sticker-Zen-0121,Sticker,Zen,Hold,QA_HOLD_OR_REBUILD,Local QA issue: missing_cover; missing_gallery,local,True,,,False
90,Sticker-Zen-0122,Sticker,Zen,Hold,QA_HOLD_OR_REBUILD,Local QA issue: missing_cover; missing_gallery,local,True,,,False
90,Sticker-Zen-0124,Sticker,Zen,Hold,QA_HOLD_OR_REBUILD,Local QA issue: missing_cover; missing_gallery,local,True,,,False
90,Sticker-Zen-0125,Sticker,Zen,Hold,QA_HOLD_OR_REBUILD,Local QA issue: missing_cover; missing_gallery,local,True,,,False
90,Sticker-Zen-0140,Sticker,Zen,Hold,QA_HOLD_OR_REBUILD,Local QA issue: missing_cover; missing_gallery,local,True,,,False
90,Sticker-Zen-0144,Sticker,Zen,Hold,QA_HOLD_OR_REBUILD,Local QA issue: missing_cover; missing_gallery,local,True,,,False
90,Sticker-Zen-0152,Sticker,Zen,Hold,QA_HOLD_OR_REBUILD,Local QA issue: missing_cover; missing_gallery,local,True,,,False
80,Acrylic-Grimdark-0006,Acrylic,Grimdark,Published_Zero_View_Copy_Ad_Review,WAIT_24H_AFTER_2PCT_ADS_THEN_APPLY_COPY_TEST,"Published item has 0 visible views in last Seller Hub snapshot; 2% General ads are active, so wait for a cleaner baseline before editing online.",low,True,406903252506,0,False
80,Acrylic-Grimdark-0007,Acrylic,Grimdark,Published_Zero_View_Copy_Ad_Review,WAIT_24H_AFTER_2PCT_ADS_THEN_APPLY_COPY_TEST,"Published item has 0 visible views in last Seller Hub snapshot; 2% General ads are active, so wait for a cleaner baseline before editing online.",low,True,406903731967,0,False
80,Acrylic-Grimdark-0009,Acrylic,Grimdark,Published_Zero_View_Copy_Ad_Review,WAIT_24H_AFTER_2PCT_ADS_THEN_APPLY_COPY_TEST,"Published item has 0 visible views in last Seller Hub snapshot; 2% General ads are active, so wait for a cleaner baseline before editing online.",low,True,406903749989,0,False
80,Acrylic-Grimdark-0011,Acrylic,Grimdark,Published_Zero_View_Copy_Ad_Review,WAIT_24H_AFTER_2PCT_ADS_THEN_APPLY_COPY_TEST,"Published item has 0 visible views in last Seller Hub snapshot; 2% General ads are active, so wait for a cleaner baseline before editing online.",low,True,406903760725,0,False
80,Poster-Academia-0014,Poster,Academia,Published_Zero_View_Copy_Ad_Review,WAIT_24H_AFTER_2PCT_ADS_THEN_APPLY_COPY_TEST,"Published item has 0 visible views in last Seller Hub snapshot; 2% General ads are active, so wait for a cleaner baseline before editing online.",low,True,406903252244,0,False
80,Poster-Academia-0017,Poster,Academia,Published_Zero_View_Copy_Ad_Review,WAIT_24H_AFTER_2PCT_ADS_THEN_APPLY_COPY_TEST,"Published item has 0 visible views in last Seller Hub snapshot; 2% General ads are active, so wait for a cleaner baseline before editing online.",low,True,406903730229,0,False
80,Poster-Academia-0020,Poster,Academia,Published_Zero_View_Copy_Ad_Review,WAIT_24H_AFTER_2PCT_ADS_THEN_APPLY_COPY_TEST,"Published item has 0 visible views in last Seller Hub snapshot; 2% General ads are active, so wait for a cleaner baseline before editing online.",low,True,406903748661,0,False
80,Poster-Academia-0022,Poster,Academia,Published_Zero_View_Copy_Ad_Review,WAIT_24H_AFTER_2PCT_ADS_THEN_APPLY_COPY_TEST,"Published item has 0 visible views in last Seller Hub snapshot; 2% General ads are active, so wait for a cleaner baseline before editing online.",low,True,406903758348,0,False
80,Sticker-Zen-0010,Sticker,Zen,Published_Zero_View_Copy_Ad_Review,WAIT_24H_AFTER_2PCT_ADS_THEN_APPLY_COPY_TEST,"Published item has 0 visible views in last Seller Hub snapshot; 2% General ads are active, so wait for a cleaner baseline before editing online.",low,True,406892414116,0,False
70,Sticker-Zen-0083,Sticker,Zen,Stable_Draft_Publish_When_Scheduled,PUBLISH_IN_SMALL_BATCH_WHEN_NETWORK_OK,Stable Printify mockups exist; publish only via cooled scheduler and audit image order afterward.,medium,False,,,False
70,Sticker-Zen-0084,Sticker,Zen,Stable_Draft_Publish_When_Scheduled,PUBLISH_IN_SMALL_BATCH_WHEN_NETWORK_OK,Stable Printify mockups exist; publish only via cooled scheduler and audit image order afterward.,medium,False,,,False
70,Sticker-Zen-0086,Sticker,Zen,Stable_Draft_Publish_When_Scheduled,PUBLISH_IN_SMALL_BATCH_WHEN_NETWORK_OK,Stable Printify mockups exist; publish only via cooled scheduler and audit image order afterward.,medium,False,,,False
70,Sticker-Zen-0087,Sticker,Zen,Stable_Draft_Publish_When_Scheduled,PUBLISH_IN_SMALL_BATCH_WHEN_NETWORK_OK,Stable Printify mockups exist; publish only via cooled scheduler and audit image order afterward.,medium,False,,,False
70,Sticker-Zen-0088,Sticker,Zen,Stable_Draft_Publish_When_Scheduled,PUBLISH_IN_SMALL_BATCH_WHEN_NETWORK_OK,Stable Printify mockups exist; publish only via cooled scheduler and audit image order afterward.,medium,False,,,False
70,Sticker-Zen-0089,Sticker,Zen,Stable_Draft_Publish_When_Scheduled,PUBLISH_IN_SMALL_BATCH_WHEN_NETWORK_OK,Stable Printify mockups exist; publish only via cooled scheduler and audit image order afterward.,medium,False,,,False
70,Sticker-Zen-0091,Sticker,Zen,Stable_Draft_Publish_When_Scheduled,PUBLISH_IN_SMALL_BATCH_WHEN_NETWORK_OK,Stable Printify mockups exist; publish only via cooled scheduler and audit image order afterward.,medium,False,,,False
70,Sticker-Zen-0092,Sticker,Zen,Stable_Draft_Publish_When_Scheduled,PUBLISH_IN_SMALL_BATCH_WHEN_NETWORK_OK,Stable Printify mockups exist; publish only via cooled scheduler and audit image order afterward.,medium,False,,,False
70,Sticker-Zen-0093,Sticker,Zen,Stable_Draft_Publish_When_Scheduled,PUBLISH_IN_SMALL_BATCH_WHEN_NETWORK_OK,Stable Printify mockups exist; publish only via cooled scheduler and audit image order afterward.,medium,False,,,False
70,Sticker-Zen-0094,Sticker,Zen,Stable_Draft_Publish_When_Scheduled,PUBLISH_IN_SMALL_BATCH_WHEN_NETWORK_OK,Stable Printify mockups exist; publish only via cooled scheduler and audit image order afterward.,medium,False,,,False
60,Sticker-Zen-0095,Sticker,Zen,Ready_For_Printify_When_Network_OK,UPLOAD_TO_PRINTIFY_SINGLE_ITEM_BATCH,Local assets are ready but network-dependent upload remains pending.,high,False,,,False
60,Sticker-Zen-0096,Sticker,Zen,Ready_For_Printify_When_Network_OK,UPLOAD_TO_PRINTIFY_SINGLE_ITEM_BATCH,Local assets are ready but network-dependent upload remains pending.,high,False,,,False
60,Sticker-Zen-0097,Sticker,Zen,Ready_For_Printify_When_Network_OK,UPLOAD_TO_PRINTIFY_SINGLE_ITEM_BATCH,Local assets are ready but network-dependent upload remains pending.,high,False,,,False
60,Sticker-Zen-0098,Sticker,Zen,Ready_For_Printify_When_Network_OK,UPLOAD_TO_PRINTIFY_SINGLE_ITEM_BATCH,Local assets are ready but network-dependent upload remains pending.,high,False,,,False
60,Sticker-Zen-0099,Sticker,Zen,Ready_For_Printify_When_Network_OK,UPLOAD_TO_PRINTIFY_SINGLE_ITEM_BATCH,Local assets are ready but network-dependent upload remains pending.,high,False,,,False
60,Sticker-Zen-0100,Sticker,Zen,Ready_For_Printify_When_Network_OK,UPLOAD_TO_PRINTIFY_SINGLE_ITEM_BATCH,Local assets are ready but network-dependent upload remains pending.,high,False,,,False
60,Sticker-Zen-0101,Sticker,Zen,Ready_For_Printify_When_Network_OK,UPLOAD_TO_PRINTIFY_SINGLE_ITEM_BATCH,Local assets are ready but network-dependent upload remains pending.,high,False,,,False
60,Sticker-Zen-0102,Sticker,Zen,Ready_For_Printify_When_Network_OK,UPLOAD_TO_PRINTIFY_SINGLE_ITEM_BATCH,Local assets are ready but network-dependent upload remains pending.,high,False,,,False
60,Sticker-Zen-0103,Sticker,Zen,Ready_For_Printify_When_Network_OK,UPLOAD_TO_PRINTIFY_SINGLE_ITEM_BATCH,Local assets are ready but network-dependent upload remains pending.,high,False,,,False
60,Sticker-Zen-0104,Sticker,Zen,Ready_For_Printify_When_Network_OK,UPLOAD_TO_PRINTIFY_SINGLE_ITEM_BATCH,Local assets are ready but network-dependent upload remains pending.,high,False,,,False
60,Sticker-Zen-0105,Sticker,Zen,Ready_For_Printify_When_Network_OK,UPLOAD_TO_PRINTIFY_SINGLE_ITEM_BATCH,Local assets are ready but network-dependent upload remains pending.,high,False,,,False
60,Sticker-Zen-0106,Sticker,Zen,Ready_For_Printify_When_Network_OK,UPLOAD_TO_PRINTIFY_SINGLE_ITEM_BATCH,Local assets are ready but network-dependent upload remains pending.,high,False,,,False
60,Sticker-Zen-0107,Sticker,Zen,Ready_For_Printify_When_Network_OK,UPLOAD_TO_PRINTIFY_SINGLE_ITEM_BATCH,Local assets are ready but network-dependent upload remains pending.,high,False,,,False
60,Sticker-Zen-0108,Sticker,Zen,Ready_For_Printify_When_Network_OK,UPLOAD_TO_PRINTIFY_SINGLE_ITEM_BATCH,Local assets are ready but network-dependent upload remains pending.,high,False,,,False
60,Sticker-Zen-0109,Sticker,Zen,Ready_For_Printify_When_Network_OK,UPLOAD_TO_PRINTIFY_SINGLE_ITEM_BATCH,Local assets are ready but network-dependent upload remains pending.,high,False,,,False
60,Sticker-Zen-0110,Sticker,Zen,Ready_For_Printify_When_Network_OK,UPLOAD_TO_PRINTIFY_SINGLE_ITEM_BATCH,Local assets are ready but network-dependent upload remains pending.,high,False,,,False
60,Sticker-Zen-0111,Sticker,Zen,Ready_For_Printify_When_Network_OK,UPLOAD_TO_PRINTIFY_SINGLE_ITEM_BATCH,Local assets are ready but network-dependent upload remains pending.,high,False,,,False
60,Sticker-Zen-0112,Sticker,Zen,Ready_For_Printify_When_Network_OK,UPLOAD_TO_PRINTIFY_SINGLE_ITEM_BATCH,Local assets are ready but network-dependent upload remains pending.,high,False,,,False
60,Sticker-Zen-0113,Sticker,Zen,Ready_For_Printify_When_Network_OK,UPLOAD_TO_PRINTIFY_SINGLE_ITEM_BATCH,Local assets are ready but network-dependent upload remains pending.,high,False,,,False
60,Sticker-Zen-0114,Sticker,Zen,Ready_For_Printify_When_Network_OK,UPLOAD_TO_PRINTIFY_SINGLE_ITEM_BATCH,Local assets are ready but network-dependent upload remains pending.,high,False,,,False
60,Sticker-Zen-0115,Sticker,Zen,Ready_For_Printify_When_Network_OK,UPLOAD_TO_PRINTIFY_SINGLE_ITEM_BATCH,Local assets are ready but network-dependent upload remains pending.,high,False,,,False
60,Sticker-Zen-0117,Sticker,Zen,Ready_For_Printify_When_Network_OK,UPLOAD_TO_PRINTIFY_SINGLE_ITEM_BATCH,Local assets are ready but network-dependent upload remains pending.,high,False,,,False
60,Sticker-Zen-0123,Sticker,Zen,Ready_For_Printify_When_Network_OK,UPLOAD_TO_PRINTIFY_SINGLE_ITEM_BATCH,Local assets are ready but network-dependent upload remains pending.,high,False,,,False
60,Sticker-Zen-0126,Sticker,Zen,Ready_For_Printify_When_Network_OK,UPLOAD_TO_PRINTIFY_SINGLE_ITEM_BATCH,Local assets are ready but network-dependent upload remains pending.,high,False,,,False
60,Sticker-Zen-0127,Sticker,Zen,Ready_For_Printify_When_Network_OK,UPLOAD_TO_PRINTIFY_SINGLE_ITEM_BATCH,Local assets are ready but network-dependent upload remains pending.,high,False,,,False
60,Sticker-Zen-0128,Sticker,Zen,Ready_For_Printify_When_Network_OK,UPLOAD_TO_PRINTIFY_SINGLE_ITEM_BATCH,Local assets are ready but network-dependent upload remains pending.,high,False,,,False
60,Sticker-Zen-0129,Sticker,Zen,Ready_For_Printify_When_Network_OK,UPLOAD_TO_PRINTIFY_SINGLE_ITEM_BATCH,Local assets are ready but network-dependent upload remains pending.,high,False,,,False
60,Sticker-Zen-0130,Sticker,Zen,Ready_For_Printify_When_Network_OK,UPLOAD_TO_PRINTIFY_SINGLE_ITEM_BATCH,Local assets are ready but network-dependent upload remains pending.,high,False,,,False
60,Sticker-Zen-0131,Sticker,Zen,Ready_For_Printify_When_Network_OK,UPLOAD_TO_PRINTIFY_SINGLE_ITEM_BATCH,Local assets are ready but network-dependent upload remains pending.,high,False,,,False
60,Sticker-Zen-0132,Sticker,Zen,Ready_For_Printify_When_Network_OK,UPLOAD_TO_PRINTIFY_SINGLE_ITEM_BATCH,Local assets are ready but network-dependent upload remains pending.,high,False,,,False
60,Sticker-Zen-0133,Sticker,Zen,Ready_For_Printify_When_Network_OK,UPLOAD_TO_PRINTIFY_SINGLE_ITEM_BATCH,Local assets are ready but network-dependent upload remains pending.,high,False,,,False
60,Sticker-Zen-0134,Sticker,Zen,Ready_For_Printify_When_Network_OK,UPLOAD_TO_PRINTIFY_SINGLE_ITEM_BATCH,Local assets are ready but network-dependent upload remains pending.,high,False,,,False
60,Sticker-Zen-0135,Sticker,Zen,Ready_For_Printify_When_Network_OK,UPLOAD_TO_PRINTIFY_SINGLE_ITEM_BATCH,Local assets are ready but network-dependent upload remains pending.,high,False,,,False
60,Sticker-Zen-0136,Sticker,Zen,Ready_For_Printify_When_Network_OK,UPLOAD_TO_PRINTIFY_SINGLE_ITEM_BATCH,Local assets are ready but network-dependent upload remains pending.,high,False,,,False
60,Sticker-Zen-0138,Sticker,Zen,Ready_For_Printify_When_Network_OK,UPLOAD_TO_PRINTIFY_SINGLE_ITEM_BATCH,Local assets are ready but network-dependent upload remains pending.,high,False,,,False
60,Sticker-Zen-0139,Sticker,Zen,Ready_For_Printify_When_Network_OK,UPLOAD_TO_PRINTIFY_SINGLE_ITEM_BATCH,Local assets are ready but network-dependent upload remains pending.,high,False,,,False
60,Sticker-Zen-0150,Sticker,Zen,Ready_For_Printify_When_Network_OK,UPLOAD_TO_PRINTIFY_SINGLE_ITEM_BATCH,Local assets are ready but network-dependent upload remains pending.,high,False,,,False
60,Sticker-Zen-0151,Sticker,Zen,Ready_For_Printify_When_Network_OK,UPLOAD_TO_PRINTIFY_SINGLE_ITEM_BATCH,Local assets are ready but network-dependent upload remains pending.,high,False,,,False
60,Sticker-Zen-0153,Sticker,Zen,Ready_For_Printify_When_Network_OK,UPLOAD_TO_PRINTIFY_SINGLE_ITEM_BATCH,Local assets are ready but network-dependent upload remains pending.,high,False,,,False
60,Sticker-Zen-0154,Sticker,Zen,Ready_For_Printify_When_Network_OK,UPLOAD_TO_PRINTIFY_SINGLE_ITEM_BATCH,Local assets are ready but network-dependent upload remains pending.,high,False,,,False
60,Sticker-Zen-0155,Sticker,Zen,Ready_For_Printify_When_Network_OK,UPLOAD_TO_PRINTIFY_SINGLE_ITEM_BATCH,Local assets are ready but network-dependent upload remains pending.,high,False,,,False
60,Sticker-Zen-0156,Sticker,Zen,Ready_For_Printify_When_Network_OK,UPLOAD_TO_PRINTIFY_SINGLE_ITEM_BATCH,Local assets are ready but network-dependent upload remains pending.,high,False,,,False
60,Sticker-Zen-0157,Sticker,Zen,Ready_For_Printify_When_Network_OK,UPLOAD_TO_PRINTIFY_SINGLE_ITEM_BATCH,Local assets are ready but network-dependent upload remains pending.,high,False,,,False
60,Sticker-Zen-0158,Sticker,Zen,Ready_For_Printify_When_Network_OK,UPLOAD_TO_PRINTIFY_SINGLE_ITEM_BATCH,Local assets are ready but network-dependent upload remains pending.,high,False,,,False
60,Sticker-Zen-0159,Sticker,Zen,Ready_For_Printify_When_Network_OK,UPLOAD_TO_PRINTIFY_SINGLE_ITEM_BATCH,Local assets are ready but network-dependent upload remains pending.,high,False,,,False
60,Sticker-Zen-0160,Sticker,Zen,Ready_For_Printify_When_Network_OK,UPLOAD_TO_PRINTIFY_SINGLE_ITEM_BATCH,Local assets are ready but network-dependent upload remains pending.,high,False,,,False
50,Acrylic-Academia-0001,Acrylic,Academia,Etsy_Draft_Prepared,KEEP_FOR_ETSY_PHASE1,Candidate already selected for Etsy relaunch; wait for shop/OAuth readiness and listing-fee confirmation.,medium,False,406902588642,1,True
50,Poster-Academia-0026,Poster,Academia,Etsy_Draft_Prepared,KEEP_FOR_ETSY_PHASE1,Candidate already selected for Etsy relaunch; wait for shop/OAuth readiness and listing-fee confirmation.,medium,False,406909164941,,True
50,Poster-Academia-0027,Poster,Academia,Etsy_Draft_Prepared,KEEP_FOR_ETSY_PHASE1,Candidate already selected for Etsy relaunch; wait for shop/OAuth readiness and listing-fee confirmation.,medium,False,406909216787,,True
50,Poster-Academia-0028,Poster,Academia,Etsy_Draft_Prepared,KEEP_FOR_ETSY_PHASE1,Candidate already selected for Etsy relaunch; wait for shop/OAuth readiness and listing-fee confirmation.,medium,False,406909220927,,True
50,Poster-Academia-0081,Poster,Academia,Etsy_Draft_Prepared,KEEP_FOR_ETSY_PHASE1,Candidate already selected for Etsy relaunch; wait for shop/OAuth readiness and listing-fee confirmation.,medium,False,406902627420,2,True
20,Acrylic-Grimdark-0012,Acrylic,Grimdark,Hold,HOLD,No safe action under current weak-network protocol.,local,True,406909148324,,False
20,Acrylic-Grimdark-0013,Acrylic,Grimdark,Hold,HOLD,No safe action under current weak-network protocol.,local,True,406909151733,,False
20,Acrylic-Grimdark-0015,Acrylic,Grimdark,Hold,HOLD,No safe action under current weak-network protocol.,local,True,406909166683,,False
20,Acrylic-Grimdark-0017,Acrylic,Grimdark,Hold,HOLD,No safe action under current weak-network protocol.,local,True,406909219066,,False
20,Acrylic-Grimdark-0018,Acrylic,Grimdark,Hold,HOLD,No safe action under current weak-network protocol.,local,True,406909222169,,False
20,Acrylic-Grimdark-0021,Acrylic,Grimdark,Hold,HOLD,No safe action under current weak-network protocol.,local,True,406909225478,,False
20,Acrylic-Grimdark-0022,Acrylic,Grimdark,Hold,HOLD,No safe action under current weak-network protocol.,local,True,406909226531,,False
20,Acrylic-Grimdark-0023,Acrylic,Grimdark,Hold,HOLD,No safe action under current weak-network protocol.,local,True,406909228840,,False
20,Acrylic-Grimdark-0024,Acrylic,Grimdark,Hold,HOLD,No safe action under current weak-network protocol.,local,True,406909231370,,False
20,Acrylic-Grimdark-0025,Acrylic,Grimdark,Hold,HOLD,No safe action under current weak-network protocol.,local,True,406909232068,,False
20,Acrylic-Grimdark-0026,Acrylic,Grimdark,Hold,HOLD,No safe action under current weak-network protocol.,local,True,406909232951,,False
20,Acrylic-Grimdark-0028,Acrylic,Grimdark,Hold,HOLD,No safe action under current weak-network protocol.,local,True,406909234435,,False
20,Acrylic-Grimdark-0032,Acrylic,Grimdark,Hold,HOLD,No safe action under current weak-network protocol.,local,True,406909238227,,False
20,Acrylic-Grimdark-0034,Acrylic,Grimdark,Hold,HOLD,No safe action under current weak-network protocol.,local,True,406909242546,,False
20,Acrylic-Grimdark-0036,Acrylic,Grimdark,Hold,HOLD,No safe action under current weak-network protocol.,local,True,406909244688,,False
20,Acrylic-Grimdark-0037,Acrylic,Grimdark,Hold,HOLD,No safe action under current weak-network protocol.,local,True,406909247161,,False
20,Acrylic-Zen-0004,Acrylic,Zen,Hold,HOLD,No safe action under current weak-network protocol.,local,True,406902888077,1,False
20,Poster-Academia-0001,Poster,Academia,Hold,HOLD,No safe action under current weak-network protocol.,local,True,406902584620,1,False
20,Poster-Academia-0001-FIX1,Poster,Academia,Hold,HOLD,No safe action under current weak-network protocol.,local,True,406911589289,,False
20,Poster-Academia-0023,Poster,Academia,Hold,HOLD,No safe action under current weak-network protocol.,local,True,406909147173,,False
20,Poster-Academia-0024,Poster,Academia,Hold,HOLD,No safe action under current weak-network protocol.,local,True,406909150037,,False
20,Poster-Academia-0025,Poster,Academia,Hold,HOLD,No safe action under current weak-network protocol.,local,True,406909153504,,False
20,Poster-Academia-0030,Poster,Academia,Hold,HOLD,No safe action under current weak-network protocol.,local,True,406909264998,,False
20,Poster-Academia-0031,Poster,Academia,Hold,HOLD,No safe action under current weak-network protocol.,local,True,406909266188,,False
20,Poster-Academia-0032,Poster,Academia,Hold,HOLD,No safe action under current weak-network protocol.,local,True,406909268494,,False
20,Poster-Academia-0033,Poster,Academia,Hold,HOLD,No safe action under current weak-network protocol.,local,True,406909269321,,False
20,Poster-Academia-0034,Poster,Academia,Hold,HOLD,No safe action under current weak-network protocol.,local,True,406909467980,,False
20,Poster-Academia-0035,Poster,Academia,Hold,HOLD,No safe action under current weak-network protocol.,local,True,406909471020,,False
20,Poster-Academia-0037,Poster,Academia,Hold,HOLD,No safe action under current weak-network protocol.,local,True,406909473606,,False
20,Poster-Academia-0038,Poster,Academia,Hold,HOLD,No safe action under current weak-network protocol.,local,True,406910056059,,False
20,Poster-Academia-0039,Poster,Academia,Hold,HOLD,No safe action under current weak-network protocol.,local,True,406910057355,,False
20,Poster-Academia-0040,Poster,Academia,Hold,HOLD,No safe action under current weak-network protocol.,local,True,406910058626,,False
20,Poster-Academia-0041,Poster,Academia,Hold,HOLD,No safe action under current weak-network protocol.,local,True,406910059060,,False
20,Poster-Academia-0042,Poster,Academia,Hold,HOLD,No safe action under current weak-network protocol.,local,True,406910060084,,False
20,Poster-Academia-0082,Poster,Academia,Hold,HOLD,No safe action under current weak-network protocol.,local,True,406902648209,3,False
20,Poster-Academia-0085,Poster,Academia,Hold,HOLD,No safe action under current weak-network protocol.,local,True,406902882943,1,False
20,Poster-Zen-0003,Poster,Zen,Hold,HOLD,No safe action under current weak-network protocol.,local,True,,,False
20,Sticker-Academia-0004,Sticker,Academia,Hold,HOLD,No safe action under current weak-network protocol.,local,True,406892408950,0,False
20,Sticker-Academia-0005,Sticker,Academia,Hold,HOLD,No safe action under current weak-network protocol.,local,True,,,False
20,Sticker-Academia-0005-FIX1,Sticker,Academia,Hold,HOLD,No safe action under current weak-network protocol.,local,True,,,False
20,Sticker-Academia-0006,Sticker,Academia,Hold,HOLD,No safe action under current weak-network protocol.,local,True,,,False
20,Sticker-Academia-0006-FIX1,Sticker,Academia,Hold,HOLD,No safe action under current weak-network protocol.,local,True,406909095974,,False
20,Sticker-Academia-0007,Sticker,Academia,Hold,HOLD,No safe action under current weak-network protocol.,local,True,,,False
20,Sticker-Academia-0007-FIX1,Sticker,Academia,Hold,HOLD,No safe action under current weak-network protocol.,local,True,406909097469,,False
20,Sticker-Academia-0008,Sticker,Academia,Hold,HOLD,No safe action under current weak-network protocol.,local,True,,,False
20,Sticker-Academia-0008-FIX1,Sticker,Academia,Hold,HOLD,No safe action under current weak-network protocol.,local,True,406909100892,,False
20,Sticker-Academia-0009,Sticker,Academia,Hold,HOLD,No safe action under current weak-network protocol.,local,True,,,False
20,Sticker-Academia-0009-FIX1,Sticker,Academia,Hold,HOLD,No safe action under current weak-network protocol.,local,True,406909114799,,False
20,Sticker-Academia-0010,Sticker,Academia,Hold,HOLD,No safe action under current weak-network protocol.,local,True,,,False
20,Sticker-Academia-0010-FIX1,Sticker,Academia,Hold,HOLD,No safe action under current weak-network protocol.,local,True,406909116716,,False
20,Sticker-Academia-0011,Sticker,Academia,Hold,HOLD,No safe action under current weak-network protocol.,local,True,,,False
20,Sticker-Academia-0011-FIX1,Sticker,Academia,Hold,HOLD,No safe action under current weak-network protocol.,local,True,406909118000,,False
20,Sticker-Academia-0014,Sticker,Academia,Hold,HOLD,No safe action under current weak-network protocol.,local,True,,,False
20,Sticker-Academia-0014-FIX1,Sticker,Academia,Hold,HOLD,No safe action under current weak-network protocol.,local,True,406909119544,,False
20,Sticker-Academia-0015,Sticker,Academia,Hold,HOLD,No safe action under current weak-network protocol.,local,True,,,False
20,Sticker-Academia-0015-FIX1,Sticker,Academia,Hold,HOLD,No safe action under current weak-network protocol.,local,True,406909121336,,False
20,Sticker-Academia-0016,Sticker,Academia,Hold,HOLD,No safe action under current weak-network protocol.,local,True,,,False
20,Sticker-Academia-0016-FIX1,Sticker,Academia,Hold,HOLD,No safe action under current weak-network protocol.,local,True,406909122790,,False
20,Sticker-Zen-0001,Sticker,Zen,Hold,HOLD,No safe action under current weak-network protocol.,local,True,,,False
20,Sticker-Zen-0001-FIX1,Sticker,Zen,Hold,HOLD,No safe action under current weak-network protocol.,local,True,406909124585,,False
20,Sticker-Zen-0002,Sticker,Zen,Hold,HOLD,No safe action under current weak-network protocol.,local,True,,,False
20,Sticker-Zen-0002-FIX1,Sticker,Zen,Hold,HOLD,No safe action under current weak-network protocol.,local,True,406909125700,,False
20,Sticker-Zen-0003,Sticker,Zen,Hold,HOLD,No safe action under current weak-network protocol.,local,True,,,False
20,Sticker-Zen-0003-FIX1,Sticker,Zen,Hold,HOLD,No safe action under current weak-network protocol.,local,True,406909126789,,False
20,Sticker-Zen-0004,Sticker,Zen,Hold,HOLD,No safe action under current weak-network protocol.,local,True,,,False
20,Sticker-Zen-0004-FIX1,Sticker,Zen,Hold,HOLD,No safe action under current weak-network protocol.,local,True,406909127704,,False
20,Sticker-Zen-0005,Sticker,Zen,Hold,HOLD,No safe action under current weak-network protocol.,local,True,,,False
20,Sticker-Zen-0005-FIX1,Sticker,Zen,Hold,HOLD,No safe action under current weak-network protocol.,local,True,406909342825,,False
20,Sticker-Zen-0007,Sticker,Zen,Hold,HOLD,No safe action under current weak-network protocol.,local,True,,,False
20,Sticker-Zen-0007-FIX1,Sticker,Zen,Hold,HOLD,No safe action under current weak-network protocol.,local,True,406909344491,,False
20,Sticker-Zen-0008,Sticker,Zen,Hold,HOLD,No safe action under current weak-network protocol.,local,True,,,False
20,Sticker-Zen-0008-FIX1,Sticker,Zen,Hold,HOLD,No safe action under current weak-network protocol.,local,True,406909345291,,False
20,Sticker-Zen-0009,Sticker,Zen,Hold,HOLD,No safe action under current weak-network protocol.,local,True,,,False
20,Sticker-Zen-0009-FIX1,Sticker,Zen,Hold,HOLD,No safe action under current weak-network protocol.,local,True,406909353931,,False
20,Sticker-Zen-0022,Sticker,Zen,Hold,HOLD,No safe action under current weak-network protocol.,local,True,,,False
20,Sticker-Zen-0022-FIX1,Sticker,Zen,Hold,HOLD,No safe action under current weak-network protocol.,local,True,406909354903,,False
20,Sticker-Zen-0024,Sticker,Zen,Hold,HOLD,No safe action under current weak-network protocol.,local,True,,,False
20,Sticker-Zen-0024-FIX1,Sticker,Zen,Hold,HOLD,No safe action under current weak-network protocol.,local,True,406909355853,,False
20,Sticker-Zen-0025,Sticker,Zen,Hold,HOLD,No safe action under current weak-network protocol.,local,True,,,False
20,Sticker-Zen-0025-FIX1,Sticker,Zen,Hold,HOLD,No safe action under current weak-network protocol.,local,True,406909359949,,False
20,Sticker-Zen-0026,Sticker,Zen,Hold,HOLD,No safe action under current weak-network protocol.,local,True,,,False
20,Sticker-Zen-0027,Sticker,Zen,Hold,HOLD,No safe action under current weak-network protocol.,local,True,,,False
20,Sticker-Zen-0027-FIX1,Sticker,Zen,Hold,HOLD,No safe action under current weak-network protocol.,local,True,406909364977,,False
20,Sticker-Zen-0029,Sticker,Zen,Hold,HOLD,No safe action under current weak-network protocol.,local,True,,,False
20,Sticker-Zen-0031,Sticker,Zen,Hold,HOLD,No safe action under current weak-network protocol.,local,True,,,False
20,Sticker-Zen-0032,Sticker,Zen,Hold,HOLD,No safe action under current weak-network protocol.,local,True,,,False
20,Sticker-Zen-0034,Sticker,Zen,Hold,HOLD,No safe action under current weak-network protocol.,local,True,,,False
20,Sticker-Zen-0035,Sticker,Zen,Hold,HOLD,No safe action under current weak-network protocol.,local,True,,,False
20,Sticker-Zen-0036,Sticker,Zen,Hold,HOLD,No safe action under current weak-network protocol.,local,True,,,False
20,Sticker-Zen-0037,Sticker,Zen,Hold,HOLD,No safe action under current weak-network protocol.,local,True,,,False
20,Sticker-Zen-0038,Sticker,Zen,Hold,HOLD,No safe action under current weak-network protocol.,local,True,,,False
20,Sticker-Zen-0040,Sticker,Zen,Hold,HOLD,No safe action under current weak-network protocol.,local,True,,,False
20,Sticker-Zen-0041,Sticker,Zen,Hold,HOLD,No safe action under current weak-network protocol.,local,True,,,False
20,Sticker-Zen-0041-FIX1,Sticker,Zen,Hold,HOLD,No safe action under current weak-network protocol.,local,True,406909368739,,False
20,Sticker-Zen-0042,Sticker,Zen,Hold,HOLD,No safe action under current weak-network protocol.,local,True,,,False
20,Sticker-Zen-0042-FIX1,Sticker,Zen,Hold,HOLD,No safe action under current weak-network protocol.,local,True,406909373586,,False
20,Sticker-Zen-0044,Sticker,Zen,Hold,HOLD,No safe action under current weak-network protocol.,local,True,406902622710,0,False
20,Sticker-Zen-0044-FIX1,Sticker,Zen,Hold,HOLD,No safe action under current weak-network protocol.,local,True,406909884756,,False
20,Sticker-Zen-0045,Sticker,Zen,Hold,HOLD,No safe action under current weak-network protocol.,local,True,406902640998,0,False
20,Sticker-Zen-0045-FIX1,Sticker,Zen,Hold,HOLD,No safe action under current weak-network protocol.,local,True,406909890800,,False
20,Sticker-Zen-0046,Sticker,Zen,Hold,HOLD,No safe action under current weak-network protocol.,local,True,406902663232,0,False
20,Sticker-Zen-0046-FIX1,Sticker,Zen,Hold,HOLD,No safe action under current weak-network protocol.,local,True,406909891985,,False
20,Sticker-Zen-0048,Sticker,Zen,Hold,HOLD,No safe action under current weak-network protocol.,local,True,,,False
20,Sticker-Zen-0049,Sticker,Zen,Hold,HOLD,No safe action under current weak-network protocol.,local,True,406902713267,0,False
20,Sticker-Zen-0049-FIX1,Sticker,Zen,Hold,HOLD,No safe action under current weak-network protocol.,local,True,406909893702,,False
20,Sticker-Zen-0050,Sticker,Zen,Hold,HOLD,No safe action under current weak-network protocol.,local,True,406902886081,0,False
20,Sticker-Zen-0050-FIX1,Sticker,Zen,Hold,HOLD,No safe action under current weak-network protocol.,local,True,406909904704,,False
20,Sticker-Zen-0051,Sticker,Zen,Hold,HOLD,No safe action under current weak-network protocol.,local,True,406902889638,0,False
20,Sticker-Zen-0051-FIX1,Sticker,Zen,Hold,HOLD,No safe action under current weak-network protocol.,local,True,406909905683,,False
20,Sticker-Zen-0052,Sticker,Zen,Hold,HOLD,No safe action under current weak-network protocol.,local,True,406902896387,0,False
20,Sticker-Zen-0052-FIX1,Sticker,Zen,Hold,HOLD,No safe action under current weak-network protocol.,local,True,406909906686,,False
20,Sticker-Zen-0053,Sticker,Zen,Hold,HOLD,No safe action under current weak-network protocol.,local,True,406902900109,0,False
20,Sticker-Zen-0053-FIX1,Sticker,Zen,Hold,HOLD,No safe action under current weak-network protocol.,local,True,406909907111,,False
20,Sticker-Zen-0054,Sticker,Zen,Hold,HOLD,No safe action under current weak-network protocol.,local,True,406903032635,0,False
20,Sticker-Zen-0054-FIX1,Sticker,Zen,Hold,HOLD,No safe action under current weak-network protocol.,local,True,406909907742,,False
20,Sticker-Zen-0055,Sticker,Zen,Hold,HOLD,No safe action under current weak-network protocol.,local,True,406903037933,0,False
20,Sticker-Zen-0055-FIX1,Sticker,Zen,Hold,HOLD,No safe action under current weak-network protocol.,local,True,406910984204,,False
20,Sticker-Zen-0056,Sticker,Zen,Hold,HOLD,No safe action under current weak-network protocol.,local,True,406903041315,0,False
20,Sticker-Zen-0056-FIX1,Sticker,Zen,Hold,HOLD,No safe action under current weak-network protocol.,local,True,406911030956,,False
20,Sticker-Zen-0057,Sticker,Zen,Hold,HOLD,No safe action under current weak-network protocol.,local,True,406903044643,0,False
20,Sticker-Zen-0057-FIX1,Sticker,Zen,Hold,HOLD,No safe action under current weak-network protocol.,local,True,406911046712,,False
20,Sticker-Zen-0058,Sticker,Zen,Hold,HOLD,No safe action under current weak-network protocol.,local,True,406903049411,0,False
20,Sticker-Zen-0058-FIX1,Sticker,Zen,Hold,HOLD,No safe action under current weak-network protocol.,local,True,406911102240,,False
20,Sticker-Zen-0060,Sticker,Zen,Hold,HOLD,No safe action under current weak-network protocol.,local,True,406903249053,0,False
20,Sticker-Zen-0060-FIX1,Sticker,Zen,Hold,HOLD,No safe action under current weak-network protocol.,local,True,406911120974,,False
20,Sticker-Zen-0061,Sticker,Zen,Hold,HOLD,No safe action under current weak-network protocol.,local,True,406903249987,0,False
20,Sticker-Zen-0061-FIX1,Sticker,Zen,Hold,HOLD,No safe action under current weak-network protocol.,local,True,406911452547,,False
20,Sticker-Zen-0062,Sticker,Zen,Hold,HOLD,No safe action under current weak-network protocol.,local,True,406903250891,0,False
20,Sticker-Zen-0062-FIX1,Sticker,Zen,Hold,HOLD,No safe action under current weak-network protocol.,local,True,406911488570,,False
20,Sticker-Zen-0063,Sticker,Zen,Hold,HOLD,No safe action under current weak-network protocol.,local,True,406903252007,0,False
20,Sticker-Zen-0063-FIX1,Sticker,Zen,Hold,HOLD,No safe action under current weak-network protocol.,local,True,406911494155,,False
20,Sticker-Zen-0066,Sticker,Zen,Hold,HOLD,No safe action under current weak-network protocol.,local,True,406903252739,,False
20,Sticker-Zen-0066-FIX1,Sticker,Zen,Hold,HOLD,No safe action under current weak-network protocol.,local,True,406911509730,,False
20,Sticker-Zen-0067,Sticker,Zen,Hold,HOLD,No safe action under current weak-network protocol.,local,True,,,False
20,Sticker-Zen-0068,Sticker,Zen,Hold,HOLD,No safe action under current weak-network protocol.,local,True,,,False
20,Sticker-Zen-0069,Sticker,Zen,Hold,HOLD,No safe action under current weak-network protocol.,local,True,406903753067,,False
20,Sticker-Zen-0069-FIX1,Sticker,Zen,Hold,HOLD,No safe action under current weak-network protocol.,local,True,406911531255,,False
20,Sticker-Zen-0070,Sticker,Zen,Hold,HOLD,No safe action under current weak-network protocol.,local,True,406903757240,,False
20,Sticker-Zen-0070-FIX1,Sticker,Zen,Hold,HOLD,No safe action under current weak-network protocol.,local,True,406911541926,,False
20,Sticker-Zen-0071,Sticker,Zen,Hold,HOLD,No safe action under current weak-network protocol.,local,True,406903762328,,False
20,Sticker-Zen-0071-FIX1,Sticker,Zen,Hold,HOLD,No safe action under current weak-network protocol.,local,True,406911551031,,False
20,Sticker-Zen-0072,Sticker,Zen,Hold,HOLD,No safe action under current weak-network protocol.,local,True,406911942577,,False
20,Sticker-Zen-0073,Sticker,Zen,Hold,HOLD,No safe action under current weak-network protocol.,local,True,406911955913,,False
20,Sticker-Zen-0074,Sticker,Zen,Hold,HOLD,No safe action under current weak-network protocol.,local,True,406911953636,,False
20,Sticker-Zen-0075,Sticker,Zen,Hold,HOLD,No safe action under current weak-network protocol.,local,True,406912077790,,False
20,Sticker-Zen-0076,Sticker,Zen,Hold,HOLD,No safe action under current weak-network protocol.,local,True,,,False
20,Sticker-Zen-0081,Sticker,Zen,Hold,HOLD,No safe action under current weak-network protocol.,local,True,406912094146,,False
