Timestamp,Mode,Execute,Memory_Before,Memory_After,CPU_Before,CPU_After,Closed_Count,Decision,Reason
2026-05-07 09:29:37 -0400,NOOP_BELOW_THRESHOLD,False,83.1,83.1,70.0,70.0,0,MEMORY_OK_CONTINUE,normal work may continue under marketplace risk guards
2026-05-07 09:30:14 -0400,EXECUTE_CLEANUP,True,86.4,89.1,81.0,100.0,1,MEMORY_STILL_WARM_BUT_WORKABLE,continue light work; avoid browser/image-heavy tasks
2026-05-07 09:40:21 -0400,EXECUTE_CLEANUP,True,90.5,93.2,88.0,100.0,1,MEMORY_STILL_HARD_PRESSURE,keep only local/report/API-read tasks; consider longer rest cycle if repeated
2026-05-07 09:49:56 -0400,NOOP_BELOW_THRESHOLD,False,82.0,82.0,18.0,18.0,0,MEMORY_OK_CONTINUE,normal work may continue under marketplace risk guards
2026-05-07 09:54:17 -0400,NOOP_BELOW_THRESHOLD,False,84.9,84.9,68.0,68.0,0,MEMORY_OK_CONTINUE,normal work may continue under marketplace risk guards
,,,,,,,"0",,
2026-05-07 10:10:51 -0400,EXECUTE_CLEANUP,True,86.6,81.5,39.0,85.0,1,MEMORY_OK_CONTINUE,normal work may continue under marketplace risk guards
2026-05-07 10:41:41 -0400,NOOP_BELOW_THRESHOLD,False,82.6,82.6,46.0,46.0,0,MEMORY_OK_CONTINUE,normal work may continue under marketplace risk guards
2026-05-07 10:46:41 -0400,NOOP_BELOW_THRESHOLD,True,81.4,81.3,11.0,11.0,0,MEMORY_OK_CONTINUE,normal work may continue under marketplace risk guards
2026-05-07 10:47:32 -0400,EXECUTE_CLEANUP,True,82.7,86.6,43.0,100.0,1,MEMORY_STILL_WARM_BUT_WORKABLE,continue light work; avoid browser/image-heavy tasks
2026-05-07 10:49:37 -0400,EXECUTE_CLEANUP,True,85.4,85.4,72.0,52.0,1,MEMORY_STILL_WARM_BUT_WORKABLE,continue light work; avoid browser/image-heavy tasks
2026-05-07 11:14:56 -0400,EXECUTE_CLEANUP,True,84.4,89.1,42.0,100.0,1,MEMORY_STILL_WARM_BUT_WORKABLE,continue light work; avoid browser/image-heavy tasks
2026-05-07 11:50:24 -0400,EXECUTE_CLEANUP,True,90.9,92.9,99.0,100.0,2,MEMORY_STILL_HARD_PRESSURE,keep only local/report/API-read tasks; consider longer rest cycle if repeated
2026-05-07 12:22:47 -0400,NOOP_BELOW_THRESHOLD,True,81.3,80.9,50.0,22.0,0,MEMORY_OK_CONTINUE,normal work may continue under marketplace risk guards
