ID,Product_Type,Status,Printify_Product_ID,eBay_Item_ID,Title,Selected_Count,Unique_Visual_Count,Expected_Unique_Count,Exact_Duplicate_Count,Near_Duplicate_Count,Roles,Result,Notes,Error
Sticker-Academia-0004,Sticker,Printify_PrimaryFix_Needed,69f192aa5ea38382140f1d7b,406892408950,Smoky Jade Sticker Set Mechanical Raven Familiar Bottle 4pc 6x6 Kiss-Cut Vinyl,5,5,3,0,0,custom|custom|custom|custom|custom,OK,custom=5,
Sticker-Zen-0010,Sticker,Printify_Published_Mockups5,69f1b00840c796ee97058144,406892414116,Reading Nook Vinyl Set Floating Island Sanctuary 4pc 6x6 Kiss-Cut Vinyl Quiet,5,5,3,0,0,custom|custom|custom|custom|custom,OK,custom=5,
Poster-Academia-0002,Poster,Printify_Published_Mockups5,69f2906f7f1017d51b0d5f76,406902600741,Deep Work Visual Poster Obsidian Threshold Vintage Mentor Wisdom 12x18 Matte,9,9,3,0,0,custom|custom|custom|custom|custom|official:front|official:front-2|official:close-up|official:context-1,CHECK_CUSTOM_GALLERY_REPEATS_RISK,custom=5; official:close-up=1; official:context-1=1; official:front=1; official:front-2=1,
Acrylic-Academia-0001,Acrylic,Printify_PrimaryFix_Needed,69f298dc9577aaffd50689b0,406902588642,Astrolabe Compass Ritual Disc Dark Academia 5x7 Acrylic Art Study Decor Shelf,3,3,3,0,0,official:front|official:back|official:side-2,OK,official:back=1; official:front=1; official:side-2=1,
Poster-Academia-0081,Poster,Printify_PrimaryFix_Needed,69f29fe09577aaffd5068e03,406902627420,Celestial Armillary Sphere Dark Academia Poster 12x18 Scholar Study Decor Wall,5,5,3,0,0,custom|custom|custom|custom|custom,CHECK_CUSTOM_GALLERY_REPEATS_RISK,custom=5,
Poster-Academia-0082,Poster,Printify_PrimaryFix_Needed,69f2a0cacaeb1241880b9e8d,406902648209,Celestial Armillary Codex Academia Poster 12x18 Vintage Astronomy Decor Wall,5,5,3,0,0,custom|custom|custom|custom|custom,CHECK_CUSTOM_GALLERY_REPEATS_RISK,custom=5,
Poster-Academia-0083,Poster,Printify_PrimaryFix_Needed,69f2a1b8a7777da197101a96,406902669660,Quiet Luxury Apartment Art Cosmic Lotus Observatory Steampunk 12x18 Matte Decor,5,5,3,0,0,custom|custom|custom|custom|custom,CHECK_CUSTOM_GALLERY_REPEATS_RISK,custom=5,
Poster-Academia-0084,Poster,Printify_PrimaryFix_Needed,69f2a2aacaeb1241880b9f6b,406902691983,Deep Work Visual Poster Astrolabe Chalice Relic Vintage 12x18 Matte Poster Gift,5,5,3,0,0,custom|custom|custom|custom|custom,CHECK_CUSTOM_GALLERY_REPEATS_RISK,custom=5,
Acrylic-Grimdark-0082,Acrylic,Printify_PrimaryFix_Needed,69f2a7d0e64c9f31b70f79cf,406902633400,Quiet Luxury Shelf Decor Alchemical Terrarium Withered Mandrake Root 5x7 Gift,5,5,3,0,0,custom|custom|custom|custom|custom,CHECK_CUSTOM_GALLERY_REPEATS_RISK,custom=5,
Acrylic-Zen-0002,Acrylic,Printify_PrimaryFix_Needed,69f2a8a5357398ded80f8faf,406902657898,Quiet Luxury Shelf Decor Ritual Bell Shrine for Meditation 5x7 Acrylic Photo,5,5,3,0,0,custom|custom|custom|custom|custom,CHECK_CUSTOM_GALLERY_REPEATS_RISK,custom=5,
Acrylic-Zen-0003,Acrylic,Printify_PrimaryFix_Needed,69f2a9b45f78c14a7b0a7290,406902673249,Deep Work Desk Visual Pagoda Fragment Relic Print Floating 5x7 Acrylic Photo,5,5,3,0,0,custom|custom|custom|custom|custom,CHECK_CUSTOM_GALLERY_REPEATS_RISK,custom=5,
Poster-Academia-0085,Poster,Printify_PrimaryFix_Needed,69f2b132cd8d04605103fdaa,406902882943,Orrery Lighthouse Beacon Dark Academia Poster 12x18 Vintage Astronomy Wall Art,5,5,3,0,0,custom|custom|custom|custom|custom,CHECK_CUSTOM_GALLERY_REPEATS_RISK,custom=5,
Poster-Academia-0091,Poster,Printify_PrimaryFix_Needed,69f2b7ada7777da1971028d7,406902887127,Smoky Jade Wall Art Celestial Lotus Vintage 12x18 Matte Poster Apartment Decor,5,5,3,0,0,custom|custom|custom|custom|custom,CHECK_CUSTOM_GALLERY_REPEATS_RISK,custom=5,
Acrylic-Academia-0003,Acrylic,Printify_PrimaryFix_Needed,69f2b9c3caeb1241880bae85,406902703464,Quiet Luxury Shelf Decor Celestial Orrery Tree Bonsai 5x7 Acrylic Photo Block,5,5,3,0,0,custom|custom|custom|custom|custom,CHECK_CUSTOM_GALLERY_REPEATS_RISK,custom=5,
Acrylic-Grimdark-0083,Acrylic,Printify_PrimaryFix_Needed,69f2bac6343d8ca093077dd8,406902885214,Deep Work Desk Visual Ritual Censer Thurible 5x7 Acrylic Photo Block Office,5,5,3,0,0,custom|custom|custom|custom|custom,CHECK_CUSTOM_GALLERY_REPEATS_RISK,custom=5,
Acrylic-Zen-0004,Acrylic,Printify_PrimaryFix_Needed,69f2bbbc343d8ca093077e9a,406902888077,Zen Cyberpunk Koi Automaton 5x7 Acrylic Block - Meditative Desk Sculpture Shelf,5,5,3,0,0,custom|custom|custom|custom|custom,CHECK_CUSTOM_GALLERY_REPEATS_RISK,custom=5,
Acrylic-Zen-0005,Acrylic,Printify_PrimaryFix_Needed,69f2c22e9b469f716d0ea954,406902893289,Gallery Desk Art Incense Vessel Constellation for Meditation 5x7 Acrylic Photo,5,5,3,0,0,custom|custom|custom|custom|custom,CHECK_CUSTOM_GALLERY_REPEATS_RISK,custom=5,
Poster-Zen-0001,Poster,Printify_PrimaryFix_Needed,69f2dc76cd8d046051041f06,406902890971,Deep Work Visual Poster Bonsai Celestial Gate of Jade 12x18 Matte Poster Deep,5,5,3,0,0,custom|custom|custom|custom|custom,CHECK_CUSTOM_GALLERY_REPEATS_RISK,custom=5,
Poster-Zen-0002,Poster,Printify_PrimaryFix_Needed,69f2cf675f78c14a7b0a894c,406902897663,Reading Nook Wall Decor Phoenix Incense Burner Ritual 12x18 Matte Poster Gift,5,5,3,0,0,custom|custom|custom|custom|custom,CHECK_CUSTOM_GALLERY_REPEATS_RISK,custom=5,
Acrylic-Zen-0006,Acrylic,Printify_PrimaryFix_Needed,69f2d2a1c326d7da170c51b4,406902898909,Meditation Room Jade Relic Phoenix 5x7 Acrylic Block Shelf Decor Gift Study,5,5,3,0,0,custom|custom|custom|custom|custom,CHECK_CUSTOM_GALLERY_REPEATS_RISK,custom=5,
Acrylic-Zen-0007,Acrylic,Printify_PrimaryFix_Needed,69f2d3ab5f78c14a7b0a8b87,406903028253,Meditation Room Jade Relic Quiet Luxury 5x7 Acrylic Block Shelf Decor Gift Wall,5,5,3,0,0,custom|custom|custom|custom|custom,CHECK_CUSTOM_GALLERY_REPEATS_RISK,custom=5,
Acrylic-Zen-0008,Acrylic,Printify_PrimaryFix_Needed,69f2d49b81039eb9ab0b583c,406903036452,Deep Work Desk Visual Celestial Bonsai Moon Garden for 5x7 Acrylic Photo Block,5,5,3,0,0,custom|custom|custom|custom|custom,CHECK_CUSTOM_GALLERY_REPEATS_RISK,custom=5,
Poster-Zen-0004,Poster,Printify_PrimaryFix_Needed,69f2dddb9577aaffd506bc32,406903026999,Smoky Jade Wall Art Celestial Compass Calm Library 12x18 Matte Poster Library,5,5,3,0,0,custom|custom|custom|custom|custom,CHECK_CUSTOM_GALLERY_REPEATS_RISK,custom=5,
Poster-Zen-0005,Poster,Printify_PrimaryFix_Needed,69f2db1a3c6616b960034a37,406903033377,Quiet Luxury Jade Wall Art Reading Nook 12x18 Matte Poster Apartment Decor Gift,5,5,3,0,0,custom|custom|custom|custom|custom,CHECK_CUSTOM_GALLERY_REPEATS_RISK,custom=5,
Acrylic-Academia-0005,Acrylic,Printify_Published_Mockups4,69f80ad2d3b9dc73b1051dbd,406903039716,Collector Acrylic Relic Alchemical Star Flask Vessel 5x7 Acrylic Photo Block,4,4,3,0,0,official:front|official:back|official:side-1|official:side-2,OK,official:back=1; official:front=1; official:side-1=1; official:side-2=1,
Acrylic-Grimdark-0085,Acrylic,Printify_Published_Mockups4,69f2e4c77e3402ea470630eb,406903043482,Dark Study Smoky Jade Alchemist Divination Compass 5x7 Acrylic Block Shelf Gift,4,4,3,0,0,official:front|official:back|official:side-1|official:side-2,OK,official:back=1; official:front=1; official:side-1=1; official:side-2=1,
Acrylic-Zen-0009,Acrylic,Printify_Published_Mockups8,69f80f8a83a8608fd80ec283,406903047385,Collector Acrylic Relic Bamboo Flute Whispering Shakuhachi Meditation 5x7 Decor,4,4,3,0,0,official:front|official:back|official:side-1|official:side-2,OK,official:back=1; official:front=1; official:side-1=1; official:side-2=1,
Acrylic-Zen-0010,Acrylic,Printify_Published_Mockups8,69f810485da263f75f049bf8,406903213858,Smoky Jade Desk Object Lotus Seed Pod Vessel for 5x7 Acrylic Photo Block Decor,4,4,3,0,0,official:front|official:back|official:side-1|official:side-2,OK,official:back=1; official:front=1; official:side-1=1; official:side-2=1,
Acrylic-Grimdark-0001,Acrylic,Printify_Published_Mockups4,69f82b8aa1a4c45aad055063,406903249745,Deep Work Desk Visual Lantern Soul Cage Crimson Flame 5x7 Acrylic Photo Block,4,4,3,0,0,official:front|official:back|official:side-1|official:side-2,OK,official:back=1; official:front=1; official:side-1=1; official:side-2=1,
Acrylic-Grimdark-0004,Acrylic,Printify_Published_Mockups8,69f82c8609f3b7302401cacf,406903250705,Smoky Jade Desk Object Lantern Shadowbound Sentinel Beacon 5x7 Acrylic Photo,4,4,3,0,0,official:front|official:back|official:side-1|official:side-2,OK,official:back=1; official:front=1; official:side-1=1; official:side-2=1,
Acrylic-Grimdark-0005,Acrylic,Printify_Published_Mockups4,69f8388b25819cdf3d0538bc,406903251829,Collector Shelf Smoky Jade Quiet Luxury 5x7 Acrylic Block Shelf Decor Gift Wall,4,4,3,0,0,official:front|official:back|official:side-1|official:side-2,OK,official:back=1; official:front=1; official:side-1=1; official:side-2=1,
Acrylic-Grimdark-0006,Acrylic,Printify_Published_Mockups8,69f83957ffbc831dea082e1a,406903252506,Gothic Grimdark Voidwalker Eternal Lamp 5x7 Acrylic Block Dark Decor Shelf Gift,4,4,3,0,0,official:front|official:back|official:side-1|official:side-2,OK,official:back=1; official:front=1; official:side-1=1; official:side-2=1,
Acrylic-Grimdark-0007,Acrylic,Printify_Published_Mockups8,69f839eaf9374ed4f105a092,406903731967,Gothic Banshee Lantern Grimdark Art 5x7 Acrylic Premium Collectible Decor Shelf,4,4,3,0,0,official:front|official:back|official:side-1|official:side-2,OK,official:back=1; official:front=1; official:side-1=1; official:side-2=1,
Acrylic-Grimdark-0008,Acrylic,Printify_Published_Mockups4,69f83a955da263f75f04c06a,406903746215,Quiet Luxury Jade Relic Revenant 5x7 Acrylic Block Shelf Decor Gift Study Wall,4,4,3,0,0,official:front|official:back|official:side-1|official:side-2,OK,official:back=1; official:front=1; official:side-1=1; official:side-2=1,
Acrylic-Grimdark-0009,Acrylic,Printify_Published_Mockups4,69f83b5cf9374ed4f105a180,406903749989,Gothic Grimdark Lich Phylactery Lantern 5x7 Acrylic Print Dark Fantasy Home,4,4,3,0,0,official:front|official:back|official:side-1|official:side-2,OK,official:back=1; official:front=1; official:side-1=1; official:side-2=1,
Acrylic-Grimdark-0010,Acrylic,Printify_Published_Mockups8,69f83c14ffbc831dea082fa3,406903756190,Collector Shelf Smoky Jade Wraith Warden 5x7 Acrylic Block Shelf Decor Gift,4,4,3,0,0,official:front|official:back|official:side-1|official:side-2,OK,official:back=1; official:front=1; official:side-1=1; official:side-2=1,
Poster-Academia-0005,Poster,Printify_Published_Mockups4,69f847b45da263f75f04cdbd,406903038850,Smoky Jade Wall Art Arcane Archway of Forbidden Chronicles 12x18 Matte Poster,4,4,3,0,0,official:front|official:front-2|official:close-up|official:context-1,OK,official:close-up=1; official:context-1=1; official:front=1; official:front-2=1,
Poster-Academia-0006,Poster,Printify_Published_Mockups5,69f84864feed9979d10cd5ba,406903042690,Quiet Luxury Apartment Art Ethereal Torii Scholarly Ascension 12x18 Matte Decor,9,8,3,1,0,official:context-1|custom|custom|custom|custom|official:front|official:front-2|official:close-up|official:context-1,CHECK_CUSTOM_GALLERY_REPEATS_RISK,custom=4; official:close-up=1; official:context-1=2; official:front=1; official:front-2=1,
Poster-Academia-0008,Poster,Printify_Published_Mockups4,69f84b3d5da263f75f04d1f7,406903046097,Dark Academia Reading Nook Art Mystic Threshold Infinite 12x18 Matte Poster,4,4,3,0,0,official:front|official:front-2|official:close-up|official:context-1,OK,official:close-up=1; official:context-1=1; official:front=1; official:front-2=1,
Poster-Academia-0009,Poster,Printify_Published_Mockups4,69f8547125819cdf3d05522b,406903209258,Wabi Sabi Study Print Sanctum Gate of Preserved Wisdom 12x18 Matte Poster Decor,4,4,3,0,0,official:front|official:front-2|official:close-up|official:context-1,OK,official:close-up=1; official:context-1=1; official:front=1; official:front-2=1,
Poster-Academia-0010,Poster,Printify_Published_Mockups4,69f854ed09f3b7302401ed2e,406903249496,Quiet Luxury Apartment Art Hermetic Portal of Ancient Codices 12x18 Matte Decor,4,4,3,0,0,official:front|official:front-2|official:close-up|official:context-1,OK,official:close-up=1; official:context-1=1; official:front=1; official:front-2=1,
Poster-Academia-0011,Poster,Printify_Published_Mockups4,69f850b425819cdf3d054e10,406903250376,Deep Work Visual Poster Celestial Archway Timeless Tomes 12x18 Matte Poster,4,4,3,0,0,official:front|official:front-2|official:close-up|official:context-1,OK,official:close-up=1; official:context-1=1; official:front=1; official:front-2=1,
Poster-Academia-0013,Poster,Printify_Published_Mockups8,69f855abffbc831dea0847c8,406903251282,Wabi Sabi Study Print Alchemist Threshold Transmuted Knowledge 12x18 Matte Gift,4,4,3,0,0,official:front|official:front-2|official:close-up|official:context-1,OK,official:close-up=1; official:context-1=1; official:front=1; official:front-2=1,
Poster-Academia-0014,Poster,Printify_Published_Mockups4,69f8530b5da263f75f04d837,406903252244,Dark Academia Oracle Portal Prophetic Scriptures 12x18 Poster Study Decor Wall,4,4,3,0,0,official:front|official:front-2|official:close-up|official:context-1,OK,official:close-up=1; official:context-1=1; official:front=1; official:front-2=1,
Acrylic-Grimdark-0011,Acrylic,Printify_Published_Mockups8,69f863f9f9374ed4f105c588,406903760725,Grimdark Deathspeaker Oracle Lamp 5x7 Acrylic Gothic Collectible Art Shelf Gift,4,4,3,0,0,official:front|official:back|official:side-1|official:side-2,OK,official:back=1; official:front=1; official:side-1=1; official:side-2=1,
Acrylic-Grimdark-0012,Acrylic,Printify_Published_Mockups4,69f8647ff9374ed4f105c605,406909148324,Gothic Grimdark Phantom Lord Caged Soul 5x7 Acrylic Premium Collectible Decor,4,4,3,0,0,official:front|official:back|official:side-1|official:side-2,OK,official:back=1; official:front=1; official:side-1=1; official:side-2=1,
Acrylic-Grimdark-0013,Acrylic,Printify_Published_Mockups4,69f865a55da263f75f04e768,406909151733,Gothic Gravekeeper Lantern Grimdark Art 5x7 Acrylic Block Dark Fantasy Decor,4,4,3,0,0,official:front|official:back|official:side-1|official:side-2,OK,official:back=1; official:front=1; official:side-1=1; official:side-2=1,
Acrylic-Grimdark-0014,Acrylic,Printify_Published_Mockups4,69f8669583a8608fd80f0fdb,406909159060,Quiet Luxury Jade Relic Soulbound 5x7 Acrylic Block Shelf Decor Gift Study Wall,4,4,3,0,0,official:front|official:back|official:side-1|official:side-2,OK,official:back=1; official:front=1; official:side-1=1; official:side-2=1,
Acrylic-Grimdark-0015,Acrylic,Printify_Published_Mockups4,69f867cc2592a8ad8e0f076e,406909166683,Cursed Monk Penance Light Grimdark Gothic Artifact 5x7 Acrylic Collectible Gift,4,4,3,0,0,official:front|official:back|official:side-1|official:side-2,OK,official:back=1; official:front=1; official:side-1=1; official:side-2=1,
Acrylic-Grimdark-0016,Acrylic,Printify_Published_Mockups4,69f86a3d25819cdf3d0563b6,406909215172,Quiet Luxury Jade Relic Shadowpriest 5x7 Acrylic Block Shelf Decor Gift Study,4,4,3,0,0,official:front|official:back|official:side-1|official:side-2,OK,official:back=1; official:front=1; official:side-1=1; official:side-2=1,
Acrylic-Grimdark-0017,Acrylic,Printify_Published_Mockups4,69f86b8e83a8608fd80f1341,406909219066,Grimdark Aesthetic Dreadlord Beacon Lantern 5x7 Acrylic Block Dark Decor Shelf,4,4,3,0,0,official:front|official:back|official:side-1|official:side-2,OK,official:back=1; official:front=1; official:side-1=1; official:side-2=1,
Acrylic-Grimdark-0018,Acrylic,Printify_Published_Mockups4,69f86d3709f3b730240200b7,406909222169,Sepulcher Guardian's Flame Grimdark Gothic Lantern 5x7 Acrylic Art Dark Shelf,4,4,3,0,0,official:front|official:back|official:side-1|official:side-2,OK,official:back=1; official:front=1; official:side-1=1; official:side-2=1,
Acrylic-Grimdark-0019,Acrylic,Printify_Published_Mockups4,69f86f6c2810b52a940a4161,406909223875,Quiet Luxury Jade Relic Abyssal 5x7 Acrylic Block Shelf Decor Gift Study Wall,4,4,3,0,0,official:front|official:back|official:side-1|official:side-2,OK,official:back=1; official:front=1; official:side-1=1; official:side-2=1,
Acrylic-Grimdark-0021,Acrylic,Printify_Published_Mockups4,69f8807a011b67ecf80761ae,406909225478,Emerald Despair Lantern Grimdark Gothic Ironwork 5x7 Acrylic Block Dark Fantasy,4,4,3,0,0,official:front|official:back|official:side-1|official:side-2,OK,official:back=1; official:front=1; official:side-1=1; official:side-2=1,
Acrylic-Grimdark-0022,Acrylic,Printify_Published_Mockups4,69f8818abe136844f0003e48,406909226531,Violet Torment Lantern 5x7 Acrylic Grimdark Gothic Decor for Dark Fantasy Study,4,4,3,0,0,official:front|official:back|official:side-1|official:side-2,OK,official:back=1; official:front=1; official:side-1=1; official:side-2=1,
Acrylic-Grimdark-0023,Acrylic,Printify_Published_Mockups8,69f882a1be136844f0003eed,406909228840,Azure Suffering Lantern 5x7 Acrylic Grimdark Gothic Wall Art Decor Shelf Study,4,4,3,0,0,official:front|official:back|official:side-1|official:side-2,OK,official:back=1; official:front=1; official:side-1=1; official:side-2=1,
Acrylic-Grimdark-0024,Acrylic,Printify_Published_Mockups8,69f8836c5da263f75f04fad5,406909231370,Grimdark Obsidian Wrath Lantern 5x7 Acrylic Block Dark Fantasy Desk Art Shelf,4,4,3,0,0,official:front|official:back|official:side-1|official:side-2,OK,official:back=1; official:front=1; official:side-1=1; official:side-2=1,
Acrylic-Grimdark-0025,Acrylic,Printify_Published_Mockups8,69f883f3be136844f0003ff9,406909232068,Amber Anguish Lantern Grimdark Aesthetic 5x7 Acrylic Art Decor Shelf Study Gift,4,4,3,0,0,official:front|official:back|official:side-1|official:side-2,OK,official:back=1; official:front=1; official:side-1=1; official:side-2=1,
Acrylic-Grimdark-0026,Acrylic,Printify_Published_Mockups4,69f88472ffbc831dea086941,406909232951,Frost Agony Lantern Grimdark Ice Spirit 5x7 Acrylic Art Gothic Decor Shelf Gift,4,4,3,0,0,official:front|official:back|official:side-1|official:side-2,OK,official:back=1; official:front=1; official:side-1=1; official:side-2=1,
Acrylic-Grimdark-0027,Acrylic,Printify_Published_Mockups4,69f884ed83a8608fd80f239c,406909233684,Quiet Luxury Jade Relic Magenta 5x7 Acrylic Block Shelf Decor Gift Study Wall,4,4,3,0,0,official:front|official:back|official:side-1|official:side-2,OK,official:back=1; official:front=1; official:side-1=1; official:side-2=1,
Acrylic-Grimdark-0028,Acrylic,Printify_Published_Mockups8,69f88562be136844f00040a3,406909234435,Gothic Obsidian Shrine Soul Lantern 5x7 Acrylic Grimdark Artifact Display Shelf,4,4,3,0,0,official:front|official:back|official:side-1|official:side-2,OK,official:back=1; official:front=1; official:side-1=1; official:side-2=1,
Acrylic-Grimdark-0030,Acrylic,Printify_Published_Mockups4,69f886005da263f75f04fc9d,406909235356,Quiet Luxury Jade Relic Spectral 5x7 Acrylic Block Shelf Decor Gift Study Wall,4,4,3,0,0,official:front|official:back|official:side-1|official:side-2,OK,official:back=1; official:front=1; official:side-1=1; official:side-2=1,
Acrylic-Grimdark-0031,Acrylic,Printify_Published_Mockups4,69f88ee825819cdf3d057c87,406909236640,Collector Shelf Smoky Jade Midnight Sanctuary 5x7 Acrylic Block Shelf Decor,4,4,3,0,0,official:front|official:back|official:side-1|official:side-2,OK,official:back=1; official:front=1; official:side-1=1; official:side-2=1,
Acrylic-Grimdark-0032,Acrylic,Printify_Published_Mockups4,69f88fd4feed9979d10d0ce7,406909238227,Grimdark Amber Monastery Soul Lantern 5x7 Acrylic Art Gothic Decor Golden Flame,4,4,3,0,0,official:front|official:back|official:side-1|official:side-2,OK,official:back=1; official:front=1; official:side-1=1; official:side-2=1,
Acrylic-Grimdark-0033,Acrylic,Printify_Published_Mockups4,69f8904bc1f268dee601c34f,406909240724,Dark Study Smoky Jade Ethereal Archway Soul 5x7 Acrylic Block Shelf Decor Gift,4,4,3,0,0,official:front|official:back|official:side-1|official:side-2,OK,official:back=1; official:front=1; official:side-1=1; official:side-2=1,
Acrylic-Grimdark-0034,Acrylic,Printify_Published_Mockups4,69f890b8c1f268dee601c394,406909242546,Emerald Sanctum Soul Lantern Grimdark Art 5x7 Acrylic Mentor-Grade Collectible,4,4,3,0,0,official:front|official:back|official:side-1|official:side-2,OK,official:back=1; official:front=1; official:side-1=1; official:side-2=1,
Acrylic-Grimdark-0035,Acrylic,Printify_Published_Mockups8,69f89116b051b8a0e90b9662,406909243824,Quiet Luxury Jade Relic Twilight 5x7 Acrylic Block Shelf Decor Gift Study Wall,4,4,3,0,0,official:front|official:back|official:side-1|official:side-2,OK,official:back=1; official:front=1; official:side-1=1; official:side-2=1,
Acrylic-Grimdark-0036,Acrylic,Printify_Published_Mockups8,69f8918925819cdf3d057e2d,406909244688,Gothic Frost Cathedral Soul Lantern 5x7 Acrylic Display Grimdark Artifact Shelf,4,4,3,0,0,official:front|official:back|official:side-1|official:side-2,OK,official:back=1; official:front=1; official:side-1=1; official:side-2=1,
Acrylic-Grimdark-0037,Acrylic,Printify_Published_Mockups8,69f892035da263f75f05059e,406909247161,Gothic Onyx Shrine Soul Lantern 5x7 Acrylic Display Grimdark Collectible Shelf,4,4,3,0,0,official:front|official:back|official:side-1|official:side-2,OK,official:back=1; official:front=1; official:side-1=1; official:side-2=1,
Acrylic-Grimdark-0038,Acrylic,Printify_Published_Mockups4,69f8928b25819cdf3d057ef7,406910074365,Collector Shelf Smoky Jade Quiet Luxury 5x7 Acrylic Block Shelf Decor Gift Wall,4,4,3,0,0,official:front|official:back|official:side-1|official:side-2,OK,official:back=1; official:front=1; official:side-1=1; official:side-2=1,
Acrylic-Grimdark-0039,Acrylic,Printify_Published_Mockups4,69f8931cb051b8a0e90b97c7,406910075457,Quiet Luxury Jade Relic Smoky 5x7 Acrylic Block Shelf Decor Gift Study Wall,4,4,3,0,0,official:front|official:back|official:side-1|official:side-2,OK,official:back=1; official:front=1; official:side-1=1; official:side-2=1,
Acrylic-Grimdark-0040,Acrylic,Printify_Published_Mockups4,69f8937bbe136844f0004b36,406910076542,Smoky Jade Gothic Object Silver Moon Gate Soul Lantern 5x7 Acrylic Display Gift,4,4,3,0,0,official:front|official:back|official:side-1|official:side-2,OK,official:back=1; official:front=1; official:side-1=1; official:side-2=1,
Poster-Academia-0017,Poster,Printify_Published_Mockups8,69f89a94c1f268dee601cb9d,406903730229,Dark Academia Poster 12x18 Magister Torii Study Decor Scholarly Gift Wall Room,4,4,3,0,0,official:front|official:front-2|official:close-up|official:context-1,OK,official:close-up=1; official:context-1=1; official:front=1; official:front-2=1,
Poster-Academia-0019,Poster,Printify_Published_Mockups8,69f89b9ca70f06579a00a708,406903744471,Reading Nook Smoky Jade Wall Art Archivist 12x18 Matte Poster Apartment Decor,4,4,3,0,0,official:front|official:front-2|official:close-up|official:context-1,OK,official:close-up=1; official:context-1=1; official:front=1; official:front-2=1,
Poster-Academia-0020,Poster,Printify_Published_Mockups8,69f89c6f09f3b730240221b8,406903748661,Dark Academia Mentor Threshold Poster 12x18 Intellectual Study Room Decor Wall,4,4,3,0,0,official:front|official:front-2|official:close-up|official:context-1,OK,official:close-up=1; official:context-1=1; official:front=1; official:front-2=1,
Poster-Academia-0021,Poster,Printify_Published_Mockups8,69f89da69f68ab7cf001f531,406903754696,Dark Academia Celestial Chronometer Archive Sphere 12x18 Poster Study Decor,4,4,3,0,0,official:front|official:front-2|official:close-up|official:context-1,OK,official:close-up=1; official:context-1=1; official:front=1; official:front-2=1,
Poster-Academia-0022,Poster,Printify_Published_Mockups8,69f89eac011b67ecf8077844,406903758348,Dark Academia Temporal Reliquary Bell Jar 12x18 Poster Study Decor Wall Library,4,4,3,0,0,official:front|official:front-2|official:close-up|official:context-1,OK,official:close-up=1; official:context-1=1; official:front=1; official:front-2=1,
Poster-Academia-0023,Poster,Printify_Published_Mockups8,69f89fda2592a8ad8e0f2e79,406909147173,Hermetic Knowledge Lantern Dark Academia Poster 12x18 Library Decor Wall Study,4,4,3,0,0,official:front|official:front-2|official:close-up|official:context-1,OK,official:close-up=1; official:context-1=1; official:front=1; official:front-2=1,
Poster-Academia-0024,Poster,Printify_Published_Mockups8,69f8a454c1f268dee601d3ad,406909150037,Dark Academia Industrial Library Pressure Chamber Poster 12x18 Vintage Decor,4,4,3,0,0,official:front|official:front-2|official:close-up|official:context-1,OK,official:close-up=1; official:context-1=1; official:front=1; official:front-2=1,
Poster-Academia-0025,Poster,Printify_Published_Mockups4,69f903dec1f268dee601f679,406909153504,Dark Academia Chrono-Codex Terrarium 12x18 Poster Library Decor Wall Study Gift,4,4,3,0,0,official:front|official:front-2|official:close-up|official:context-1,OK,official:close-up=1; official:context-1=1; official:front=1; official:front-2=1,
Poster-Academia-0026,Poster,Printify_Published_Mockups4,69f904df97d964f736006a48,406909164941,Dark Academia Apothecary Cylinder 12x18 Poster Vintage Study Decor Wall Library,4,4,3,0,0,official:front|official:front-2|official:close-up|official:context-1,OK,official:close-up=1; official:context-1=1; official:front=1; official:front-2=1,
Poster-Academia-0027,Poster,Printify_Published_Mockups4,69f90607feed9979d10d40e7,406909216787,Dark Academia Astrolabe Dome Poster 12x18 Vintage Study Room Decor Wall Library,4,4,3,0,0,official:front|official:front-2|official:close-up|official:context-1,OK,official:close-up=1; official:context-1=1; official:front=1; official:front-2=1,
Poster-Academia-0028,Poster,Printify_Published_Mockups4,69f907b49f68ab7cf0022003,406909220927,Dark Academia Alchemist Retort Library Poster 12x18 Study Decor Wall Gift Room,4,4,3,0,0,official:front|official:front-2|official:close-up|official:context-1,OK,official:close-up=1; official:context-1=1; official:front=1; official:front-2=1,
Poster-Academia-0030,Poster,Printify_Published_Mockups8,69f90c957f4b346c8a0c603f,406909264998,Dark Academia Grimoire Preservation Capsule 12x18 Poster Study Decor Wall Gift,4,4,3,0,0,official:front|official:front-2|official:close-up|official:context-1,OK,official:close-up=1; official:context-1=1; official:front=1; official:front-2=1,
Poster-Academia-0031,Poster,Printify_Published_Mockups4,69fba23409770f1d9306b86d,406909266188,Dark Academia Botanical Codex Conservatory Poster 12x18 Study Decor Wall Gift,4,4,3,0,0,official:front|official:front-2|official:close-up|official:context-1,OK,official:close-up=1; official:context-1=1; official:front=1; official:front-2=1,
Poster-Academia-0032,Poster,Printify_Published_Mockups4,69fba266489d5635ab0e6504,406909268494,Dark Academia Observatory Archive Prism 12x18 Poster Study Room Decor Wall Gift,4,4,3,0,0,official:front|official:front-2|official:close-up|official:context-1,OK,official:close-up=1; official:context-1=1; official:front=1; official:front-2=1,
Poster-Academia-0033,Poster,Printify_Published_Mockups4,69fba28a6d07bd21600e1684,406909269321,Dark Academia Philosophical Theorem Reliquary Poster 12x18 Study Decor Wall,4,4,3,0,0,official:front|official:front-2|official:close-up|official:context-1,OK,official:close-up=1; official:context-1=1; official:front=1; official:front-2=1,
Poster-Academia-0034,Poster,Printify_Published_Mockups8,69fbbffef60a24b6d1034e4d,406909467980,Dark Academia Nautical Archive Barometer 12x18 Poster Study Decor Wall Library,4,4,3,0,0,official:front|official:front-2|official:close-up|official:context-1,OK,official:close-up=1; official:context-1=1; official:front=1; official:front-2=1,
Sticker-Academia-0005-FIX2,Sticker,Printify_Published_Mockups6,69fb7e754ce71ea8ae0c7af1,406909061109,Forbidden Grimoire Lock 4pc 6x6 Kiss-Cut Sticker Dark Academia Laptop Journal,3,3,3,0,0,official:front|official:context-1|official:context-2,OK,official:context-1=1; official:context-2=1; official:front=1,
Sticker-Academia-0006-FIX1,Sticker,Printify_Published_Mockups3,69fb804bff28e7d4030aa67d,406909095974,4pc Sticker Set Botanical Terrarium Lantern Vinyl Decals Laptop Bottle Dark,3,3,3,0,0,official:front|official:context-1|official:context-2,OK,official:context-1=1; official:context-2=1; official:front=1,
Sticker-Academia-0007-FIX1,Sticker,Printify_Published_Mockups3,69fb819d4c6544084c0f8370,406909097469,4pc Kiss-Cut Sticker Set Astrolabe Navigation Instrument Laptop Journal Bottle,3,3,3,0,0,official:front|official:context-1|official:context-2,OK,official:context-1=1; official:context-2=1; official:front=1,
Sticker-Academia-0008-FIX1,Sticker,Printify_Published_Mockups3,69fb82e64c6544084c0f83d5,406909100892,Ritual Incense Censer Gothic Academia 4pc 6x6 Vinyl Sticker Reader Writer Decor,3,3,3,0,0,official:front|official:context-1|official:context-2,OK,official:context-1=1; official:context-2=1; official:front=1,
Sticker-Academia-0009-FIX1,Sticker,Printify_Published_Mockups3,69fb868dc5114ecf420d2b93,406909114799,4pc Sticker Set Gothic Academia Cathedral Fragment Vinyl Decals Laptop Bottle,3,3,3,0,0,official:front|official:context-1|official:context-2,OK,official:context-1=1; official:context-2=1; official:front=1,
Sticker-Academia-0010-FIX1,Sticker,Printify_Published_Mockups3,69fb8749a7afceb9f70f1956,406909116716,Vintage Academia Compass Rose Talisman 4pc 6x6 Sticker Sheet Literary Cozy Gift,3,3,3,0,0,official:front|official:context-1|official:context-2,OK,official:context-1=1; official:context-2=1; official:front=1,
Sticker-Academia-0011-FIX1,Sticker,Printify_Published_Mockups3,69fb87aca7afceb9f70f1982,406909118000,Apothecary Poison Vial Vintage Academia 4pc 6x6 Kiss-Cut Vinyl Desk Collector,3,3,3,0,0,official:front|official:context-1|official:context-2,OK,official:context-1=1; official:context-2=1; official:front=1,
Sticker-Academia-0014-FIX1,Sticker,Printify_Published_Mockups3,69fb87efc5114ecf420d2c5a,406909119544,4pc Vinyl Sticker Set Microscope Observation Device Laptop Bottle Journal Dark,3,3,3,0,0,official:front|official:context-1|official:context-2,OK,official:context-1=1; official:context-2=1; official:front=1,
Sticker-Academia-0015-FIX1,Sticker,Printify_Published_Mockups6,69fb8805ee663532c8017f4f,406909121336,4pc Sticker Set Skeleton Key Portal Vinyl Decals Laptop Bottle Dark Academia,3,3,3,0,0,official:front|official:context-1|official:context-2,OK,official:context-1=1; official:context-2=1; official:front=1,
Sticker-Academia-0016-FIX1,Sticker,Printify_Published_Mockups6,69fb8811e5402c478e03108f,406909122790,4pc Kiss-Cut Sticker Set Gothic Academia Prism Light Refractor Laptop Journal,3,3,3,0,0,official:front|official:context-1|official:context-2,OK,official:context-1=1; official:context-2=1; official:front=1,
Sticker-Zen-0001-FIX1,Sticker,Printify_Published_Mockups6,69fb881f2b1da07362014876,406909124585,4pc Sticker Set Mindful Zen Koi Pond Vinyl Decals Laptop Bottle Zen Aesthetic,3,3,3,0,0,official:front|official:context-1|official:context-2,OK,official:context-1=1; official:context-2=1; official:front=1,
Sticker-Zen-0002-FIX1,Sticker,Printify_Published_Mockups6,69fb882c54fd3fbacf051371,406909125700,Minimal Zen Bonsai Tree of Serenity 4pc 6x6 Sticker Sheet Serene Mindful Clean,3,3,3,0,0,official:front|official:context-1|official:context-2,OK,official:context-1=1; official:context-2=1; official:front=1,
Sticker-Zen-0003-FIX1,Sticker,Printify_Published_Mockups6,69fb883cce0d8cb5570fa7cc,406909126789,Lotus Mandala Mindful Zen 4pc 6x6 Vinyl Sticker Yoga Minimalist Gift Gift Decor,3,3,3,0,0,official:front|official:context-1|official:context-2,OK,official:context-1=1; official:context-2=1; official:front=1,
Sticker-Zen-0004-FIX1,Sticker,Printify_Published_Mockups6,69fb8849e5402c478e0310af,406909127704,4pc Sticker Set Stone Guardian Lion Mindful Zen Vinyl Decals Laptop Bottle Zen,3,3,3,0,0,official:front|official:context-1|official:context-2,OK,official:context-1=1; official:context-2=1; official:front=1,
Sticker-Zen-0005-FIX1,Sticker,Printify_Published_Mockups3,69fbae614c6544084c0f95ec,406909342825,Bamboo Forest Minimal Zen 4pc 6x6 Kiss-Cut Vinyl Desk Collector Decor Misty Art,3,3,3,0,0,official:front|official:context-1|official:context-2,OK,official:context-1=1; official:context-2=1; official:front=1,
Sticker-Zen-0007-FIX1,Sticker,Printify_Published_Mockups6,69fbae7da7afceb9f70f2982,406909344491,4pc Sticker Set Cherry Blossom Branch Vinyl Decals Laptop Bottle Zen Aesthetic,3,3,3,0,0,official:front|official:context-1|official:context-2,OK,official:context-1=1; official:context-2=1; official:front=1,
Sticker-Zen-0008-FIX1,Sticker,Printify_Published_Mockups3,69fbae974c6544084c0f9610,406909345291,4pc Kiss-Cut Sticker Set Circle Ens Laptop Journal Bottle Zen Aesthetic Decal,3,3,3,0,0,official:front|official:context-1|official:context-2,OK,official:context-1=1; official:context-2=1; official:front=1,
Sticker-Zen-0009-FIX1,Sticker,Printify_Published_Mockups6,69fbaea961c4aefdea04aaaf,406909353931,Zen Aesthetic Praying Mantis on Rock 4pc 6x6 Kiss-Cut Sticker Laptop Journal,3,3,3,0,0,official:front|official:context-1|official:context-2,OK,official:context-1=1; official:context-2=1; official:front=1,
Sticker-Zen-0022-FIX1,Sticker,Printify_Published_Mockups6,69fbaeb9f60a24b6d1034575,406909354903,Mindful Zen Garden Stone Meis seki 4pc 6x6 Vinyl Sticker Laptop Journal Gift,3,3,3,0,0,official:front|official:context-1|official:context-2,OK,official:context-1=1; official:context-2=1; official:front=1,
Sticker-Zen-0024-FIX1,Sticker,Printify_Published_Mockups6,69fbaecbb8dd7e2bb0094b7c,406909355853,Mindful Zen Enso Circle with Crystals 4pc 6x6 Vinyl Sticker Laptop Journal Gift,3,3,3,0,0,official:front|official:context-1|official:context-2,OK,official:context-1=1; official:context-2=1; official:front=1,
Sticker-Zen-0025-FIX1,Sticker,Printify_Published_Mockups6,69fbaedb4c6544084c0f9620,406909359949,Koi Fish in Jade Pond Hisui no Koi Mindful Zen 4pc 6x6 Vinyl Sticker Yoga Luck,3,3,3,0,0,official:front|official:context-1|official:context-2,OK,official:context-1=1; official:context-2=1; official:front=1,
Sticker-Zen-0027-FIX1,Sticker,Printify_Published_Mockups6,69fbaeebce0d8cb5570fb7dc,406909364977,Minimal Zen Temple Lantern Zendera no T r 4pc 6x6 Sticker Sheet Serene Mindful,3,3,3,0,0,official:front|official:context-1|official:context-2,OK,official:context-1=1; official:context-2=1; official:front=1,
Sticker-Zen-0041-FIX1,Sticker,Printify_Published_Mockups6,69fbaefcc6dfbcc11107aa91,406909368739,Minimal Zen Kintsugi Gold Dragon 4pc 6x6 Sticker Sheet Serene Mindful Clean,3,3,3,0,0,official:front|official:context-1|official:context-2,OK,official:context-1=1; official:context-2=1; official:front=1,
Sticker-Zen-0042-FIX1,Sticker,Printify_Published_Mockups3,69fbaf12ff28e7d4030aba2d,406909373586,Bioluminescent Crystal Dragon Minimal Zen 4pc 6x6 Kiss-Cut Vinyl Desk Collector,3,3,3,0,0,official:front|official:context-1|official:context-2,OK,official:context-1=1; official:context-2=1; official:front=1,
Poster-Academia-0035,Poster,Printify_Published_Mockups8,69fbc023f60a24b6d1034e5c,406909471020,Dark Academia Poster Theological Codex Sanctuary 12x18 Study Decor Wall Library,4,4,3,0,0,official:front|official:front-2|official:close-up|official:context-1,OK,official:close-up=1; official:context-1=1; official:front=1; official:front-2=1,
Poster-Academia-0036,Poster,Printify_Published_Mockups8,69fbc0482b1da073620161ad,406909472775,Reading Nook Smoky Jade Wall Art Mechanical 12x18 Matte Poster Apartment Decor,4,4,3,0,0,official:front|official:front-2|official:close-up|official:context-1,OK,official:close-up=1; official:context-1=1; official:front=1; official:front-2=1,
Poster-Academia-0037,Poster,Printify_Published_Mockups8,69fbc06d61c4aefdea04b362,406909473606,Cryptographic Vault Cylinder Dark Academia Poster 12x18 Secret Knowledge Decor,4,4,3,0,0,official:front|official:front-2|official:close-up|official:context-1,OK,official:close-up=1; official:context-1=1; official:front=1; official:front-2=1,
Poster-Academia-0038,Poster,Printify_Published_Mockups8,69fbccf9ce0d8cb5570fc6f0,406910056059,Geological Archive Geode Dark Academia Poster 12x18 Mentor-Grade Decor Wall,4,4,3,0,0,official:front|official:front-2|official:close-up|official:context-1,OK,official:close-up=1; official:context-1=1; official:front=1; official:front-2=1,
Poster-Academia-0039,Poster,Printify_Published_Mockups8,69fbcd1aee663532c8019ec7,406910057355,Dark Academia Horological Manuscript Chamber Poster 12x18 Study Decor Wall Gift,4,4,3,0,0,official:front|official:front-2|official:close-up|official:context-1,OK,official:close-up=1; official:context-1=1; official:front=1; official:front-2=1,
Poster-Academia-0040,Poster,Printify_Published_Mockups8,69fbcd3eb8dd7e2bb0095af7,406910058626,Dark Academia Meteorological Orrery 12x18 Poster Study Decor Atmospheric Texts,4,4,3,0,0,official:front|official:front-2|official:close-up|official:context-1,OK,official:close-up=1; official:context-1=1; official:front=1; official:front-2=1,
Poster-Academia-0041,Poster,Printify_Published_Mockups8,69fbcd65cacc667dc70b7c2a,406910059060,Dark Academia Astrological Globe Poster 12x18 Study Room Decor Starlight Jade,4,4,3,0,0,official:front|official:front-2|official:close-up|official:context-1,OK,official:close-up=1; official:context-1=1; official:front=1; official:front-2=1,
Poster-Academia-0042,Poster,Printify_Published_Mockups8,69fbcd8a3014a1ea840da971,406910060084,Dark Academia Armillary Sphere Poster 12x18 Vintage Study Decor Zodiac Symbols,4,4,3,0,0,official:front|official:front-2|official:close-up|official:context-1,OK,official:close-up=1; official:context-1=1; official:front=1; official:front-2=1,
Sticker-Zen-0044-FIX1,Sticker,Printify_Published_Mockups3,69fbdfc9f60a24b6d1035f8b,406909884756,Zen Aesthetic Dragon Coil 4pc 6x6 Kiss-Cut Sticker Laptop Journal Water Bottle,3,3,3,0,0,official:front|official:context-1|official:context-2,OK,official:context-1=1; official:context-2=1; official:front=1,
Sticker-Zen-0045-FIX1,Sticker,Printify_Published_Mockups6,69fc03470ce75ae193034081,406909890800,Floating Dragon Minimal Zen 4pc 6x6 Kiss-Cut Vinyl Desk Collector Decor Sky Art,3,3,3,0,0,official:front|official:context-1|official:context-2,OK,official:context-1=1; official:context-2=1; official:front=1,
Sticker-Zen-0046-FIX1,Sticker,Printify_Published_Mockups6,69fc035bce0d8cb5570fe6af,406909891985,Zen Aesthetic Dragon and Pearl 4pc 6x6 Kiss-Cut Sticker Laptop Journal Water,3,3,3,0,0,official:front|official:context-1|official:context-2,OK,official:context-1=1; official:context-2=1; official:front=1,
Sticker-Zen-0049-FIX1,Sticker,Printify_Published_Mockups6,69fc036aee663532c801be71,406909893702,Sleeping Dragon Minimal Zen 4pc 6x6 Kiss-Cut Vinyl Desk Collector Decor Laptop,3,3,3,0,0,official:front|official:context-1|official:context-2,OK,official:context-1=1; official:context-2=1; official:front=1,
Sticker-Zen-0050-FIX1,Sticker,Printify_Published_Mockups6,69fc0639ee663532c801bff2,406909904704,Translucent Jade Dragon Mindful Zen 4pc 6x6 Vinyl Sticker Yoga Minimalist Gift,3,3,3,0,0,official:front|official:context-1|official:context-2,OK,official:context-1=1; official:context-2=1; official:front=1,
Sticker-Zen-0051-FIX1,Sticker,Printify_Published_Mockups6,69fc06482007fddea00dcf21,406909905683,Kintsugi Gold Dragon Mindful Zen 4pc 6x6 Vinyl Sticker Yoga Minimalist Gift,3,3,3,0,0,official:front|official:context-1|official:context-2,OK,official:context-1=1; official:context-2=1; official:front=1,
Sticker-Zen-0052-FIX1,Sticker,Printify_Published_Mockups6,69fc0655ee663532c801bffc,406909906686,Bioluminescent Dragon 4pc 6x6 Kiss-Cut Sticker Zen Aesthetic Laptop Journal,3,3,3,0,0,official:front|official:context-1|official:context-2,OK,official:context-1=1; official:context-2=1; official:front=1,
Sticker-Zen-0053-FIX1,Sticker,Printify_Published_Mockups6,69fc06640ce75ae19303421a,406909907111,Crystalline Dragon Minimal Zen 4pc 6x6 Kiss-Cut Vinyl Desk Collector Decor Gift,3,3,3,0,0,official:front|official:context-1|official:context-2,OK,official:context-1=1; official:context-2=1; official:front=1,
Sticker-Zen-0054-FIX1,Sticker,Printify_Published_Mockups6,69fc0674ee663532c801c009,406909907742,Dragon Meditation Minimal Zen 4pc 6x6 Kiss-Cut Vinyl Desk Collector Decor Gift,3,3,3,0,0,official:front|official:context-1|official:context-2,OK,official:context-1=1; official:context-2=1; official:front=1,
Sticker-Zen-0055-FIX1,Sticker,Printify_Published_Mockups3,69fcad74346e75ac9f07d550,406910984204,Quiet Desk Sticker Pack Azure Dragon Warrior 4pc 6x6 Kiss-Cut Vinyl Laptop Gift,3,3,3,0,0,official:front|official:context-1|official:context-2,OK,official:context-1=1; official:context-2=1; official:front=1,
Sticker-Zen-0056-FIX1,Sticker,Printify_Published_Mockups3,69fcb688d0e6f406f20a3d2a,406911030956,Reading Nook Vinyl Set Dragon Cherry Blossom 4pc 6x6 Kiss-Cut Vinyl Laptop Gift,3,3,3,0,0,official:front|official:context-1|official:context-2,OK,official:context-1=1; official:context-2=1; official:front=1,
Sticker-Zen-0057-FIX1,Sticker,Printify_Published,69fcb8762007fddea00e4ebe,406911046712,Wabi Sabi Journal Decals Moonlit Dragon 4pc 6x6 Kiss-Cut Vinyl Laptop Journal,3,3,3,0,0,official:front|official:context-1|official:context-2,OK,official:context-1=1; official:context-2=1; official:front=1,
Sticker-Zen-0058-FIX1,Sticker,Printify_Published,69fcbabcbb3409c48f0e342c,406911102240,Smoky Jade Sticker Set Dragon Calligraphy Serene Clean 4pc 6x6 Kiss-Cut Vinyl,3,3,3,0,0,official:front|official:context-1|official:context-2,OK,official:context-1=1; official:context-2=1; official:front=1,
Sticker-Zen-0060-FIX1,Sticker,Printify_Published,69fcc02e6a069c45c0013c52,406911120974,Reading Nook Vinyl Set Translucent Jade Dragon Serene Clean 4pc 6x6 Kiss-Cut,3,3,3,0,0,official:front|official:context-1|official:context-2,OK,official:context-1=1; official:context-2=1; official:front=1,
Sticker-Zen-0061-FIX1,Sticker,Printify_Published_Mockups3,69fcf2ccf2b2884ff107c609,406911452547,Wabi Sabi Journal Decals Kintsugi Gold Dragon Serene Calm 4pc 6x6 Kiss-Cut Gift,3,3,3,0,0,official:front|official:context-1|official:context-2,OK,official:context-1=1; official:context-2=1; official:front=1,
Sticker-Zen-0062-FIX1,Sticker,Printify_Published_Mockups3,69fcfa3363b7f727e7012b1a,406911488570,Smoky Jade Sticker Set Bioluminescent Dragon 4pc 6x6 Kiss-Cut Vinyl Laptop Gift,3,3,3,0,0,official:front|official:context-1|official:context-2,OK,official:context-1=1; official:context-2=1; official:front=1,
Sticker-Zen-0063-FIX1,Sticker,Printify_Published_Mockups3,69fcfb2d111bf518b6078098,406911494155,Crystalline Dragon Core 4pc 6x6 Kiss-Cut Sticker Zen Aesthetic Laptop Journal,3,3,3,0,0,official:front|official:context-1|official:context-2,OK,official:context-1=1; official:context-2=1; official:front=1,
Sticker-Zen-0066-FIX1,Sticker,Printify_Published_Mockups3,69fcfd2914568b768c07abd9,406911509730,Golden Vein Circuitry Dragon 4pc 6x6 Kiss-Cut Sticker Zen Aesthetic Laptop Gift,3,3,3,0,0,official:front|official:context-1|official:context-2,OK,official:context-1=1; official:context-2=1; official:front=1,
Sticker-Zen-0069-FIX1,Sticker,Printify_Published_Mockups3,69fcff15cd220b844e0f655c,406911531255,Minimal Zen Dragon Guardian 4pc 6x6 Sticker Sheet Serene Mindful Clean Decor,3,3,3,0,0,official:front|official:context-1|official:context-2,OK,official:context-1=1; official:context-2=1; official:front=1,
Sticker-Zen-0070-FIX1,Sticker,Printify_Published_Mockups3,69fd002f096d6b4f0000a934,406911541926,Minimal Zen Jade Phoenix Ascension 4pc 6x6 Sticker Sheet Serene Mindful Clean,3,3,3,0,0,official:front|official:context-1|official:context-2,OK,official:context-1=1; official:context-2=1; official:front=1,
Sticker-Zen-0071-FIX1,Sticker,Printify_Published_Mockups3,69fd00ca9f7703138202688c,406911551031,Zen Aesthetic Lotus Lantern Vessel 4pc 6x6 Kiss-Cut Sticker Laptop Journal Gift,3,3,3,0,0,official:front|official:context-1|official:context-2,OK,official:context-1=1; official:context-2=1; official:front=1,
Acrylic-Grimdark-0081-FIX1,Acrylic,Printify_Published_Mockups4,69fd02f3d70cf705c50f4d27,406911568594,Smoky Jade Desk Object Plague Doctor Raven Skull Alchemy 5x7 Acrylic Photo Gift,4,4,3,0,0,official:front|official:back|official:side-1|official:side-2,OK,official:back=1; official:front=1; official:side-1=1; official:side-2=1,
Acrylic-Zen-0001-FIX1,Acrylic,Printify_Published_Mockups4,69fd040f6873b551670941bd,406911574121,Smoky Jade Desk Object Mechanical Crane Calm Origami Sculpture 5x7 Acrylic Gift,4,4,3,0,0,official:front|official:back|official:side-1|official:side-2,OK,official:back=1; official:front=1; official:side-1=1; official:side-2=1,
Poster-Academia-0001-FIX1,Poster,Printify_Published,69fd05fcd70cf705c50f4ef9,406911589289,Celestial Gateway Dark Academia Poster 12x18 Study Decor Moonstone Architecture,4,4,3,0,0,official:front|official:front-2|official:close-up|official:context-1,OK,official:close-up=1; official:context-1=1; official:front=1; official:front-2=1,
Poster-Academia-0003-FIX1,Poster,Printify_Published,69fd095c9f77031382026de2,406911598735,Reading Nook Wall Decor Serpentine Portal of Alchemical Texts 12x18 Matte Gift,4,4,3,0,0,official:front|official:front-2|official:close-up|official:context-1,OK,official:close-up=1; official:context-1=1; official:front=1; official:front-2=1,
