timestamp,window,task_class,priority,decision,reason,max_parallel,batch_size,cooldown_minutes,cpu_load_pct,memory_used_pct,temperature_c,power_status
2026-05-07T00:12:31-04:00,night_heavy,image_batch,80,RUN_CONSERVATIVE,temperature sensor DENIED_OR_UNAVAILABLE; using CPU/memory proxy; cpu high 100.0%; memory elevated 89.5%,1,2,0,100.0,89.5,,AC_CHARGING
2026-05-07T00:12:31-04:00,night_heavy,local_heavy,50,RUN_CONSERVATIVE,temperature sensor DENIED_OR_UNAVAILABLE; using CPU/memory proxy; cpu high 100.0%; memory elevated 89.2%,1,2,0,100.0,89.2,,AC_CHARGING
2026-05-07T00:12:51-04:00,night_heavy,online_publish_safe,95,RUN_CONSERVATIVE,temperature sensor DENIED_OR_UNAVAILABLE; using CPU/memory proxy; memory elevated 88.3%,1,2,0,62.0,88.3,,AC_CHARGING
2026-05-07T00:14:16-04:00,night_heavy,local_heavy,50,RUN_CONSERVATIVE,temperature sensor DENIED_OR_UNAVAILABLE; using CPU/memory proxy; cpu high 100.0%; memory elevated 90.7%,1,2,0,100.0,90.7,,AC_CHARGING
2026-05-07T01:30:18-04:00,cruise,qa_batch,50,RUN_CONSERVATIVE,temperature sensor DENIED_OR_UNAVAILABLE; using CPU/memory proxy; cruise target CPU 40-50%; current 64.0%,1,2,0,64.0,78.2,,AC_CHARGING
2026-05-07T01:30:43-04:00,cruise,qa_batch,50,RUN,temperature sensor DENIED_OR_UNAVAILABLE; using CPU/memory proxy,1,4,0,36.0,79.0,,AC_CHARGING
2026-05-07T01:30:57-04:00,cruise,qa_batch,50,RUN_CONSERVATIVE,temperature sensor DENIED_OR_UNAVAILABLE; using CPU/memory proxy; cruise target CPU 40-50%; current 52.0%,1,2,0,52.0,79.4,,AC_CHARGING
2026-05-07T01:34:19-04:00,cruise,qa_batch,50,RUN_CONSERVATIVE,temperature sensor DENIED_OR_UNAVAILABLE; using CPU/memory proxy; memory elevated 85.6%,1,2,0,35.0,85.6,,AC_CHARGING
2026-05-07T01:41:30-04:00,cruise,qa_batch,50,RUN_CONSERVATIVE,temperature sensor DENIED_OR_UNAVAILABLE; using CPU/memory proxy; memory elevated 86.7%,1,2,0,44.0,86.7,,AC_CHARGING
2026-05-07T01:41:55-04:00,cruise,qa_batch,50,RUN_CONSERVATIVE,temperature sensor DENIED_OR_UNAVAILABLE; using CPU/memory proxy; memory elevated 87.0%,1,2,0,46.0,87.0,,AC_CHARGING
2026-05-07T01:42:46-04:00,cruise,qa_batch,50,RUN_CONSERVATIVE,temperature sensor DENIED_OR_UNAVAILABLE; using CPU/memory proxy; memory elevated 87.3%,1,2,0,40.0,87.3,,AC_CHARGING
2026-05-07T01:43:32-04:00,cruise,qa_batch,50,RUN_CONSERVATIVE,temperature sensor DENIED_OR_UNAVAILABLE; using CPU/memory proxy; memory elevated 84.1%; cruise target CPU 40-50%; current 60.0%,1,2,0,60.0,84.1,,AC_CHARGING
2026-05-07T01:44:49-04:00,cruise,qa_batch,50,RUN_CONSERVATIVE,temperature sensor DENIED_OR_UNAVAILABLE; using CPU/memory proxy; memory elevated 83.9%; cruise target CPU 40-50%; current 69.0%,1,2,0,69.0,83.9,,AC_CHARGING
2026-05-07T02:12:02-04:00,cruise,online_publish_safe,50,RUN_CONSERVATIVE,temperature sensor DENIED_OR_UNAVAILABLE; using CPU/memory proxy; memory elevated 84.3%; cruise target CPU 40-50%; current 60.0%; hardware cooldown active 13m: temperature DENIED_OR_UNAVAILABLE; cpu elevated 76.0%; sustained warm streak=6,1,2,0,60.0,84.3,,AC_CHARGING
2026-05-07T02:12:26-04:00,cruise,qa_batch,50,PAUSE_COOLDOWN,temperature sensor DENIED_OR_UNAVAILABLE; using CPU/memory proxy; memory elevated 86.1%; hardware cooldown active 13m: temperature DENIED_OR_UNAVAILABLE; cpu elevated 76.0%; sustained warm streak=6,0,0,13,32.0,86.1,,AC_CHARGING
2026-05-07T02:17:13-04:00,cruise,qa_batch,50,PAUSE_COOLDOWN,temperature sensor DENIED_OR_UNAVAILABLE; using CPU/memory proxy; memory elevated 88.6%; cruise target CPU 40-50%; current 52.0%; hardware cooldown active 8m: temperature DENIED_OR_UNAVAILABLE; cpu elevated 76.0%; sustained warm streak=6,0,0,8,52.0,88.6,,AC_CHARGING
2026-05-07T02:32:01-04:00,cruise,qa_batch,50,PAUSE_COOLDOWN,temperature sensor DENIED_OR_UNAVAILABLE; using CPU/memory proxy; memory elevated 91.1%; cruise target CPU 40-50%; current 57.0%; hardware cooldown active 18m: temperature DENIED_OR_UNAVAILABLE; memory elevated 90.5%; sustained warm streak=6,0,0,18,57.0,91.1,,AC_CHARGING
"2026-05-07T06:05:12-04:00","morning_reports","report_batch","50","RUN","temperature sensor DENIED_OR_UNAVAILABLE; using CPU/memory proxy","2","5","0",,,,"AC_OR_NO_BATTERY"
"2026-05-07T06:06:31-04:00","morning_reports","report_batch","50","RUN","temperature sensor DENIED_OR_UNAVAILABLE; using CPU/memory proxy; cpu/memory proxy healthy","2","5","0","2","77.7",,"AC_OR_NO_BATTERY"
2026-05-07T07:25:49-04:00,morning_reports,report_batch,50,RUN,temperature sensor DENIED_OR_UNAVAILABLE; using CPU/memory proxy,2,5,0,30.0,80.9,,AC_CHARGING
2026-05-07T07:28:13-04:00,morning_reports,report_batch,50,RUN_CONSERVATIVE,temperature sensor DENIED_OR_UNAVAILABLE; using CPU/memory proxy; cpu elevated 80.0%,1,2,0,80.0,80.9,,AC_CHARGING
2026-05-07T07:28:44-04:00,morning_reports,report_batch,50,RUN,temperature sensor DENIED_OR_UNAVAILABLE; using CPU/memory proxy,2,5,0,39.0,80.9,,AC_CHARGING
2026-05-07T07:28:44-04:00,morning_reports,report_batch,50,RUN,temperature sensor DENIED_OR_UNAVAILABLE; using CPU/memory proxy,2,5,0,39.0,80.9,,AC_CHARGING
2026-05-07T07:29:43-04:00,morning_reports,report_batch,50,RUN,temperature sensor DENIED_OR_UNAVAILABLE; using CPU/memory proxy,2,5,0,62.0,80.6,,AC_CHARGING
2026-05-07T07:29:55-04:00,morning_reports,report_batch,50,RUN,temperature sensor DENIED_OR_UNAVAILABLE; using CPU/memory proxy,2,5,0,43.0,80.5,,AC_CHARGING
2026-05-07T07:32:06-04:00,morning_reports,report_batch,50,RUN,temperature sensor DENIED_OR_UNAVAILABLE; using CPU/memory proxy,2,5,0,53.0,81.7,,AC_CHARGING
2026-05-07T07:32:35-04:00,morning_reports,report_batch,50,RUN_CONSERVATIVE,temperature sensor DENIED_OR_UNAVAILABLE; using CPU/memory proxy; memory elevated 82.1%,1,2,0,56.0,82.1,,AC_CHARGING
2026-05-07T07:33:02-04:00,morning_reports,report_batch,50,RUN_CONSERVATIVE,temperature sensor DENIED_OR_UNAVAILABLE; using CPU/memory proxy; memory elevated 82.4%,1,2,0,39.0,82.4,,AC_CHARGING
2026-05-07T07:34:30-04:00,morning_reports,report_batch,50,RUN_CONSERVATIVE,temperature sensor DENIED_OR_UNAVAILABLE; using CPU/memory proxy; memory elevated 82.8%,1,2,0,31.0,82.8,,AC_CHARGING
2026-05-07T09:30:03-04:00,morning_reports,memory_cleanup,80,RUN_CONSERVATIVE,temperature sensor DENIED_OR_UNAVAILABLE; using CPU/memory proxy; cpu elevated 81.0%; hardware cooldown active 11m: temperature DENIED_OR_UNAVAILABLE; memory elevated 91.5%; sustained warm streak=6,1,1,0,81.0,86.4,,AC_CHARGING
2026-05-07T09:49:50-04:00,morning_reports,online_publish_safe,50,RUN_CONSERVATIVE,temperature sensor DENIED_OR_UNAVAILABLE; using CPU/memory proxy; memory elevated 83.0%; hardware cooldown active 11m: temperature DENIED_OR_UNAVAILABLE; cpu 91.0%; cooldown heartbeat,1,2,0,54.0,83.0,,AC_CHARGING
2026-05-07T09:51:59-04:00,morning_reports,report_batch,50,RUN_CONSERVATIVE,temperature sensor DENIED_OR_UNAVAILABLE; using CPU/memory proxy; hardware cooldown active 9m: temperature DENIED_OR_UNAVAILABLE; cpu 91.0%; cooldown heartbeat,1,2,0,49.0,79.4,,AC_CHARGING
2026-05-07T09:52:19-04:00,morning_reports,report_batch,50,RUN,temperature sensor DENIED_OR_UNAVAILABLE; using CPU/memory proxy,2,5,0,49.0,79.9,,AC_CHARGING
2026-05-07T09:52:19-04:00,morning_reports,report_batch,50,RUN,temperature sensor DENIED_OR_UNAVAILABLE; using CPU/memory proxy,2,5,0,46.0,79.9,,AC_CHARGING
2026-05-07T09:53:01-04:00,morning_reports,report_batch,50,RUN,temperature sensor DENIED_OR_UNAVAILABLE; using CPU/memory proxy; cpu high 100.0%,2,5,0,100.0,79.7,,AC_CHARGING
2026-05-07T09:53:37-04:00,morning_reports,report_batch,50,RUN_CONSERVATIVE,temperature sensor DENIED_OR_UNAVAILABLE; using CPU/memory proxy; cpu high 100.0%; memory elevated 84.6%,1,2,0,100.0,84.6,,AC_CHARGING
2026-05-07T09:57:42-04:00,morning_reports,report_batch,50,RUN_CONSERVATIVE,temperature sensor DENIED_OR_UNAVAILABLE; using CPU/memory proxy; memory elevated 82.1%; hardware cooldown active 16m: temperature DENIED_OR_UNAVAILABLE; memory elevated 85.3%; sustained warm streak=3,1,2,0,9.0,82.1,,AC_CHARGING
"2026-05-07T10:06:47-04:00","peak_rex_online","single_browser_task","50","RUN","temperature sensor DENIED_OR_UNAVAILABLE; using CPU/memory proxy","1","1","0","17.1","80.9",,"AC_OR_NO_BATTERY"
2026-05-07T10:10:18-04:00,peak_rex_online,single_browser_task,50,RUN_CONSERVATIVE,temperature sensor DENIED_OR_UNAVAILABLE; using CPU/memory proxy; memory elevated 83.7%,1,1,0,22.0,83.7,,AC_CHARGING
2026-05-07T10:35:59-04:00,peak_rex_online,single_browser_task,70,RUN_CONSERVATIVE,temperature sensor DENIED_OR_UNAVAILABLE; using CPU/memory proxy; cpu elevated 76.0%,1,1,0,76.0,82.2,,AC_CHARGING
2026-05-07T10:36:43-04:00,peak_rex_online,single_browser_task,50,RUN,temperature sensor DENIED_OR_UNAVAILABLE; using CPU/memory proxy,1,1,0,62.0,79.3,,AC_CHARGING
2026-05-07T10:37:12-04:00,peak_rex_online,single_browser_task,50,RUN_CONSERVATIVE,temperature sensor DENIED_OR_UNAVAILABLE; using CPU/memory proxy; cpu high 97.0%; memory elevated 82.1%,1,1,0,97.0,82.1,,AC_CHARGING
2026-05-07T10:40:29-04:00,peak_rex_online,single_browser_task,50,PAUSE_COOLDOWN,temperature sensor DENIED_OR_UNAVAILABLE; using CPU/memory proxy; memory elevated 83.2%; hardware cooldown active 18m: temperature DENIED_OR_UNAVAILABLE; memory elevated 82.5%; sustained warm streak=3,0,0,18,60.0,83.2,,AC_CHARGING
2026-05-07T10:41:41-04:00,peak_rex_online,single_browser_task,75,PAUSE_COOLDOWN,temperature sensor DENIED_OR_UNAVAILABLE; using CPU/memory proxy; memory elevated 82.6%; hardware cooldown active 17m: temperature DENIED_OR_UNAVAILABLE; memory elevated 82.5%; sustained warm streak=3,0,0,17,45.0,82.6,,AC_CHARGING
2026-05-07T10:43:43-04:00,peak_rex_online,single_browser_task,50,PAUSE_COOLDOWN,temperature sensor DENIED_OR_UNAVAILABLE; using CPU/memory proxy; memory elevated 83.2%; hardware cooldown active 17m: temperature DENIED_OR_UNAVAILABLE; memory elevated 82.6%; sustained warm streak=5,0,0,17,60.0,83.2,,AC_CHARGING
2026-05-07T10:49:22-04:00,peak_rex_online,single_browser_task,50,PAUSE_COOLDOWN,temperature sensor DENIED_OR_UNAVAILABLE; using CPU/memory proxy; memory elevated 86.2%; hardware cooldown active 28m: temperature DENIED_OR_UNAVAILABLE; cpu 100.0%; cooldown heartbeat,0,0,28,34.0,86.2,,AC_CHARGING
2026-05-07T10:50:04-04:00,peak_rex_online,single_browser_task,50,RUN_CONSERVATIVE,temperature sensor DENIED_OR_UNAVAILABLE; using CPU/memory proxy; cpu elevated 85.0%,1,1,0,85.0,88.8,,AC_CHARGING
2026-05-07T10:50:04-04:00,peak_rex_online,single_browser_task,50,RUN_CONSERVATIVE,temperature sensor DENIED_OR_UNAVAILABLE; using CPU/memory proxy; cpu elevated 85.0%,1,1,0,85.0,88.9,,AC_CHARGING
2026-05-07T11:10:23-04:00,peak_rex_online,single_browser_task,50,RUN,temperature sensor DENIED_OR_UNAVAILABLE; using CPU/memory proxy,1,1,0,23.0,81.0,,AC_CHARGING
2026-05-07T11:30:39-04:00,peak_rex_online,single_browser_task,50,RUN,temperature sensor DENIED_OR_UNAVAILABLE; using CPU/memory proxy; cpu high 100.0%,1,1,0,100.0,77.8,,AC_CHARGING
2026-05-07T11:40:17-04:00,peak_rex_online,single_browser_task,50,RUN,temperature sensor DENIED_OR_UNAVAILABLE; using CPU/memory proxy,1,1,0,26.0,78.0,,AC_CHARGING
2026-05-07T11:49:36-04:00,peak_rex_online,single_browser_task,50,RUN_CONSERVATIVE,temperature sensor DENIED_OR_UNAVAILABLE; using CPU/memory proxy; memory elevated 86.7%,1,1,0,56.0,86.7,,AC_CHARGING
2026-05-07T11:51:14-04:00,peak_rex_online,single_browser_task,50,RUN_CONSERVATIVE,temperature sensor DENIED_OR_UNAVAILABLE; using CPU/memory proxy; cpu high 97.0%; memory elevated 85.5%,1,1,0,97.0,85.5,,AC_CHARGING
2026-05-07T11:53:58-04:00,peak_rex_online,single_browser_task,50,RUN,temperature sensor DENIED_OR_UNAVAILABLE; using CPU/memory proxy,1,1,0,54.0,80.7,,AC_CHARGING
2026-05-07T12:01:02-04:00,peak_rex_online,single_browser_task,50,RUN_CONSERVATIVE,temperature sensor DENIED_OR_UNAVAILABLE; using CPU/memory proxy; memory elevated 84.4%,1,1,0,70.0,84.4,,AC_CHARGING
2026-05-07T12:04:19-04:00,peak_rex_online,single_browser_task,50,RUN_CONSERVATIVE,temperature sensor DENIED_OR_UNAVAILABLE; using CPU/memory proxy; memory elevated 85.7%,1,1,0,34.0,85.7,,AC_CHARGING
2026-05-07T12:07:21-04:00,peak_rex_online,single_browser_task,50,RUN_CONSERVATIVE,temperature sensor DENIED_OR_UNAVAILABLE; using CPU/memory proxy; cpu elevated 83.0%,1,1,0,83.0,79.1,,AC_CHARGING
2026-05-07T12:10:20-04:00,peak_rex_online,single_browser_task,50,RUN,temperature sensor DENIED_OR_UNAVAILABLE; using CPU/memory proxy,1,1,0,50.0,81.5,,AC_CHARGING
2026-05-07T12:22:15-04:00,peak_rex_online,single_browser_task,50,RUN_CONSERVATIVE,temperature sensor DENIED_OR_UNAVAILABLE; using CPU/memory proxy; cpu high 100.0%; memory elevated 82.6%,1,1,0,100.0,82.6,,AC_CHARGING
2026-05-07T12:23:51-04:00,peak_rex_online,single_browser_task,50,RUN_CONSERVATIVE,temperature sensor DENIED_OR_UNAVAILABLE; using CPU/memory proxy; cpu high 100.0%; memory elevated 84.1%,1,1,0,100.0,84.1,,AC_CHARGING
2026-05-07T12:24:32-04:00,peak_rex_online,single_browser_task,50,RUN_CONSERVATIVE,temperature sensor DENIED_OR_UNAVAILABLE; using CPU/memory proxy; cpu elevated 76.0%,1,1,0,76.0,83.0,,AC_CHARGING
2026-05-07T12:27:36-04:00,peak_rex_online,single_browser_task,50,RUN_CONSERVATIVE,temperature sensor DENIED_OR_UNAVAILABLE; using CPU/memory proxy; memory elevated 83.0%,1,1,0,67.0,83.0,,AC_CHARGING
2026-05-07T12:30:16-04:00,peak_rex_online,single_browser_task,50,RUN_CONSERVATIVE,temperature sensor DENIED_OR_UNAVAILABLE; using CPU/memory proxy; memory elevated 82.8%,1,1,0,44.0,82.8,,AC_CHARGING
2026-05-07T12:37:57-04:00,peak_rex_online,single_browser_task,50,RUN_CONSERVATIVE,temperature sensor DENIED_OR_UNAVAILABLE; using CPU/memory proxy; memory elevated 83.5%,1,1,0,63.0,83.5,,AC_CHARGING
2026-05-07T12:39:48-04:00,peak_rex_online,single_browser_task,50,RUN_CONSERVATIVE,temperature sensor DENIED_OR_UNAVAILABLE; using CPU/memory proxy; cpu elevated 77.0%,1,1,0,77.0,83.2,,AC_CHARGING
2026-05-07T12:40:18-04:00,peak_rex_online,single_browser_task,50,RUN_CONSERVATIVE,temperature sensor DENIED_OR_UNAVAILABLE; using CPU/memory proxy; memory elevated 85.5%,1,1,0,34.0,85.5,,AC_CHARGING
2026-05-07T12:47:08-04:00,peak_rex_online,single_browser_task,50,RUN_CONSERVATIVE,temperature sensor DENIED_OR_UNAVAILABLE; using CPU/memory proxy; memory elevated 86.5%,1,1,0,49.0,86.5,,AC_CHARGING
2026-05-07T12:49:12-04:00,peak_rex_online,single_browser_task,50,RUN_CONSERVATIVE,temperature sensor DENIED_OR_UNAVAILABLE; using CPU/memory proxy; cpu high 100.0%; memory elevated 87.7%,1,1,0,100.0,87.7,,AC_CHARGING
2026-05-07T13:10:20-04:00,peak_rex_online,single_browser_task,50,RUN_CONSERVATIVE,temperature sensor DENIED_OR_UNAVAILABLE; using CPU/memory proxy; memory elevated 86.2%,1,1,0,30.0,86.2,,AC_CHARGING
2026-05-07T13:40:16-04:00,peak_rex_online,single_browser_task,50,RUN_CONSERVATIVE,temperature sensor DENIED_OR_UNAVAILABLE; using CPU/memory proxy; memory elevated 87.0%,1,1,0,29.0,87.0,,AC_CHARGING
"2026-05-07T14:07:14-04:00","peak_rex_online","single_browser_task","50","RUN","temperature sensor DENIED_OR_UNAVAILABLE; using CPU/memory proxy","1","1","0","0","0",,"AC_OR_NO_BATTERY"
"2026-05-07T14:09:06-04:00","peak_rex_online","single_browser_task","50","PAUSE_COOLDOWN","temperature sensor DENIED_OR_UNAVAILABLE; using CPU/memory proxy; temperature DENIED_OR_UNAVAILABLE; fan UNAVAILABLE; memory available 1013MB (estimated physical used 91.6%)","0","0","30","22.6","91.6",,"UNKNOWN_CIM_DENIED"
2026-05-07T14:10:45-04:00,peak_rex_online,single_browser_task,50,PAUSE_COOLDOWN,temperature sensor DENIED_OR_UNAVAILABLE; using CPU/memory proxy; cpu elevated 85.0%; hardware cooldown active 28m: temperature DENIED_OR_UNAVAILABLE; fan UNAVAILABLE; memory available 1013MB (estimated physical used 91.6%); cooldown heartbeat; Python/CIM sampling unstable,0,0,28,85.0,89.7,,AC_CHARGING
2026-05-07T14:40:34-04:00,peak_rex_online,single_browser_task,50,RUN,temperature sensor DENIED_OR_UNAVAILABLE; using CPU/memory proxy; memory high 92.4%,1,1,0,17.0,92.4,,AC_CHARGING
2026-05-07T15:10:38-04:00,peak_rex_online,single_browser_task,50,RUN_CONSERVATIVE,temperature sensor DENIED_OR_UNAVAILABLE; using CPU/memory proxy; memory elevated 90.9%,1,1,0,16.0,90.9,,AC_CHARGING
2026-05-07T15:40:37-04:00,peak_rex_online,single_browser_task,50,RUN,temperature sensor DENIED_OR_UNAVAILABLE; using CPU/memory proxy,1,1,0,37.0,80.2,,AC_CHARGING
2026-05-07T15:58:05-04:00,peak_rex_online,single_browser_task,50,RUN_CONSERVATIVE,temperature sensor DENIED_OR_UNAVAILABLE; using CPU/memory proxy; memory elevated 83.9%,1,1,0,25.0,83.9,,AC_CHARGING
2026-05-07T15:58:32-04:00,peak_rex_online,single_browser_task,50,RUN_CONSERVATIVE,temperature sensor DENIED_OR_UNAVAILABLE; using CPU/memory proxy; cpu high 88.0%; memory elevated 85.4%,1,1,0,88.0,85.4,,AC_CHARGING
2026-05-07T16:10:20-04:00,peak_rex_online,single_browser_task,50,RUN_CONSERVATIVE,temperature sensor DENIED_OR_UNAVAILABLE; using CPU/memory proxy; memory elevated 87.1%,1,1,0,23.0,87.1,,AC_CHARGING
2026-05-07T16:40:29-04:00,peak_rex_online,single_browser_task,50,RUN_CONSERVATIVE,temperature sensor DENIED_OR_UNAVAILABLE; using CPU/memory proxy; memory elevated 83.1%,1,1,0,31.0,83.1,,AC_CHARGING
2026-05-07T16:44:31-04:00,peak_rex_online,single_browser_task,50,RUN_CONSERVATIVE,temperature sensor DENIED_OR_UNAVAILABLE; using CPU/memory proxy; memory elevated 85.8%,1,1,0,43.0,85.8,,AC_CHARGING
2026-05-07T16:50:14-04:00,peak_rex_online,single_browser_task,50,RUN,temperature sensor DENIED_OR_UNAVAILABLE; using CPU/memory proxy,1,1,0,39.0,81.8,,AC_CHARGING
2026-05-07T16:55:03-04:00,peak_rex_online,single_browser_task,50,RUN_CONSERVATIVE,temperature sensor DENIED_OR_UNAVAILABLE; using CPU/memory proxy; cpu high 100.0%; memory elevated 87.4%,1,1,0,100.0,87.4,,AC_CHARGING
2026-05-07T16:58:05-04:00,peak_rex_online,single_browser_task,50,RUN_CONSERVATIVE,temperature sensor DENIED_OR_UNAVAILABLE; using CPU/memory proxy; memory elevated 87.1%,1,1,0,25.0,87.1,,AC_CHARGING
2026-05-07T17:02:03-04:00,peak_rex_online,single_browser_task,50,RUN_CONSERVATIVE,temperature sensor DENIED_OR_UNAVAILABLE; using CPU/memory proxy; memory elevated 89.4%,1,1,0,46.0,89.4,,AC_CHARGING
2026-05-07T17:04:02-04:00,peak_rex_online,single_browser_task,50,RUN_CONSERVATIVE,temperature sensor DENIED_OR_UNAVAILABLE; using CPU/memory proxy; memory elevated 90.5%,1,1,0,41.0,90.5,,AC_CHARGING
2026-05-07T17:05:21-04:00,peak_rex_online,single_browser_task,50,RUN_CONSERVATIVE,temperature sensor DENIED_OR_UNAVAILABLE; using CPU/memory proxy; memory elevated 85.8%,1,1,0,33.0,85.8,,AC_CHARGING
2026-05-07T17:10:40-04:00,peak_rex_online,single_browser_task,50,RUN_CONSERVATIVE,temperature sensor DENIED_OR_UNAVAILABLE; using CPU/memory proxy; cpu elevated 83.0%,1,1,0,83.0,91.1,,AC_CHARGING
2026-05-07T17:11:53-04:00,peak_rex_online,single_browser_task,50,RUN_CONSERVATIVE,temperature sensor DENIED_OR_UNAVAILABLE; using CPU/memory proxy; memory elevated 82.5%,1,1,0,24.0,82.5,,AC_CHARGING
2026-05-07T17:18:35-04:00,peak_rex_online,single_browser_task,50,RUN_CONSERVATIVE,temperature sensor DENIED_OR_UNAVAILABLE; using CPU/memory proxy; memory elevated 87.8%,1,1,0,37.0,87.8,,AC_CHARGING
2026-05-07T17:23:24-04:00,peak_rex_online,single_browser_task,50,RUN_CONSERVATIVE,temperature sensor DENIED_OR_UNAVAILABLE; using CPU/memory proxy; memory elevated 86.5%,1,1,0,69.0,86.5,,AC_CHARGING
2026-05-07T17:28:14-04:00,peak_rex_online,single_browser_task,50,RUN_CONSERVATIVE,temperature sensor DENIED_OR_UNAVAILABLE; using CPU/memory proxy; memory elevated 85.3%,1,1,0,60.0,85.3,,AC_CHARGING
2026-05-07T17:34:37-04:00,peak_rex_online,single_browser_task,50,RUN_CONSERVATIVE,temperature sensor DENIED_OR_UNAVAILABLE; using CPU/memory proxy; memory elevated 90.6%,1,1,0,36.0,90.6,,AC_CHARGING
2026-05-07T17:35:16-04:00,peak_rex_online,single_browser_task,50,RUN_CONSERVATIVE,temperature sensor DENIED_OR_UNAVAILABLE; using CPU/memory proxy; memory elevated 91.7%,1,1,0,21.0,91.7,,AC_CHARGING
2026-05-07T17:35:46-04:00,peak_rex_online,single_browser_task,50,RUN_CONSERVATIVE,temperature sensor DENIED_OR_UNAVAILABLE; using CPU/memory proxy; memory elevated 82.3%,1,1,0,47.0,82.3,,AC_CHARGING
2026-05-07T17:40:15-04:00,peak_rex_online,single_browser_task,50,RUN_CONSERVATIVE,temperature sensor DENIED_OR_UNAVAILABLE; using CPU/memory proxy; memory elevated 86.0%,1,1,0,28.0,86.0,,AC_CHARGING
2026-05-07T17:50:39-04:00,peak_rex_online,single_browser_task,50,RUN_CONSERVATIVE,temperature sensor DENIED_OR_UNAVAILABLE; using CPU/memory proxy; memory elevated 84.9%,1,1,0,14.0,84.9,,AC_CHARGING
2026-05-07T18:07:47-04:00,peak_rex_online,single_browser_task,50,RUN,temperature sensor DENIED_OR_UNAVAILABLE; using CPU/memory proxy,1,1,0,40.0,78.3,,AC_CHARGING
"2026-05-07T18:08:29-04:00","peak_rex_online","single_browser_task","50","RUN_CONSERVATIVE","temperature sensor DENIED_OR_UNAVAILABLE; using CPU/memory proxy; memory elevated 84.7%; Python/npm entrypoints blocked","1","1","0","42.8","84.7",,"UNKNOWN_CIM_DENIED"
2026-05-07T18:09:27-04:00,peak_rex_online,single_browser_task,50,RUN,temperature sensor DENIED_OR_UNAVAILABLE; using CPU/memory proxy,1,1,0,30.0,77.0,,AC_CHARGING
2026-05-07T18:10:14-04:00,peak_rex_online,single_browser_task,50,RUN,temperature sensor DENIED_OR_UNAVAILABLE; using CPU/memory proxy,1,1,0,33.0,81.0,,AC_CHARGING
2026-05-07T18:18:15-04:00,peak_rex_online,single_browser_task,50,RUN,temperature sensor DENIED_OR_UNAVAILABLE; using CPU/memory proxy,1,1,0,12.0,80.3,,AC_CHARGING
2026-05-07T18:37:08-04:00,peak_rex_online,single_browser_task,50,RUN_CONSERVATIVE,temperature sensor DENIED_OR_UNAVAILABLE; using CPU/memory proxy; memory elevated 88.0%,1,1,0,38.0,88.0,,AC_CHARGING
2026-05-07T18:40:18-04:00,peak_rex_online,single_browser_task,50,RUN_CONSERVATIVE,temperature sensor DENIED_OR_UNAVAILABLE; using CPU/memory proxy; memory elevated 86.2%,1,1,0,22.0,86.2,,AC_CHARGING
2026-05-07T18:45:48-04:00,peak_rex_online,single_browser_task,50,RUN_CONSERVATIVE,temperature sensor DENIED_OR_UNAVAILABLE; using CPU/memory proxy; memory elevated 82.3%,1,1,0,15.0,82.3,,AC_CHARGING
2026-05-07T19:11:29-04:00,peak_rex_online,single_browser_task,50,RUN_CONSERVATIVE,temperature sensor DENIED_OR_UNAVAILABLE; using CPU/memory proxy; memory elevated 82.6%,1,1,0,48.0,82.6,,AC_CHARGING
2026-05-07T19:41:09-04:00,peak_rex_online,single_browser_task,50,RUN,temperature sensor DENIED_OR_UNAVAILABLE; using CPU/memory proxy,1,1,0,32.0,78.2,,AC_CHARGING
2026-05-07T20:00:02-04:00,peak_rex_online,single_browser_task,50,RUN_CONSERVATIVE,temperature sensor DENIED_OR_UNAVAILABLE; using CPU/memory proxy; memory elevated 88.8%,1,1,0,40.0,88.8,,AC_CHARGING
2026-05-07T20:10:44-04:00,peak_rex_online,single_browser_task,50,RUN,temperature sensor DENIED_OR_UNAVAILABLE; using CPU/memory proxy,1,1,0,8.0,77.5,,AC_CHARGING
2026-05-07T20:19:03-04:00,peak_rex_online,single_browser_task,50,RUN,temperature sensor DENIED_OR_UNAVAILABLE; using CPU/memory proxy; cpu high 91.0%; memory high 92.2%,1,1,0,91.0,92.2,,AC_CHARGING
2026-05-07T20:40:38-04:00,peak_rex_online,single_browser_task,50,RUN,temperature sensor DENIED_OR_UNAVAILABLE; using CPU/memory proxy,1,1,0,23.0,71.4,,AC_CHARGING
2026-05-07T20:53:25-04:00,peak_rex_online,single_browser_task,50,RUN_CONSERVATIVE,temperature sensor DENIED_OR_UNAVAILABLE; using CPU/memory proxy; memory elevated 82.7%,1,1,0,12.0,82.7,,AC_CHARGING
2026-05-07T21:10:50-04:00,peak_rex_online,single_browser_task,50,RUN_CONSERVATIVE,temperature sensor DENIED_OR_UNAVAILABLE; using CPU/memory proxy; memory elevated 82.4%,1,1,0,47.0,82.4,,AC_CHARGING
2026-05-07T21:25:00-04:00,peak_rex_online,single_browser_task,50,RUN,temperature sensor DENIED_OR_UNAVAILABLE; using CPU/memory proxy,1,1,0,34.0,77.4,,AC_CHARGING
2026-05-07T21:33:24-04:00,peak_rex_online,single_browser_task,50,RUN_CONSERVATIVE,temperature sensor DENIED_OR_UNAVAILABLE; using CPU/memory proxy; memory elevated 85.7%,1,1,0,34.0,85.7,,AC_CHARGING
2026-05-07T21:34:37-04:00,peak_rex_online,single_browser_task,50,RUN_CONSERVATIVE,temperature sensor DENIED_OR_UNAVAILABLE; using CPU/memory proxy; cpu high 99.0%; memory elevated 86.0%,1,1,0,99.0,86.0,,AC_CHARGING
2026-05-07T21:41:11-04:00,peak_rex_online,single_browser_task,50,RUN,temperature sensor DENIED_OR_UNAVAILABLE; using CPU/memory proxy,1,1,0,31.0,76.0,,AC_CHARGING
2026-05-07T21:41:22-04:00,peak_rex_online,single_browser_task,50,RUN,temperature sensor DENIED_OR_UNAVAILABLE; using CPU/memory proxy,1,1,0,27.0,76.9,,AC_CHARGING
2026-05-07T22:12:16-04:00,peak_rex_online,single_browser_task,50,RUN_CONSERVATIVE,temperature sensor DENIED_OR_UNAVAILABLE; using CPU/memory proxy; cpu high 100.0%; memory elevated 87.3%,1,1,0,100.0,87.3,,AC_CHARGING
"2026-05-07T22:12:46-04:00","peak_rex_online","auto","50","PAUSE_COOLDOWN","temperature DENIED_OR_UNAVAILABLE; cpu elevated 79.8%; memory elevated 86.4%; Python/npm entrypoints blocked by Access denied; closed safe idle Edge CDP 9223 tabs; Grunt skipped during warm/unstable resource state","0","0","20","79.8","86.4",,"UNKNOWN_CIM_DENIED"
2026-05-07T22:21:54-04:00,peak_rex_online,single_browser_task,50,RUN_CONSERVATIVE,temperature sensor DENIED_OR_UNAVAILABLE; using CPU/memory proxy; memory elevated 87.7%,1,1,0,68.0,87.7,,AC_CHARGING
2026-05-07T22:23:23-04:00,peak_rex_online,single_browser_task,50,RUN_CONSERVATIVE,temperature sensor DENIED_OR_UNAVAILABLE; using CPU/memory proxy; memory elevated 83.9%,1,1,0,71.0,83.9,,AC_CHARGING
2026-05-07T22:41:07-04:00,peak_rex_online,single_browser_task,50,RUN_CONSERVATIVE,temperature sensor DENIED_OR_UNAVAILABLE; using CPU/memory proxy; memory elevated 82.8%,1,1,0,39.0,82.8,,AC_CHARGING
